游戏名称/编号,密码,下载地址1,下载地址2
上古卷轴5：天际周年纪念版,946811,https://pan.baidu.com/s/12vGHIrminuG44-61YcmcJg,https://cloud.189.cn/t/IFBJjuQvQNVz
幻想生活ｉ转圈圈的龙和偷取时间的少女,778507,https://pan.baidu.com/s/1KYpe6kkDrkR_2SF5bUfH6g,https://cloud.189.cn/t/FFZZfuyMZrqa
魔法门之英雄无敌 上古纪元,915884,https://pan.baidu.com/s/14Wj6YzwnsZo-SyM9iItHWg,https://cloud.189.cn/t/NfEbe2uuINRz
威赫战线,490302,https://pan.baidu.com/s/1l-s2Hed9RJ4o9G6-tkW6jA,https://cloud.189.cn/t/zquQJbJFNvqq
圣战群英传 统治,465256,https://pan.baidu.com/s/1sqe8biSCmHTGZ34LqXzd4g,https://cloud.189.cn/t/UFj2IzbArMNz
炎姬,867166,https://pan.baidu.com/s/1HDDTOwSNHeB7Zp0QtQYs4A,https://cloud.189.cn/t/fEVBvqmQV7jy
静谧田园,"=""013119""",https://pan.baidu.com/s/1WewOwBQXJTL8y8Nqq9XRdw,https://cloud.189.cn/t/Z7BzymqY7vMn
一起开火车2：汽笛重鸣,"=""065823""",https://pan.baidu.com/s/1o4WDVfLelAKi5tupBiF8zw,https://cloud.189.cn/t/iiem2mqMbQfe
云之国 Online,248613,https://pan.baidu.com/s/1ARs61itmpeR5BoN9ySSBiA,https://cloud.189.cn/t/JzIvAjbAzEfe
横跨方尖碑,431598,https://pan.baidu.com/s/1vo3tHobwiJwbXxsAENr1Uw,https://cloud.189.cn/t/F7biUfyQrqii
莎莉的脸,"=""012798""",https://pan.baidu.com/s/1q5l_890Z9cIc7t0lgyPOcw,https://cloud.189.cn/t/Inmm2iUni67r
铁尾传奇2 凛冬之战,416109,https://pan.baidu.com/s/1iEq1nXwC_KUvbxg5nssSyg,https://cloud.189.cn/t/rummYzj22aAb
终落之城,165121,https://pan.baidu.com/s/1UwJCuLU-ILMQZphcgkQPNQ,https://cloud.189.cn/t/26zae2eyAz2a
恐慌核心,408287,https://pan.baidu.com/s/1SDNamLUwNFEeZRdYLZhxsQ,https://cloud.189.cn/t/BjyqQzRzyyyq
Z3027,900476,https://pan.baidu.com/s/1ai9UmBHDAavrFpCRWW-_dw,https://cloud.189.cn/t/VNRV7ri2yEJz
末日准备狂,967604,https://pan.baidu.com/s/1fu595RYiZPE9IfqKDSlyNg,https://cloud.189.cn/t/Eny22me2eAZf
潜行者2 切尔诺贝利之心,830954,https://pan.baidu.com/s/1O-U8Q-1TYfJYR4lP-JpiLw,https://cloud.189.cn/t/73eAvuNVJbQr
群星 Online,"=""031410""",https://pan.baidu.com/s/18V5ZHvurbuJnMYqhv-EsyQ,https://cloud.189.cn/t/R7z6N3bmyUna
无人深空 Online,"=""022044""",https://pan.baidu.com/s/1MGDhPWXp9_qHKIYeW-KTSg,https://cloud.189.cn/t/QbqeEfzUfAve
勒芒终极赛,771874,https://pan.baidu.com/s/1H2m1giWWQAj8huW2ppK9xg,https://cloud.189.cn/t/AfERRrAZjAFn
铁拳8,792285,https://pan.baidu.com/s/1-KCpvf3FqcIbW_p1Ydzf0g,https://cloud.189.cn/t/yiUBzyfEryUf
巅峰,205777,https://pan.baidu.com/s/1_GLzHleZcx1ixAzf-qh63Q,https://cloud.189.cn/t/Jj6RVzUvyaue
流放者柯南,406113,https://pan.baidu.com/s/1Wku7-sVm-FqEsM5CWWfeuQ,https://cloud.189.cn/t/R3Ejia6nmeaa
恐怖黎明,545115,https://pan.baidu.com/s/1CTqgJc6gNkQ40oPY_ih7oA,https://cloud.189.cn/t/267RjyArQnqu
泰坦之旅2,"=""084095""",https://pan.baidu.com/s/1sivKqA3IShoBhVLRSI0zPQ,https://cloud.189.cn/t/VrAfE36zAfyq
苍翼 混沌效应,800175,https://pan.baidu.com/s/1i1BjeqQypDEMwi9-4T9snA,https://cloud.189.cn/t/2ae67nYvQjuq
禁闭求生2,545932,https://pan.baidu.com/s/1sxsgzW0CJs5z8YSyWZYwUA,https://cloud.189.cn/t/yYZf6zvaYVny
维修物语,203255,https://pan.baidu.com/s/1ntn90L9VDPBpZhk4YVegQQ,https://cloud.189.cn/t/nUv2queYneMn
萨妮羊研究室,611397,https://pan.baidu.com/s/1lBE495KJmxB9UsKqu4qIXw,https://cloud.189.cn/t/Q7jMN3qMrMRv
警区,289789,https://pan.baidu.com/s/1yy28CiU5kqpzpbZ2pM6dUA,https://cloud.189.cn/t/Y7riYbJjAFni
林中小女巫,681130,https://pan.baidu.com/s/1sOXrEiVm1vYfFdghR2wDjg,https://cloud.189.cn/t/6beq6j7bqYjq
命运石之门重启,800374,https://pan.baidu.com/s/1MNySgNO5sUb0TKQ1kjj7_A,https://cloud.189.cn/t/VfQfEjYZNBJz
挪威 血誓,"=""098761""",https://pan.baidu.com/s/1HCe-ASNmRMfjpWnaa5XH-w,https://cloud.189.cn/t/rIVfi2IZvmya
凶影疑云,"=""006962""",https://pan.baidu.com/s/1J2ZLzMYFofxviw5HgN4cVw,https://cloud.189.cn/t/ERzuAvfueAri
月光岭物语,126768,https://pan.baidu.com/s/1lkFG3mlvuFmHMkClMUuuYQ,https://cloud.189.cn/t/VfieEnRvUjAz
电车炫客,655626,https://pan.baidu.com/s/17xtUVxFPSjTGq0Nol-tQcw,https://cloud.189.cn/t/rea2eujaMrMr
古墓丽影1.2.3重制版,342956,https://pan.baidu.com/s/1D6dqB0AQ5mKtWsSFBvjUWg,https://cloud.189.cn/t/MnEVBvmARr2e
世界摩托大奖赛26 Online,821012,https://pan.baidu.com/s/1_3XDDW7Hgeafo9ZDmw4OgQ,https://cloud.189.cn/t/JBzIzqBZ7Vna
寻日之旅,974445,https://pan.baidu.com/s/1wz7FpwCjpFx-duMpY449bg,https://cloud.189.cn/t/3myAvm77F7be
灾厄堡垒,633679,https://pan.baidu.com/s/1CIcFeWHl-tUJrCrnn7QC-g,https://cloud.189.cn/t/3YBZfuVZRFVj
全球救援,464687,https://pan.baidu.com/s/15iSgDnDTVtiJcq89v3RTmw,https://cloud.189.cn/t/NZ7Z7beaM3Y3
骰死地牢,"=""022304""",https://pan.baidu.com/s/1pS0HcxNT_raGmvLUry4OUQ,https://cloud.189.cn/t/iEFbaaYveQ3i
铁锤守卫英雄传2,237371,https://cloud.189.cn/t/ERva22MveUjq,https://cloud.189.cn/t/ERva22MveUjq
土丘克苏鲁恶兆 Online,302463,https://pan.baidu.com/s/1ZZOEnJTSv4JYG9ybnqzacg,https://cloud.189.cn/t/JbqiEnEJfaAj
午夜轮班,801689,https://pan.baidu.com/s/10KaoMyJIR6h0kOV1lUus9w,https://cloud.189.cn/t/f6nqAbrEvYZr
海员人生 行船模拟,718085,https://pan.baidu.com/s/1SVvpyBkBH6erGPiNvmV78g,https://cloud.189.cn/t/Nvq2eyfYzQva
浣熊推币机,774326,https://pan.baidu.com/s/1uBXzz9kb6lrKZOwXiM9G-A,https://cloud.189.cn/t/ZJnYZrFfYvyi
深入后室 Online,731643,https://pan.baidu.com/s/1SbuMY2XbpOQa3OT3ObeGqw,https://cloud.189.cn/t/aayiUfAnIR3u
Sledders,"=""050208""",https://pan.baidu.com/s/1s0h4w6v60PtA-ZfeNicGqw,https://cloud.189.cn/t/MZrmQnjUj2yy
消防模拟器,568591,https://pan.baidu.com/s/1ZL3ArkJhRZTW_mhx0gWZDA,https://cloud.189.cn/t/RBviuuauQZFv
王牌空军基地,861950,https://pan.baidu.com/s/1lUDAxv7sdIAT_DVKSeOiag,https://cloud.189.cn/t/eyyENbaqyaEn
元素之力 重铸,101563,https://pan.baidu.com/s/1Ntvx_dY-YsePBuAaOon4xw,https://cloud.189.cn/t/6Rjqiazmqume
数字魅影: 极限竞赛,405727,https://pan.baidu.com/s/1jlb3sN3ADcPae83D8wqwNA,https://cloud.189.cn/t/EBFFVb7ZfURb
Z5021,710111,https://pan.baidu.com/s/1I56HlvwXONqMk_Tmpm_ZgA,https://cloud.189.cn/t/mqMJBzBFBjm2
泰拉瑞亚,341713,https://pan.baidu.com/s/1wNLsPjyb9ldkdjnMO88KFQ,https://cloud.189.cn/t/iAnQNv2qyMv2
毁灭战士：永恒,629207,https://pan.baidu.com/s/1Fy3UKxaR09h7wr4XxEWB1Q,https://cloud.189.cn/t/m2qAFneUnimy
消逝的光芒2重装上阵版,"=""066585""",https://pan.baidu.com/s/1kxofTITsHD0i2t5IIOm32A,https://cloud.189.cn/t/Qn6VzyQzM7fm
深海迷航2 异星水域,137922,https://pan.baidu.com/s/1ur23Gt_jOmB2ve-sQ6HhkQ,https://cloud.189.cn/t/qYfaumfEZbIz
维多利亚3,859586,https://pan.baidu.com/s/1lxlFXgpLC2kyvOTsgk_1mQ,https://cloud.189.cn/t/bu2aAzqQZjqu
药国 Online,"=""096080""",https://pan.baidu.com/s/1TUu_jX2EcMVR_evLSeKBEw,https://cloud.189.cn/t/n2U7RnzaABJj
巅峰 Online,865129,https://pan.baidu.com/s/1CcUEJ1c0LzPVp6T2gFQgkQ,https://cloud.189.cn/t/bui2aaQFFnye
庄园领主,336055,https://pan.baidu.com/s/1NXzTmGAAPGFLACnVTwktBQ,https://cloud.189.cn/t/UJVVvafYVfEb
超市模拟器 Online,315780,https://pan.baidu.com/s/1mPdMGkEN63q_j6GfZyaSIw,https://cloud.189.cn/t/jEjyy2bEr6bq
消防模拟 火苗燃动,302771,https://pan.baidu.com/s/1bgwgOtCOWWzqZAY08R4d3g,https://cloud.189.cn/t/nMbaU37fAvA3
宇宙沙盘,"=""087870""",https://pan.baidu.com/s/14L8iz5EsQL5j4B_nzJpPbQ,https://cloud.189.cn/t/uUnMJjmeiArq
火影忍者 终极风暴羁绊,737048,https://pan.baidu.com/s/1c-7YCsEuyN-rBkR6r1lC8g,https://cloud.189.cn/t/RNN3uumUruye
龙之剑:觉醒,361986,https://pan.baidu.com/s/1qXSuiX-17I14Ds4P6sOC6Q,https://cloud.189.cn/t/vIJrYbfyaYRf
超级鸡马 Online,739411,https://pan.baidu.com/s/1aY-KLS4vMmgo1D7BGn9R2Q,https://cloud.189.cn/t/MnMVVfzuMZZz
极速骑行6,624896,https://pan.baidu.com/s/1PuwrD8OgB9UyAxIfEWz7sw,https://cloud.189.cn/t/ZbIruimaaIFf
多洛可小镇,485960,https://pan.baidu.com/s/1L7TOl-8MXzG-TqYK5qvNmg,https://cloud.189.cn/t/B3AFBvQreyYf
人工智能的选择,"=""069667""",https://pan.baidu.com/s/1ig5btU7xZfrAU9U2S0Gd1g,https://cloud.189.cn/t/2An6zeF3YNnu
一起玩农场2,250338,https://pan.baidu.com/s/1XfomDG96q8wRq9yqvqwzGA,https://cloud.189.cn/t/zA3iYrAFRfeu
深渊之潮,278695,https://pan.baidu.com/s/1T6BlwO_ApnPdG5duU4h_SA,https://cloud.189.cn/t/v6RJJreQFRbm
扭曲之塔,335119,https://pan.baidu.com/s/1m9lPsJe6j6oc41nJ8cdM_g,https://cloud.189.cn/t/NjY7BnJFRfM3
深海远航,692289,https://pan.baidu.com/s/1q8Zyclb1hs3x8DU8_DYm6Q,https://cloud.189.cn/t/YfEri2NfQbQr
宇宙牌加油站,786740,https://pan.baidu.com/s/1Wy0VpznSzmhRJMYDICNhTQ,https://cloud.189.cn/t/ERnErmvMbYzy
FUMES,400606,https://pan.baidu.com/s/1Kh6RyToeT0SekVDWrcbHhw,https://cloud.189.cn/t/Fn67jyq2uI7b
汽车竞速计划,"=""095904""",https://pan.baidu.com/s/18Kte9FBKCx6byv0z7As-nw,https://cloud.189.cn/t/aiQbyyJnmYfq
又一个僵尸幸存者,"=""001735""",https://pan.baidu.com/s/1BxPhqdg6Ao5W2QYF67oGhQ,https://cloud.189.cn/t/UVVRZzbam6Zv
桥梁建造师3,911159,https://pan.baidu.com/s/1NNxHny-ESJvqSJPkP37XFQ,https://cloud.189.cn/t/vUbiyiiM7RFf
Z3002,230921,https://pan.baidu.com/s/13kzqyT1JhE7-oQ9UWb7aJA,https://cloud.189.cn/t/rIbEbuARBzU3
星际勇士,555675,https://pan.baidu.com/s/120xtMnK7e7JsezDvIhM6FQ,https://cloud.189.cn/t/bYJFVrYZVvMj
奶茶店模拟器 重生之我在冰堡甜城当店长,"=""034089""",https://pan.baidu.com/s/1-4TkOcrSGrD3ASk9CwPfzA,https://cloud.189.cn/t/2M3AbqmeaE3i
N3011,910912,https://pan.baidu.com/s/1u3bAEaPEdQSYoT3iaLEkTA,https://cloud.189.cn/t/RbQrEfrIrqie
Y5055,"=""036341""",https://pan.baidu.com/s/1hcCXLDdc8MQ_XsECK3HOlQ,https://cloud.189.cn/t/zIFnae3Ynqii
H5009,699999,https://pan.baidu.com/s/16tFddWQZb4vJ0Sc1c9zbvg,https://cloud.189.cn/t/32aeamURJb2a
棉花小魔女幻想乡,258669,https://pan.baidu.com/s/1liSdL3djE6YfmecbwBzCew,https://cloud.189.cn/t/Iz6bEfUj2E3e
勇敢之地的骑士,631106,https://pan.baidu.com/s/1tDQ7m16-zQgQIQeOLFEhyg,https://cloud.189.cn/t/maUR3e2QVZNj
边缘世界,928586,https://pan.baidu.com/s/1Sib9gfIdK0stbx6rwprqQg,https://cloud.189.cn/t/RjmqyizYNNBv
辐射4,"=""080860""",https://pan.baidu.com/s/1fFXxtSrwFtID9edwrjEw0Q,https://cloud.189.cn/t/2IRzEzbquQbq
仁王3,957246,https://pan.baidu.com/s/1yFE22IdZ6NcaTxw7Vds-Og,https://cloud.189.cn/t/7rmIJrrUVNbi
拆迁,217791,https://pan.baidu.com/s/14r1Kx-WKq3ro2U1QxLcsrw,https://cloud.189.cn/t/YbQzmuzimEBr
零 ～红蝶～ REMAKE,388408,https://pan.baidu.com/s/13OooNJD11BPY4lZqbCLsdQ,https://cloud.189.cn/t/fqi2uq3mIryu
预先号令,"=""014602""",https://pan.baidu.com/s/1MtL_f-zGNqONepFtXi_T5w,https://cloud.189.cn/t/Yv6J7n77VZJb
暗黑地牢,196428,https://pan.baidu.com/s/1PcY4uHkJTW-47evL0P4Myg,https://cloud.189.cn/t/UBjEfeVNziI3
多重人生,830402,https://pan.baidu.com/s/1dSDldSPIyxoGxVsvHuBnHA,https://cloud.189.cn/t/auU773nuyyUn
无敌少侠VS,296236,https://pan.baidu.com/s/1pmHexbeiNp4Eu_RsVhRVDA,https://cloud.189.cn/t/UfaUriAF3aYf
A5010,912555,https://pan.baidu.com/s/1qY_Ra8kJu3HPDHLMv4D0rQ,https://cloud.189.cn/t/aeiyQbFjqeAv
凡人之罪,358339,https://pan.baidu.com/s/1lZgN6FcKk-mqOYSea-Bkfw,https://cloud.189.cn/t/EzYjIrbuUbai
酒馆带老板,213494,https://pan.baidu.com/s/15dwcGloyTxCeUS1AKzvUVA,https://cloud.189.cn/t/6raaq2bUjYRv
太空工程师2,810769,https://pan.baidu.com/s/1CnodeoKkK4SieSpM1Jx-LQ,https://cloud.189.cn/t/QziIvmuy222y
失落城堡2,553660,https://pan.baidu.com/s/1USMlltaIy1jhoWuy2bPD4w,https://cloud.189.cn/t/nMBf6f3YzEBz
失物招领有限公司,905658,https://pan.baidu.com/s/1BHMuvKqbraxUnCxiM-BUeg,https://cloud.189.cn/t/2MfiEzFzqaam
纵横秘湾,444469,https://pan.baidu.com/s/1YVdRYP1IbHu_yDNx6YNkrA,https://cloud.189.cn/t/MbM3uueuEzei
海洋之剑,119035,https://pan.baidu.com/s/1sEgca4lC8srm0Kt68Sxwfw,https://cloud.189.cn/t/Jj2ARv2yaQvi
忍者神龟 破碎命运,458834,https://pan.baidu.com/s/1azmYUaE1CVfcN6DpMko23Q,https://cloud.189.cn/t/NjqiEnQBz2Ij
一回杀,198709,https://pan.baidu.com/s/1cugm4c_o_RADKFLDw1Oc7Q,https://cloud.189.cn/t/iMNzmqUfYJbi
布拉斯·库巴斯的死后委托,667940,https://pan.baidu.com/s/12HhO1fHGveLumMzRXRcjvg,https://cloud.189.cn/t/Nf6fMj6jM7fe
太阳基因,939851,https://pan.baidu.com/s/1L54hVzZXSCZrZMyY0gSXGA,https://cloud.189.cn/t/6vURfa6ZJrYf
现代坦克模拟,608914,https://pan.baidu.com/s/1ZaJksOLUKUtGWH3mtv_hkA,https://cloud.189.cn/t/jAZFBz2U3Ebe
超级宇宙巡航机,793615,https://pan.baidu.com/s/1smPprnSlY-4Qn3FtgMwPqg,https://cloud.189.cn/t/7VJ7neIvAjmi
英雄传说 空之轨迹1st,"=""059791""",https://pan.baidu.com/s/1gyN7Im3ASP_4cY-tvibBog,https://cloud.189.cn/t/yU3eQvvyu2iu
光环 战役进化,671153,https://pan.baidu.com/s/1PCts7yrqsFNHmD71J8fM0A,https://cloud.189.cn/t/26NvE33ueuu2
武装突袭3,729406,https://pan.baidu.com/s/1cdmdH8rEXEWzTWwfdHcqyQ,https://cloud.189.cn/t/me636fVNFzum
药国,680599,https://pan.baidu.com/s/1JInaT_NHMB45mc5Z5OResQ,https://cloud.189.cn/t/IBNNRzRZFNbm
饿狼传说 群狼之城,209367,https://pan.baidu.com/s/1glJZQCPFKlVtizOFWu9HoQ,https://cloud.189.cn/t/euA7fmeEjYRr
米斯特里亚牧场,744926,https://pan.baidu.com/s/1gs_XAOOyJNJGZV7CqbBLGQ,https://cloud.189.cn/t/A3EZZnviQRZv
杀戮尖塔2,502815,https://pan.baidu.com/s/1hib-nUuHl8KeEO-uYWoZcw,https://cloud.189.cn/t/qIjiMzYry6be
翼星求生,467894,https://pan.baidu.com/s/1qTbCLVvbkkX1XakFN0VnCA,https://cloud.189.cn/t/6Z7JBjJNJv63
超级变色龙,170688,https://pan.baidu.com/s/1SZb_SXStwGmbZhYS2mulXA,https://cloud.189.cn/t/R7jeaqZF7ZJn
致命躯壳 II,187884,https://pan.baidu.com/s/1fhJMtet9B5jj4xJ8gcdRhg,https://cloud.189.cn/t/Vbymuii6BbYr
太空引擎,558123,https://pan.baidu.com/s/1J1zDmWJB1VboOpp9sT9EzQ,https://cloud.189.cn/t/iaIFFjuIrmUb
锚定港湾,927193,https://pan.baidu.com/s/1AKbhINeZha1Lc_ZIrnav-A,https://cloud.189.cn/t/Rj2iyq73ei2i
赛菲莉娅,900712,https://pan.baidu.com/s/18aLrTNAaBjYVw2ch8P5Hvw,https://cloud.189.cn/t/6JNVZnuEZnMb
星砂岛,469753,https://pan.baidu.com/s/1-uiqM7b_wwfypGMqD-vmAg,https://cloud.189.cn/t/QJjAraaYBfqm
战锤40K：格雷迪厄斯 遗迹之战,155510,https://pan.baidu.com/s/1q2vyaemurjms-fDSMUjIFQ,https://cloud.189.cn/t/nUN7jmJnQryi
罗马之城,"=""026622""",https://pan.baidu.com/s/1N805Ly4F-gUc_t0w282PlQ,https://cloud.189.cn/t/FZrMrmMVBfma
永恒天空,821286,https://pan.baidu.com/s/1KNrbHZ9k05Q4Yg-Hxyd_Dw,https://cloud.189.cn/t/BFRf2imiquMn
暗星铁律,368245,https://pan.baidu.com/s/1WGTiEK4WlHVyc0MHFPSoNQ,https://cloud.189.cn/t/zqEzaybuAZvi
一起开火车,700359,https://pan.baidu.com/s/1mPqHqwJY62QagdQMxRS2dA,https://cloud.189.cn/t/YJVrM3qaqUVr
紫色晶石,782701,https://pan.baidu.com/s/18ASjuwbBh0wF1mG3VKpmfA,https://cloud.189.cn/t/Zze2IvNRFV7j
月下之癫,145841,https://pan.baidu.com/s/1TY04_DCsbdYUrNQJFfJ91Q,https://cloud.189.cn/t/q2YNnieUra6b
游乐园建造师,830657,https://pan.baidu.com/s/1Skeo1AAQsL0tXG99Xjg9cA,https://cloud.189.cn/t/vMNruqYrMFjq
落日余晖,566480,https://pan.baidu.com/s/1UHI2_uDMP2pBbtIEqvh6cA,https://cloud.189.cn/t/aeARBjeu2iia
英雄之时,856426,https://pan.baidu.com/s/1JJTZk9IU4q8KdRJtxC5Y9A,https://cloud.189.cn/t/EbUVJ3FJzAZv
T3010,316179,https://pan.baidu.com/s/1wXfH5WeSIyWpHmyHSuCfWA,https://cloud.189.cn/t/3qIn2qRniQvu
W3015,961091,https://pan.baidu.com/s/1V-kZlTWaYtuCaUdgWHhfzQ,https://cloud.189.cn/t/YrmUve7fqMZf
铁巢重炮,215441,https://pan.baidu.com/s/1jE3rLLHwEhxaLIZQPksSfg,https://cloud.189.cn/t/zYVb6fmuQRVb
收获日2,725384,https://pan.baidu.com/s/1fmxdJY_gKFWTk6oxZAl1UA,https://cloud.189.cn/t/buE3m2qqmEBr
水上乐园模拟器,276836,https://pan.baidu.com/s/1o8izi2xC7HwSUskewJSxfg,https://cloud.189.cn/t/n6zIFjrIv2In
战锤40k 战争黎明,482554,https://pan.baidu.com/s/1AiDB77MD--wi4E3_T6jiGg,https://cloud.189.cn/t/URnIVzNN3IFj
账单必须支付,367387,https://pan.baidu.com/s/1cMZULeNfvZRZFTTIKe9QaQ,https://cloud.189.cn/t/yeMz2mqIJzYf
工业巨头,238691,https://pan.baidu.com/s/1WJMo4kB3Pn1fEEircAFwew,https://cloud.189.cn/t/73yA73ji2yam
汽车经销商模拟器,935107,https://pan.baidu.com/s/1ioY01CzQqQRhwqyadcJQQg,https://cloud.189.cn/t/YR3queeQ3auq
淘淘旧货铺,698747,https://pan.baidu.com/s/1z4f4HnsNqwRtWA1jGiAtZQ,https://cloud.189.cn/t/NnuUvyzINfay
纳比的数字工厂,754479,https://pan.baidu.com/s/1qDJGstvjfBgZOFv_z_2UFw,https://cloud.189.cn/t/Z3ueQv2YbqIr
机械荒庭,444382,https://pan.baidu.com/s/1Zmtq1OFeoK3I6Gqou0BRdw,https://cloud.189.cn/t/3iIFbuuuuYjq
命运转轮,577489,https://pan.baidu.com/s/15d8p38rh86pnaz-V2i67Vw,https://cloud.189.cn/t/IFbiAznIvQRb
Go Go 镇,677473,https://pan.baidu.com/s/1EpeLZHDCWu7zhTDjWekuJg,https://cloud.189.cn/t/6VvYryBbEjMv
太空站长,559789,https://pan.baidu.com/s/1vJTyXRDRh86Rhsu1kr-Syw,https://cloud.189.cn/t/7vaA3q7Fveea
向彩虹致敬,813007,https://pan.baidu.com/s/1SyUScDe7EPfAQmm2Vs5w5A,https://cloud.189.cn/t/JZNJb23U7F3a
钢铁之泪,"=""061641""",https://pan.baidu.com/s/1h9wOsI-HG1LVQPxXZ_pRJA,https://cloud.189.cn/t/fUjUJveQb2Ur
生存主义 隐形异变,316815,https://pan.baidu.com/s/1bTUpRcniOPiruAFcc1yN5g,https://cloud.189.cn/t/Y3Mnumyy2MRf
C5032,454498,https://pan.baidu.com/s/1dHAyoh5eRAg8lmP_GKNiVQ,https://cloud.189.cn/t/B3IBN3Nvai2i
银河文明4超新星,415695,https://pan.baidu.com/s/1kRIOr-qnDUIGUKf0z3QzjQ,https://cloud.189.cn/t/26rmEjNJj2Ev
农民的生活,280198,https://pan.baidu.com/s/1jicHIPiA0NNAEWanvbJ2TA,https://cloud.189.cn/t/nMNNFnJbmQ3a
Shotgun King：The Final Checkmate,724281,https://pan.baidu.com/s/1igFKG4NZmQPVyw_eL2z-YQ,https://cloud.189.cn/t/bQrmMvbAFBNz
西伯利亚铁路模拟器,722791,https://pan.baidu.com/s/1nq_Ct24yoS64kJJ4LU2hxg,https://cloud.189.cn/t/eMJZFvM7JFz2
英雄不在3,293445,https://pan.baidu.com/s/1w-WMY_mRNVP1LzvlHxgi6w,https://cloud.189.cn/t/RZBBj22uU7re
H5008,306046,https://pan.baidu.com/s/1TjvErEHBLW3hpH0SfP9U8w,https://cloud.189.cn/t/jeU7FfQ77r6z
MMORPG大亨2,161401,https://pan.baidu.com/s/1AF3ufcAX0HSQ4ijNRIs0cg,https://cloud.189.cn/t/ZraAfeQNJZJr
S5053,972262,https://pan.baidu.com/s/1pSmB7tuCNlf30Vm6Wgrisg,https://cloud.189.cn/t/AF3QjmuAf6Jj
W5030,364070,https://pan.baidu.com/s/1gQm8fm-UeybcHM0rUPkxQA,https://cloud.189.cn/t/MjURjmI7NNF3
L5046,632619,https://pan.baidu.com/s/1-sUmcM6xNq9BbgGSxXSr2Q,https://cloud.189.cn/t/MFRfIvzUr6Jr
V5001,886117,https://pan.baidu.com/s/1kRoKkNsDaDEy3tLIKIiqoA,https://cloud.189.cn/t/YB3Uje3Ezyia
盖瑞模组,641709,https://pan.baidu.com/s/1S5sSVZToJSiTi6ppGQMT-A,https://cloud.189.cn/t/rqIRVfRzeeq2
侠盗猎车手5增强版,980196,https://pan.baidu.com/s/1uoewQOETAIDrc8ipvRUdkg,https://cloud.189.cn/t/6VJJV3IB7rma
海狸浮生记,225140,https://pan.baidu.com/s/1rK_nkwMb4a_o5s1Y1EFMeA,https://cloud.189.cn/t/yMjINzQvemUn
幻兽帕鲁 Online,779622,https://pan.baidu.com/s/1uLDo0CIuKu2nJ1UBPHPn0g,https://cloud.189.cn/t/Q77NR3BrUBje
刺客信条：黑旗 记忆重置,608626,https://pan.baidu.com/s/1NQeY9Kk2oCma9AkMFlqwug,https://cloud.189.cn/t/RFR3E3beq6Vj
闪电十一人 英雄们的胜利之路 Online,881910,https://pan.baidu.com/s/1crpXJvR7ncO_wOwvn8dq7Q,https://cloud.189.cn/t/3mIvya3yuIju
茶杯头,627304,https://pan.baidu.com/s/1pd8T9x-vaFJDSq7-54zh0Q,https://cloud.189.cn/t/6ZNFre6VBf2q
武装突袭 重铸者,438247,https://pan.baidu.com/s/1WfNPJC-8ghOugyvnz-G1Gg,https://cloud.189.cn/t/ieIr6j32qaim
堕落之主,368038,https://pan.baidu.com/s/1YC5Xu994emSlKSBo_E8uQg,https://cloud.189.cn/t/UrMNrmaaYRr2
气球塔防6,178541,https://pan.baidu.com/s/10tie-okWa5ZUaSxvcE9T2Q,https://cloud.189.cn/t/RbMZFnUJrUNf
沉没之城,690670,https://pan.baidu.com/s/1LjmOnKp9CrywoMscOgVH2w,https://cloud.189.cn/t/um6n2yYB3Ary
超市模拟器,"=""066551""",https://pan.baidu.com/s/1DqWyzMqxFKe1yGFGpO0lEg,https://cloud.189.cn/t/AJnqEjJ7viMf
奠基,677122,https://pan.baidu.com/s/1ntns3YWITvqIKyydFiYMqw,https://cloud.189.cn/t/MV7jUfBBNVzm
轮回之兽,982408,https://pan.baidu.com/s/15gU8HnDHVseNTprlKZ_L_w,https://cloud.189.cn/t/RnUBBfYNZBJn
异常形态,427166,https://pan.baidu.com/s/1u1pU1JZOjOx-9xNe180cSw,https://cloud.189.cn/t/eqaMrin63Mfu
廉价汽车维修,994212,https://pan.baidu.com/s/1wnLn9wcRQiIoqexqqtnBVA,https://cloud.189.cn/t/yqyaMnIRNZFv
艾瑟斯,888657,https://pan.baidu.com/s/1EP-8buM9G-Y4RSXzTfkhLg,https://cloud.189.cn/t/zUVFfenyANjq
沉没之地,135579,https://pan.baidu.com/s/1P7Qdo4GTgkkPkv1hOtbSzg,https://cloud.189.cn/t/36nYVfzi6b2e
核选项,435112,https://pan.baidu.com/s/1WHvJE6nl11brooRW707UVQ,https://cloud.189.cn/t/INjMvaNf2eMr
午夜赤霞,282570,https://pan.baidu.com/s/1VQCZ7mS8TyDDFsI8A8_fqg,https://cloud.189.cn/t/m2mE7fzeENby
D3020,310005,https://pan.baidu.com/s/19e9ln_D_guSsJPWk2u6-ZQ,https://cloud.189.cn/t/2EvEja7n63Mj
都市纷争,636303,https://pan.baidu.com/s/1MGDhPWXp9_qHKIYeW-KTSg,https://cloud.189.cn/t/QbqeEfzUfAve
FEMBOY FUTA HOUSE,912002,https://pan.baidu.com/s/1pTAXGUxx4sBGMKn2F5EGkA,https://cloud.189.cn/t/q2meaiVrURrm
Y5054,273343,https://pan.baidu.com/s/1Gf2sLW4lKpkdjW1T9ptiaA,https://cloud.189.cn/t/beeQfirqMJFz
赛博朋克2077,"=""048477""",https://pan.baidu.com/s/1GQNqumQjdgFdeD3TIga3pw,https://cloud.189.cn/t/6vQFjiRbm6jq
饥荒联机版,225973,https://pan.baidu.com/s/1ATBOGGEvpa3qsQ5RRDKMjA,https://cloud.189.cn/t/RB7RniZzeER3
坎巴拉太空计划,688322,https://pan.baidu.com/s/1OBpaefbWYSZSs1qMCLZSKA,https://cloud.189.cn/t/6JVjEnEnUjAb
生灵重塑 Online,437462,https://pan.baidu.com/s/15jv2cgK_xFvaoe0xDS3TWg,https://cloud.189.cn/t/mqQzMnuARJni
前往中世纪,193099,https://pan.baidu.com/s/1KewBrQ3iGE0mzKG0HnMptg,https://cloud.189.cn/t/YbIbAzi6zqam
打工火柴人,197214,https://pan.baidu.com/s/1BvVIp017__ayCJv9aOlGbA,https://cloud.189.cn/t/EvqieyneY3ia
归零巡礼：亡谍镇魂曲,910684,https://pan.baidu.com/s/1JYM-sWNlf-qCZL0bBaXMWA,https://cloud.189.cn/t/AreUba63Uraq
火星第一物流,639138,https://pan.baidu.com/s/1c6Nxbi6mb4Tj1C74WI-a1Q,https://cloud.189.cn/t/jmaMfmAv2iAv
湖之仆从,293411,https://pan.baidu.com/s/1XDKhrCP7W5lNIXumEOzTlg,https://cloud.189.cn/t/zIzMNnYfEf2u
模拟铁路 铁路模拟器,998449,https://pan.baidu.com/s/1EU-j3Vg37_aGOClb6sFxmA,https://cloud.189.cn/t/7JRfammEfeuu
核处逢生,117488,https://pan.baidu.com/s/1X8h28xuf2I1CWJjlXlDNRQ,https://cloud.189.cn/t/EV3AJjeuQ7ne
D3014,430360,https://pan.baidu.com/s/1oaNAI42ZGWKP5VuxezZMFg,https://cloud.189.cn/t/uyYR3anm2M3u
灰烬之国,201174,https://pan.baidu.com/s/1sqbYwMLsLWM85IOBu3MVUg,https://cloud.189.cn/t/3IRrUbqUrAJf
空中帝国,306784,https://pan.baidu.com/s/1wbsjnFv98J6xM3A7my_0aQ,https://cloud.189.cn/t/myiAZfuYvm6j
土丘克苏鲁恶兆,391794,https://pan.baidu.com/s/1HT2Md_ByiHBieOhIV7zXtg,https://cloud.189.cn/t/63AviaaAbQvq
质量效应1 原版,917064,https://pan.baidu.com/s/1VZf8oultjm3KZcfEebSYdQ,https://cloud.189.cn/t/vqAfe2ENZfYf
神陨之地,147054,https://pan.baidu.com/s/19ACOQuCSkRe4yUAgXuRjnQ,https://cloud.189.cn/t/fuINruqmymM3
心之眼,771729,https://pan.baidu.com/s/1Htyt0HC5itAqMdMFEeS-yg,https://cloud.189.cn/t/qyyaymNvQNri
料理模拟器,"=""094564""",https://pan.baidu.com/s/1g-jWkVDbwxrUZdqZ-4pgvA,https://cloud.189.cn/t/fEzyaaVbuiQb
美少女梦工场 预言之子,851335,https://pan.baidu.com/s/1J0xUOYcST4m6xGnsCTnO5Q,https://cloud.189.cn/t/IVjMn2JZF3ii
X3018,437197,https://pan.baidu.com/s/1d_Nq5ZZb0gjiKidOYy376g,https://cloud.189.cn/t/rEnEnaqy6fQf
奥咕和秘密森林,675488,https://pan.baidu.com/s/1bAV_L3lgxZ5sOnPuk0EPRg,https://cloud.189.cn/t/URvUrye6jquy
坎巴拉太空计划2,858101,https://pan.baidu.com/s/19vPCEUeGrJjgNyX6gMGVUA,https://cloud.189.cn/t/vmAJvyf2a6zi
东方弹幕神乐 失落幻想,462527,https://pan.baidu.com/s/18l_71U6LwdXLjkq3LbU6Ew,https://cloud.189.cn/t/jQz6ZfQniUVr
石头记RPG,718828,https://pan.baidu.com/s/1javCoJao63STnCe6EjpU6A,https://cloud.189.cn/t/a6Jv2qeyI3ay
恐龙危机 时空封锁,392441,https://pan.baidu.com/s/1zyONmefGyxG26OWZruXEGg,https://cloud.189.cn/t/i2equyVnUJZb
模拟人生4,401135,https://pan.baidu.com/s/1ZnqfcB7rBp_OMEkqmgzEfg,https://cloud.189.cn/t/yUJVF3juiE3q
异形工厂2,103461,https://pan.baidu.com/s/12b7u5Fk_3OYc9nSkamvDuA,https://cloud.189.cn/t/VbuyMfNrURbm
Berry Bury Berry,"=""059756""",https://pan.baidu.com/s/1NZ7_2WDy5z9tIevxZC4mGA,https://cloud.189.cn/t/eYvaAzuiEZnm
禁闭求生2 Online,983050,https://pan.baidu.com/s/10S-2brbrYugMNTHWL4vC6w,https://cloud.189.cn/t/7rAz2yvQBzUz
零 希沃特,146314,https://pan.baidu.com/s/1vXY8Xu57T8N-_ijNXTAdYw,https://cloud.189.cn/t/N3UZvyfqU7Zb
太阳港,832321,https://pan.baidu.com/s/1YjuYq6ZHOCpa3jBm1M8TuQ,https://cloud.189.cn/t/Zj6BJfuUN7ba
露玛岛,"=""038385""",https://pan.baidu.com/s/1jBrnneCpbwQy_yITYx5hIQ,https://cloud.189.cn/t/Uf6NzaFBbAja
隐迹渐现,"=""088124""",https://pan.baidu.com/s/11DrLMi6OWhuYOkCR0KLClA,https://cloud.189.cn/t/F3yMryFbq6Zz
沙金工业,174759,https://pan.baidu.com/s/1V3hRztkx_pe2crEDPZlVXA,https://cloud.189.cn/t/EjqieiEj6VZn
少女与学院城,770165,https://pan.baidu.com/s/14HBS-Mfup0b-RUYGgDrxOQ,https://cloud.189.cn/t/jyquMfjAVje2
万物皆可蟹：动物进化 Roguelite,211859,https://pan.baidu.com/s/1lmssdWOghBfuCvDJer4MIA,https://cloud.189.cn/t/3aimuy2iAnEz
矿坑之下2,316049,https://pan.baidu.com/s/12zf166EOIUyOPUo4qBKBvQ,https://cloud.189.cn/t/uu6FbqyeUBva
D5035,"=""031755""",https://pan.baidu.com/s/19InA_DCXmTCXvmHfv8-dag,https://cloud.189.cn/t/fiqiMzvUjeMn
P5013,776536,https://pan.baidu.com/s/1kh47vytPW6nSrLwYsAGXtA,https://cloud.189.cn/t/6rINRrvM7Vbi
平行人生,378064,https://pan.baidu.com/s/15bpgUh1W-Plb9yoRYp_nMQ,https://cloud.189.cn/t/EZF7jyInYFju
异星探险家,386758,https://pan.baidu.com/s/131CwVaaiKEk6lWZC0zctJQ,https://cloud.189.cn/t/YJZZJzNBzUFv
城市公交模拟 虚拟机版,323792,https://pan.baidu.com/s/15Lg_pJ-dlAjBP-KnHDgAZA,https://cloud.189.cn/t/N7Nn2mnMvUNr
B3006,487637,https://pan.baidu.com/s/1Z1okD-3LKjNJO4qyd-aryQ,https://cloud.189.cn/t/6FZ7rmZVNrIn
食人鲨,216623,https://pan.baidu.com/s/1Mu55lLp1a_fU7vgILWagjg,https://cloud.189.cn/t/aiE7zuZZFfYv
受折磨的灵魂2,380476,https://pan.baidu.com/s/1vyoOUCxOijaZ-zKi9-KdbA,https://cloud.189.cn/t/EjU77rQvqAB3
浣币模拟器,919692,https://pan.baidu.com/s/1KGZaj7TljIpsLbFww_-nHg,https://cloud.189.cn/t/a2MBFrI73Ufq
奇唤士,698912,https://pan.baidu.com/s/13lTKfWZ2QmMFaN6EPyOo3g,https://cloud.189.cn/t/6nu63yfiiuUf
香缇小镇,139130,https://pan.baidu.com/s/1gYrpWFH9VtLPVlgKtG5kjg,https://cloud.189.cn/t/Uz6Nz2v2Qnee
哥布林女仆大扫除 Online,921039,https://pan.baidu.com/s/17tcgGiibYVCv_IYQhWLThw,https://cloud.189.cn/t/iM3eeqBbqqQr
南方公园 下雪天,824265,https://pan.baidu.com/s/1Dt2mBzOpjGDYKo-XMjIOog,https://cloud.189.cn/t/jyIZZz6zm263
M5019,447938,https://pan.baidu.com/s/1AL2t025oLc5M91dkTYTLng,https://cloud.189.cn/t/I7nAna3emQba
L5045,890444,https://pan.baidu.com/s/1PFXqqQhcwTHOdd_96vuQSw,https://cloud.189.cn/t/IzAfeuj2mUFv
红色沙漠,374368,https://pan.baidu.com/s/1EuyJg4f8moCgxn7uDZ2lsg,https://cloud.189.cn/t/RrABry2meIRb
极限竞速：地平线 6,723976,https://pan.baidu.com/s/1HHsnDNjWIEPKaBgcf5iFlg,https://cloud.189.cn/t/Mf6jEb6Jf2Yz
骑马与砍杀2霸主,693293,https://pan.baidu.com/s/1HczBoYtHoR-V5qM3bFqc-w,https://cloud.189.cn/t/mAFvUjbQRbeu
机器人角斗场,432247,https://pan.baidu.com/s/1ucWb_T9Z2zuZvIaRuCTPDA,https://cloud.189.cn/t/UFBNVbAzaY32
战国王朝,268948,https://pan.baidu.com/s/1zdt1EFKp8WiqEjTVzim0CQ,https://cloud.189.cn/t/B7ZNV3EvQFnq
星际卡车司机,444587,https://pan.baidu.com/s/1dBS9ajEEG3N8UAELbqnP6g,https://cloud.189.cn/t/6ziqQnEJbIBn
遵命 陛下 寒冬,925968,https://pan.baidu.com/s/1vxFgLGBK0dR2uqgQCnSBSQ,https://cloud.189.cn/t/7biyeivaiMfu
刺客信条：影 虚拟机版,782783,https://pan.baidu.com/s/1MawopzQWu3aoXkDp5gUfJQ,https://cloud.189.cn/t/JBFbiunyIrQj
无主之地3,176730,https://pan.baidu.com/s/1Z6qROEX0puSP_2rkaIipwg,https://cloud.189.cn/t/MnABzyuyUBne
最远的边陲,196796,https://pan.baidu.com/s/1PRnT_u_3FIA4uN-XwQ_3qA,https://cloud.189.cn/t/yEzQj23UNjqa
无主之地2 Online,196189,https://pan.baidu.com/s/1Z5Y6lvusYuIUu3r2qIZTaA,https://cloud.189.cn/t/2IfMFbjUZNfm
你是Baba,500118,https://pan.baidu.com/s/1ui7L00H7rpvT6Ajyfc4BnQ,https://cloud.189.cn/t/FVJ3QjUNzEvi
龙的传人：孤旅,929689,https://pan.baidu.com/s/1J9YXiztHArb2wTs_-sZQrQ,https://cloud.189.cn/t/ArEJ3euQJJju
节奏裂隙,534427,https://pan.baidu.com/s/1nm4opEndQGSxVbBW7jsEyA,https://cloud.189.cn/t/zyeUZvMBVVBv
ZEPHON,769975,https://pan.baidu.com/s/1YYi2ZcWk2G0W5cl6jez4Dw,https://cloud.189.cn/t/yEvuIfMnYz6f
桌上谈兵,156697,https://pan.baidu.com/s/1tbu55r7PsgoOeIrvF532-w,https://cloud.189.cn/t/iIbInaJfI7Fb
EA大学橄榄球27,913345,https://pan.baidu.com/s/1WVvpD6eyrp9-77SeQiq2mg,https://cloud.189.cn/t/IBVfeqEnQnEn
深空梦里人,789265,https://pan.baidu.com/s/1fftQhVG72MwmRidEHTK18w,https://cloud.189.cn/t/VVbMzmRzAvqe
架空地图模拟器,545967,https://pan.baidu.com/s/1hazTjJVtHQImJe_AXSh4cA,https://cloud.189.cn/t/MjMFRzU7nYJf
我曾是少年,853984,https://pan.baidu.com/s/1QRiJEYYbkM201oPaZ8Y1Aw,https://cloud.189.cn/t/MNj2M3Yzyu63
J3005,702370,https://pan.baidu.com/s/1VV6-a7wkRJZJM4gjPTlIEA,https://cloud.189.cn/t/rQ7363Zjuyq2
D5034,"=""020714""",https://pan.baidu.com/s/1kErmowIdDb-8BZU11Tsj4w,https://cloud.189.cn/t/IBbIzub2EnUn
克莱尔,492650,https://pan.baidu.com/s/1EzWB-C_2b8Dt36e3RdTMmA,https://cloud.189.cn/t/7VjMfaeEZJRb
野狼谜踪 周年纪念版,502084,https://pan.baidu.com/s/1Mx9O-Yy0gXboxrgvC4DCZA,https://cloud.189.cn/t/uiuARvZzMJV3
星之海洋2 重制版,961667,https://pan.baidu.com/s/1c3_uumkBqQVoAWHON29uBQ,https://cloud.189.cn/t/FZBBraInAny2
绝对魔权,433913,https://pan.baidu.com/s/1XXNIYgd6mBme9wL_gH0PjQ,https://cloud.189.cn/t/3ueiM32EZZvm
兔子与钢铁,533942,https://pan.baidu.com/s/1tTv6n0O1k_OvD5ZiOI3tQg,https://cloud.189.cn/t/F7BVjibAF73e
熔炉密林,967296,https://pan.baidu.com/s/1KkBZDtbLA7GtscA8PgmWEw,https://cloud.189.cn/t/ZJVJfaaQFNNv
杀戮空间3,685642,https://pan.baidu.com/s/1_ZQ_2gVemrbg0f7TSrg64w,https://cloud.189.cn/t/QF7j6vb6Zrq2
鬼屋魔影 重制版,270033,https://pan.baidu.com/s/136BNT94qj_ZOCjmd83394Q,https://cloud.189.cn/t/QFNr2mJzUF3y
灰雨钢锋,674358,https://pan.baidu.com/s/14XRAOtl78K8uL19YOlU8Jg,https://cloud.189.cn/t/F3mEJvNJ3Y3y
战争号令 装甲精英,876125,https://pan.baidu.com/s/1pVmnxQ-KQMrZBFgd1UmJSQ,https://cloud.189.cn/t/6BrQBvFZbamm
X5049,753464,https://pan.baidu.com/s/18iHxodMZoLt4ihangPOp1g,https://cloud.189.cn/t/nmIbMvYj6bEv
C5011,121521,https://pan.baidu.com/s/1P2SF1GyWhCSGahQ7DL_Emg,https://cloud.189.cn/t/ZBNfQf2ieMry
D5013,726324,https://pan.baidu.com/s/1yC7Fe_G3I0ALV9SJvJzq0g,https://cloud.189.cn/t/63aiInE3mAbm
抛竿悠游,995899,https://pan.baidu.com/s/1z6fCzmasI6f3xRNeW81qRQ,https://cloud.189.cn/t/Q7JjEnfQJRrm
死域Rogue,177209,https://pan.baidu.com/s/1CEpxx8YUN79EfDRDkQbCqQ,https://cloud.189.cn/t/vEbuyar2Ubqa
缮写室 ：羊皮卷大师,583332,https://pan.baidu.com/s/1GAtm7s9xDoPvoJemY8qhYA,https://cloud.189.cn/t/ABnmEvFFNfYv
S3005,720682,https://pan.baidu.com/s/13lfWzBRFnJ0_0yYXNHSUEg,https://cloud.189.cn/t/B3aAFfae6Ffe
无人机模拟器,504007,https://pan.baidu.com/s/1NWr7WvPwJBZIG8iXc7nYDQ,https://cloud.189.cn/t/Qny6Rn6raqu2
J5005,457593,https://pan.baidu.com/s/1uuD1dM7T2aXpHJ9ll6AwPQ,https://cloud.189.cn/t/YVve6bMJfa63
烤肉串模拟器,184259,https://pan.baidu.com/s/1tNEcCivE_ig4St_31cMitQ,https://cloud.189.cn/t/EJzmuiZFjMNb
旅者之憩,"=""058493""",https://pan.baidu.com/s/10jNCHpLxST8t_13-BYcjmw,https://cloud.189.cn/t/FRRBbifU7vIz
P5012,"=""060179""",https://pan.baidu.com/s/179i5jwxnjLmq5gTtOodvWg,https://cloud.189.cn/t/IFnuQjyIzEbe
P5010,854564,https://pan.baidu.com/s/1yR7v7UZeaL82VSe_JpbUWg,https://cloud.189.cn/t/NFj26feeA3ay
C5010,582121,https://pan.baidu.com/s/1C7TLXd79u8sKrHmE3wE3SQ,https://cloud.189.cn/t/iEnYF3IJzyii
碧蓝幻想Relink,"=""027170""",https://pan.baidu.com/s/1LB4lLOCG_HheDCKuLS-YmA,https://cloud.189.cn/t/bI7BZrVZviAb
深岩银河,984574,https://pan.baidu.com/s/1JBl-bp64RyEMx7wm7IOCSw,https://cloud.189.cn/t/VJFRruVNnYBr
怪物猎人荒野 虚拟机版,732102,https://pan.baidu.com/s/1MWAkyRrn0Kf5bQBAG2ijjw,https://cloud.189.cn/t/QjmiQv6zqq2y
生灵重塑,768174,https://pan.baidu.com/s/1BZlh5VUNz3ER7J4_Q3-tfA,https://cloud.189.cn/t/QvMZvuNVb2ym
人类游乐场,"=""034592""",https://pan.baidu.com/s/1VZHtMx6XAQsNQIu5SswWxg,https://cloud.189.cn/t/B3YrIz6bUZNv
龙珠：超宇宙2,927667,https://pan.baidu.com/s/17Jtqe9uTxHWWhGZS1keeoA,https://cloud.189.cn/t/yqieEvziyeui
战锤40K 机械神教2,981470,https://pan.baidu.com/s/13XUIEg3YbETpl6wBk-Uz2g,https://cloud.189.cn/t/YfI7b2yQfMji
检疫区：最后一站,984240,https://pan.baidu.com/s/1FHweK4SO-WKiAtKE7McUsA,https://cloud.189.cn/t/nYnIvevMBnM3
这是我的战争,782610,https://pan.baidu.com/s/1X6yQkxsXvwkRRwTT-xK18w,https://cloud.189.cn/t/JnmUvueURrQn
肉丸烹饪：盛满快乐,476201,https://pan.baidu.com/s/1JhoGnxmfLS3ZbltTl3xmOQ,https://cloud.189.cn/t/VJ3YjiYBVJFz
直冲云霄,661104,https://pan.baidu.com/s/1vWw396PTF-t_2hkyjQdAow,https://cloud.189.cn/t/EFBvayBryqyi
德米欧 x 龙与地下城 战痕,598925,https://pan.baidu.com/s/1H_Gde00JNIYp5Sf1Oq_gmg,https://cloud.189.cn/t/naiyuuqaaIZ3
Eco,443509,https://pan.baidu.com/s/1_Z4vN3t8v8fSqyIZTq5SKg,https://cloud.189.cn/t/aqiQzua6Z3e2
青岚物语,923953,https://pan.baidu.com/s/1jLHq-a0SZ0dh8oZaKSvnsQ,https://cloud.189.cn/t/n2EVBjzuYzQz
船舶墓地模拟器2,842564,https://pan.baidu.com/s/1qnE8B7k82vYStCJIqhOM_Q,https://cloud.189.cn/t/qEj2A3JBN3Qn
S5052,702336,https://pan.baidu.com/s/1p20yOnx54Jo7J8GWwkS5zA,https://cloud.189.cn/t/2i2y6njyEbuu
B5017,745553,https://pan.baidu.com/s/1KhN4MUri7omuLh0HB3SKIg,https://cloud.189.cn/t/mMZBjmQB3iUn
R5006,240967,https://pan.baidu.com/s/1iNk5fHIvhPPFf9AEvuumGw,https://cloud.189.cn/t/NVbqMfjEzYzm
潜水员戴夫,"=""013684""",https://pan.baidu.com/s/1bGwOY2wgkruvC8csONFKrg,https://cloud.189.cn/t/ZR7r6r32EJbe
原子之心,"=""075082""",https://pan.baidu.com/s/1WVCSABn3YJdBMgqulMBT8Q,https://cloud.189.cn/t/jaAFRvfqAVFv
气球塔防6 Online,245186,https://pan.baidu.com/s/1NibPw-9Z8IUQcouTyhi_yA,https://cloud.189.cn/t/3EJNVrFZzyMf
神之亵渎2,185104,https://pan.baidu.com/s/1QGKImv0WUWdUi5c7fDLF_A,https://cloud.189.cn/t/mYN7zyuu2Anq
僵尸毁灭工程 Online,"=""093013""",https://pan.baidu.com/s/1sRcK775Lsv3FVQs3G3Kqyg,https://cloud.189.cn/t/3YNZziUrUNJr
球比伦战记,675938,https://pan.baidu.com/s/1FmBAdFUqWOUIdyIXjItyjQ,https://cloud.189.cn/t/uuuEjmIF3UNn
断箭,489663,https://pan.baidu.com/s/1jdBBiGx7GSkbBcp_ZialoA,https://cloud.189.cn/t/VjEzq2YF32ya
Roboquest机械守护者 Online,263688,https://pan.baidu.com/s/11MI854R7RGZZHodIgJvZrw,https://cloud.189.cn/t/MnAZ7v7rUvYv
苏丹的游戏,542924,https://pan.baidu.com/s/1xKNxuTiQJQwPe3dH2lEaDA,https://cloud.189.cn/t/Yr6ZZ32aMnmm
异种航员2,"=""008634""",https://pan.baidu.com/s/1pY_b739qcwVeiD9-eYkTaA,https://cloud.189.cn/t/qIJbIvVJJvmi
骗子酒馆 Online,913566,https://pan.baidu.com/s/1Ih1AoRCOanKPQ14mOisIGA,https://cloud.189.cn/t/FfaUBvQBz6bq
巴士边界,816350,https://pan.baidu.com/s/1MBGcTHRnsl-Aa5uL1AaPPw,https://cloud.189.cn/t/Nr6RBvAVFNjm
闪点运动 冷战,"=""015045""",https://pan.baidu.com/s/1ers5ewkVwy4E0tIE-dgSsA,https://cloud.189.cn/t/Jz2222Zfm2Eb
旧世界,225701,https://pan.baidu.com/s/11gMcYOKZ5xKQe5XWtMOJkA,https://cloud.189.cn/t/raMRFzBZzQzm
修车吧！兄弟！ Online,532110,https://pan.baidu.com/s/1ZMMzjR-e41aFZ6_sRlMF7w,https://cloud.189.cn/t/Y7fmEzR7rmmi
以太之战2 Online,679949,https://pan.baidu.com/s/1eUsXiSdXQKdwTGjfQD78Wg,https://cloud.189.cn/t/Y7RbUnruaIRb
以太之战2,256344,https://pan.baidu.com/s/1JTXeSNEXOzUax7FArRk0DA,https://cloud.189.cn/t/m6jqmezM7FVb
拾光旅人,802958,https://pan.baidu.com/s/1IYNCwWyZQMniGx93Td0jvg,https://cloud.189.cn/t/juMJVv6FZ7zy
究极大越野传奇,"=""012857""",https://pan.baidu.com/s/1OT25uMdt8iBAjXYzjD--Qg,https://cloud.189.cn/t/NryeYfriiqMf
匹诺曹的谎言,621962,https://pan.baidu.com/s/1hH87fT7Oer8bwdqWVXomDg,https://cloud.189.cn/t/AZJFFfeIVRru
OMORI,465605,https://pan.baidu.com/s/1N20RHP3oJ4ShiZaDqt1NcQ,https://cloud.189.cn/t/qM3Mn2QZFvAv
我的小柯基,564978,https://pan.baidu.com/s/1vdBJDJEqJz3tPM7_zNRbLQ,https://cloud.189.cn/t/jMvURvI3iyEb
风之马传说,208487,https://pan.baidu.com/s/1FQhjaDgPun8ZUqEfFBNTFg,https://cloud.189.cn/t/yMRfAjYvUB7f
矮人要塞,147187,https://pan.baidu.com/s/1alb9QI_kjBdoTacjmhD4Yw,https://cloud.189.cn/t/FnaQb222QFRn
寻找伪人,645335,https://pan.baidu.com/s/19vJey_5epxxk1M0Az5OGXA,https://cloud.189.cn/t/yUji2miEjEBj
骗子酒馆,366073,https://pan.baidu.com/s/1a0D4UtMvSG2MQlc-A0GKNQ,https://cloud.189.cn/t/b2E77fQnUrIv
速速上菜,777652,https://pan.baidu.com/s/10NRdnsoloBeUzDN0covYYA,https://cloud.189.cn/t/QZfEjuiQZrmm
警察模拟器 巡警,310627,https://pan.baidu.com/s/1nRFYkmIcVbMQfpbNGjXbyw,https://cloud.189.cn/t/my26Zrbyqmaa
宇宙巡航机 起源,"=""059222""",https://pan.baidu.com/s/1B-Ix5mKeaRfvGsM6p7JrsQ,https://cloud.189.cn/t/QB7RBfaQBFJb
IL-2 捍卫雄鹰 朝鲜战争,"=""094631""",https://pan.baidu.com/s/1Q34vzkP51ua3wWVS8ic6lw,https://cloud.189.cn/t/meyQBbIjE7ny
无感染区,423425,https://pan.baidu.com/s/17Ft2z82SqcFGaSKDQNrjJA,https://cloud.189.cn/t/qeyiA3YRNZ32
雄心壮志,406262,https://pan.baidu.com/s/1YMib_bADk9CTh9q_3UxC7Q,https://cloud.189.cn/t/EBRnqyB3UZva
帝国霸业银河生存,"=""010832""",https://pan.baidu.com/s/1_mXyftLcSpVeB-QbYkdFFA,https://cloud.189.cn/t/jIZNRfAnyy6r
速降王者,910404,https://pan.baidu.com/s/1ycGpA9PyZQWiKR1ZHzTZYA,https://cloud.189.cn/t/faQv6rrEBNRj
地狱丧钟,669843,https://pan.baidu.com/s/1YjZaIWwH1PYTpu_bvvatcg,https://cloud.189.cn/t/eYJ7RnVBFN3y
反乌托邦,458074,https://pan.baidu.com/s/1Z8y_dSW5lkv5ANw9JoVbPA,https://cloud.189.cn/t/AjyA3arYFZbu
30XX,626315,https://pan.baidu.com/s/18hK3B9rlC86UplNt9kB1Pg,https://cloud.189.cn/t/FZRRZfBr2AZj
博德之门3,613026,https://pan.baidu.com/s/1uwQ7pm3y_Wn1bNkAz81_0Q,https://cloud.189.cn/t/QRnQvq6fA3mq
要塞十字军东征 决定版,274550,https://pan.baidu.com/s/1HhC8zwpEV_rSFk5ly7gCeQ,https://cloud.189.cn/t/6vURJzmUvqqu
密室逃脱模拟器,976061,https://pan.baidu.com/s/14aQdnH2syWy4AKBFEb3MFQ,https://cloud.189.cn/t/7Jra6rZbieMb
淘金热,977542,https://pan.baidu.com/s/1R-YpMxb4FyLLSJFXDiq7Tw,https://cloud.189.cn/t/N7rya2jEnANr
初音未来 Project DIVA MEGA39’s＋ 虚拟机版,619889,https://pan.baidu.com/s/1yXziNvABn__1jHducp0mDg,https://cloud.189.cn/t/YVrAN3r2iYj2
人中之龙7外传 无名之龙 虚拟机版,723447,https://pan.baidu.com/s/1QMhAJAW8tvETaWWU0uYSGA,https://cloud.189.cn/t/QRnIZfbiiqiy
超级机器人大战Y,830909,https://pan.baidu.com/s/15BtLpve6nHNsuAjc4wtynQ,https://cloud.189.cn/t/mqy67rF3ammi
死亡细胞,753459,https://pan.baidu.com/s/1Ga4m8IQaVtcF6TYWLEd6hQ,https://cloud.189.cn/t/3iiEN3N7BfIf
死亡迪斯科,727236,https://pan.baidu.com/s/1JIDCLPd-ftV57Vt-6XE8uw,https://cloud.189.cn/t/zqUbaqb6v2ai
阿凡达 潘多拉边境,363765,https://pan.baidu.com/s/1fUjOUOouIDgGonPyxZWAPA,https://cloud.189.cn/t/UFZVbmjUBNBn
破门而入2 北方特遣队,101850,https://pan.baidu.com/s/16MsR_xiX2v8p5qv3uL1tsQ,https://cloud.189.cn/t/aAjMfeM3Y7fq
无尽帝国2,757363,https://pan.baidu.com/s/13f07r4vtkEvW4cPzt5EtYg,https://cloud.189.cn/t/eY7zAbvMVNRf
放松时光 与你共享Lo Fi故事,238254,https://pan.baidu.com/s/1nlU29FXER45q78vyqGMGdg,https://cloud.189.cn/t/ZVzU3i2Aj6Jj
勇气默示录 虚拟机版,583055,https://pan.baidu.com/s/15zkJg4TvqJJC4OCgONuMQQ,https://cloud.189.cn/t/A77ZjuBJzeAf
瘟疫公司：进化,444015,https://pan.baidu.com/s/1DPHcICHGNyHLYdPMIV0tOA,https://cloud.189.cn/t/eyMVze3iMb2y
终极幸运之塔,997250,https://pan.baidu.com/s/1ocoaooUZr2qth94tpzzv1Q,https://cloud.189.cn/t/fYraQfZZBrEf
鬼泣4特别版,196514,https://pan.baidu.com/s/17NB_A8H3W3sSA7rCDIwjlQ,https://cloud.189.cn/t/nyuQjqNJr2yu
M3014,507015,https://pan.baidu.com/s/1dqED9JuN0GP_DzwuwCGnlQ,https://cloud.189.cn/t/rYBvQnJNvyEj
女神异闻录5战略版 虚拟机版,284762,https://pan.baidu.com/s/1uQfMEgMLD0LglVVbBwiQIg,https://cloud.189.cn/t/m2QVrerQnIBz
房产达人 重置版合集,413220,https://pan.baidu.com/s/1M9d1JCVOdyHpdmtBfvgXww,https://cloud.189.cn/t/VFfmii7FRZRj
历史时代3,228287,https://pan.baidu.com/s/1BOIpCj2mqFd2w-jennM_Kw,https://cloud.189.cn/t/bEVbuaqA7RRr
Pronoun Palace,960330,https://pan.baidu.com/s/1crmt9Wnq7P71FfMdjr2ouA,https://cloud.189.cn/t/FRFf6j6ZfQFf
鹰派大统领,226913,https://pan.baidu.com/s/1bUOD-WAc05yRkJNSgZzuOg,https://cloud.189.cn/t/2Q3M7fnQRra2
杯丝特魔球,577067,https://pan.baidu.com/s/1Dl8sgTjAyHuyyqFn3oBaPA,https://cloud.189.cn/t/IbMvm2EbqEVb
星辰密文,"=""006867""",https://pan.baidu.com/s/1KfQTclVTtHGipWsYWOYMKg,https://cloud.189.cn/t/2qm67be2eqiq
悠哉钓鱼,164036,https://pan.baidu.com/s/1VjjK-t0uVM2XNUqmP96pNA,https://cloud.189.cn/t/qaYNrajERJRj
橡木塔,170958,https://pan.baidu.com/s/1Qf1rdsyZNen6L1QhvdUhAA,https://cloud.189.cn/t/2U7ZFbAzA3iy
地狱黑杰克 Black Jacket,338053,https://pan.baidu.com/s/1070osSbAKPPMpPWTJKbmkQ,https://cloud.189.cn/t/NJNjEjuUbqUj
好莱坞动物,524423,https://pan.baidu.com/s/1lpVpGrFPntq1Skv_4vf-Gg,https://cloud.189.cn/t/beMJR3NjQ3Yr
汽车城 驾驶,848006,https://pan.baidu.com/s/1kHyeIIeyg7An7yVn-iRCKg,https://cloud.189.cn/t/zeQn63VZZRji
展翅翱翔,881241,https://pan.baidu.com/s/17rwRx0kEFdNt_TQho0PdZg,https://cloud.189.cn/t/nA32MrINJBze
霜港迷城,607754,https://pan.baidu.com/s/1pSAQX1EhmaHfHlzFXDNeLw,https://cloud.189.cn/t/22qMjqUVzUFn
骰子闯魔城,306621,https://pan.baidu.com/s/1R5r46hO_Icz4MekHbyJd9g,https://cloud.189.cn/t/uUb6n2iY7v2q
Z5022,618617,https://pan.baidu.com/s/1JAm9LeAAYslP5MtlqgrwvA,https://cloud.189.cn/t/7fi2Ir2eQfMb
B5016,136893,https://pan.baidu.com/s/1-K34m3rGTSycH4FjhtEd9w,https://cloud.189.cn/t/EzmY7zAFNzUv
闪电十一人 英雄们的胜利之路,355411,https://pan.baidu.com/s/1pQnzD7m-cdqNcSoDLKlNXw,https://cloud.189.cn/t/VrqMrmjE3eEz
时光之帽,923421,https://pan.baidu.com/s/16nOSMzcmjtXU7sKFqAahsA,https://cloud.189.cn/t/vaIB3eyIrmqu
高尔夫巡回赛2K25 虚拟机版,291476,https://pan.baidu.com/s/1YndGZqHz75Al9fB8_taPkA,https://cloud.189.cn/t/iqymIvnEn2m2
猎人 荒野的召唤,797905,https://pan.baidu.com/s/1wutEhwoTR8ISwFX1AnOjug,https://cloud.189.cn/t/zeErmaEjYZNj
优米雅的炼金工房 追忆之炼金术士与幻创之地,736010,https://pan.baidu.com/s/1j-eTgALlULmNF78eJujTIQ,https://cloud.189.cn/t/uURrMbiIvEZj
波普乱战,479412,https://pan.baidu.com/s/1UMMUUoztnu2y8OlJhKHrKg,https://cloud.189.cn/t/NzmyUbJNZzmq
地面部队,758985,https://pan.baidu.com/s/1zzMVJU10J_1J0G7BDLSv1A,https://cloud.189.cn/t/nmmqy2ENn2Mn
酒店建筑师,"=""029598""",https://pan.baidu.com/s/1oOsh9CNbP9Skx-G_46DmFA,https://cloud.189.cn/t/ueUNnyAr2uEn
M3001,"=""019944""",https://pan.baidu.com/s/1iu5CU1w7i2jkIEVrvIUKtg,https://cloud.189.cn/t/MFRVJnbIf2um
诺兰德,445108,https://pan.baidu.com/s/1Wu1PX-g-EiR8Wme8R_fqiw,https://cloud.189.cn/t/F7777jYvYfa2
零度空间,365652,https://pan.baidu.com/s/1-1c64ZdaH1Zoh-U2wW9J0w,https://cloud.189.cn/t/ve6zuiJZb2ea
乐高派对,178736,https://pan.baidu.com/s/1ZO0wy4RYBTYm9frVsCroOg,https://cloud.189.cn/t/YZRV7vqemqui
PIGFACE,791288,https://pan.baidu.com/s/1MQjQp-dPvgAQ0FikEScyJA,https://cloud.189.cn/t/ae6Zzu3qABvq
桌面探索者,769686,https://pan.baidu.com/s/1T_5RRbpJwV4n0MJz7xvTUA,https://cloud.189.cn/t/VvyaUvV3yEF3
牛马三百六十行,545650,https://pan.baidu.com/s/1RF2IE9_ID31XDd8cti5ilg,https://cloud.189.cn/t/V7fiIreyUv2a
重铸纪元 自由地,119912,https://pan.baidu.com/s/1_O2aX9SDtKP8-fQJ0tpHBw,https://cloud.189.cn/t/R7NbEjMF7zEz
致病本源,417245,https://pan.baidu.com/s/1i3LraFwCR9nAmu2N1XZBEQ,https://cloud.189.cn/t/BFJrMjVNjYVf
灾变前夜,315829,https://pan.baidu.com/s/1rduRyxrQDjaPKqL9TK-A2A,https://cloud.189.cn/t/BF3qArZfa2iu
哥特王朝1重置版,167960,https://pan.baidu.com/s/1T-VdIoYLVKk1Nf03uT55eg,https://cloud.189.cn/t/feEfIfIFjiay
奈斯启示录,338025,https://pan.baidu.com/s/1Ej7VWrOtYSSJN3rcl3w_9Q,https://cloud.189.cn/t/NR7BnyM7FVFf
特遣舰队指挥官,652157,https://pan.baidu.com/s/1y_sloZaPUXgKsBt3eKFw0A,https://cloud.189.cn/t/JRvq2mE3Qrq2
绿植小筑,956912,https://pan.baidu.com/s/15JybezD0D18oLVLJgNJK4A,https://cloud.189.cn/t/niAvu2bau2Uz
巨著,"=""029423""",https://pan.baidu.com/s/1sDZ24mGzqtWnyzkg15frYw,https://cloud.189.cn/t/aQ3QNb77BrEj
S5049,168709,https://pan.baidu.com/s/1khrYoYkdYW7X63DEEn8B-Q,https://cloud.189.cn/t/neqmYjYZNJRr
伊甸之路,676086,https://pan.baidu.com/s/1vyApJoGDcEK1-tfGIg0wRw,https://cloud.189.cn/t/z6Fj63FZbaim
幸福工厂,933743,https://pan.baidu.com/s/14byqUR8etcPasoVDAYDOQg,https://cloud.189.cn/t/J73mQ33QJrmm
人渣,312159,https://pan.baidu.com/s/15CVYlwrBZbS_wA4a2RUxJA,https://cloud.189.cn/t/fUFBFjnaqyEb
腐蚀,536366,https://pan.baidu.com/s/1_unbUjPCjZDScA3gVmiebg,https://cloud.189.cn/t/iY3QNzUrmuei
勇者斗恶龙7重制版,"=""003507""",https://pan.baidu.com/s/1QAAYN8u2ZIoD33yjLcMMgQ,https://cloud.189.cn/t/bQfYfuiymmIr
符文世界 龙之荒野,182934,https://pan.baidu.com/s/1Kw4l0F0FR43Jnd9Z6CxC9Q,https://cloud.189.cn/t/BJbumibEzq2e
尖叫赛车,916611,https://pan.baidu.com/s/1xjSjhS8S0y-sE3jv_gCvdg,https://cloud.189.cn/t/zUZRBbbYNrM3
Q3001,101004,https://pan.baidu.com/s/1vtQUspFszLAZ9byjw2vnaQ,https://cloud.189.cn/t/ERZFryraAZJ3
RAIDOU Remastered: 超力兵团奇谭 虚拟机版,929162,https://pan.baidu.com/s/10qwNzBW5oWWPyqSAqcZvyg,https://cloud.189.cn/t/QvMZn2MFFR3e
英雄连3,749996,https://pan.baidu.com/s/1734Br2Yr-DQQeDPU-wztzg,https://cloud.189.cn/t/YNzyqiMzMjMb
帕格尼物语,923915,https://pan.baidu.com/s/1zI_ex2CZoILpEOxRaq_uRw,https://cloud.189.cn/t/2MruiiviQBrq
替换者,426269,https://pan.baidu.com/s/1aFdNs6xw7UJJEFc-ST3VPw,https://cloud.189.cn/t/ziyYzyYFRZJf
指挥大师,693968,https://pan.baidu.com/s/15SmJNDqKROkQuZJ2yQh-sQ,https://cloud.189.cn/t/u6RbYnq2ayUn
厨师骑士,377111,https://pan.baidu.com/s/1XkY5l-n6fw1vOGbXztDnBA,https://cloud.189.cn/t/uUZBzmRrqy2i
L3002,527062,https://pan.baidu.com/s/1PmGEE0JeZVAx0MJ7MB0JXw,https://cloud.189.cn/t/R7BzMr2eqey2
世界摩托大奖赛26,146046,https://pan.baidu.com/s/1miMSG4KJjP3Vq5Rz2U9EVg,https://cloud.189.cn/t/32ENriUZVJBz
石匠,758030,https://pan.baidu.com/s/1SNgXmQpChKfV4WrHgEvNLA,https://cloud.189.cn/t/uqy6biEzYzQb
红眼露比,265539,https://pan.baidu.com/s/1ZK0x43Fkcahse2GpHveyrA,https://cloud.189.cn/t/3AvMzyM7r632
最后的信仰,827309,https://pan.baidu.com/s/1J1C5LhIgcVl4bkl_0sNNMw,https://cloud.189.cn/t/FZRvaiJJJf2u
再来一张,167513,https://pan.baidu.com/s/1-dfDuLfcJymHPlXsDTgI0Q,https://cloud.189.cn/t/eiENR3NBfqMf
神秘海域 盗贼传奇合辑,451731,https://pan.baidu.com/s/1jJWvm5iHpb40KTCG2_Msfw,https://cloud.189.cn/t/VramamERvi6b
西奥小镇,933576,https://pan.baidu.com/s/16HutEx5q25qhaFeg4viPVg,https://cloud.189.cn/t/2EVnauN7J3eq
席德·梅尔的文明VII 虚拟机版,"=""071639""",https://pan.baidu.com/s/1jVxmFOxXQYU6zRptiUIG8A,https://cloud.189.cn/t/fyqi2ybAB7Vb
云族裔,761244,https://pan.baidu.com/s/1RsafHVOs6iQsbKmAD8orUQ,https://cloud.189.cn/t/myYfQnV3em2a
节奏医生,792116,https://pan.baidu.com/s/1qVq4HlI8uWmZBHHSlE8YjQ,https://cloud.189.cn/t/NJ7ZnizQRvmu
僵尸毁灭工程,261469,https://pan.baidu.com/s/1g5sVWZtEVk6VbgwAKuB3Dg,https://cloud.189.cn/t/Iv6Rjmrieu2i
新星漂移,904562,https://pan.baidu.com/s/1j_fSQ_LWS6ZxqooPXLh3yw,https://cloud.189.cn/t/jEfAJjNJF36j
RPG游戏制作工具,653466,https://pan.baidu.com/s/1ReSUWa3d4G54HnLNm-MjhA,https://cloud.189.cn/t/MnAVjqbAJJjy
我在地府打麻将,830665,https://pan.baidu.com/s/1zZDbOFz6iGHcM8KoZdeOMA,https://cloud.189.cn/t/MFRjyaeMFNnq
深岩银河：异动核心,860046,https://pan.baidu.com/s/1yKlsXeTV-UKVOdqRi1PUWg,https://cloud.189.cn/t/bmuAjyZfENR3
罪托邦,858905,https://pan.baidu.com/s/1OW9WYy3BW1sQbWeCiOJAug,https://cloud.189.cn/t/JBV32iErMn22
断剑：圣殿骑士之影,150762,https://pan.baidu.com/s/1JUY7vvEqQZG1rMP85d8Whg,https://cloud.189.cn/t/f6b2Iz32q6Fb
Endacopia,475806,https://pan.baidu.com/s/1okt0AOnBVDjW8w7sOVCYFA,https://cloud.189.cn/t/UvENFjiIf2e2
JDM 漂移大师,656236,https://pan.baidu.com/s/1tLDo8L1zDsbTtp5O_prMnA,https://cloud.189.cn/t/UjiaymA7ZBNb
太空碎石者,747666,https://pan.baidu.com/s/1VP__FCpIeX_cToBqX_gkkg,https://cloud.189.cn/t/nMRfEzqEJFfe
C3022,899266,https://pan.baidu.com/s/1Mb0rpJkan5Ka6W1d_hX8SQ,https://cloud.189.cn/t/y6Rna2rUjAjq
为了吾王2,399820,https://pan.baidu.com/s/1XaNEgJTqcRCWz7g1BzUgeQ,https://cloud.189.cn/t/aENV3mqABnye
占领火星,711741,https://pan.baidu.com/s/1KFKZSxw2qDKiLH88sVGJ6A,https://cloud.189.cn/t/NN7naaJRFbIz
D5010,603227,https://pan.baidu.com/s/1Gt7kUfiGC_dXldNCFVIPZA,https://cloud.189.cn/t/NZFzMf3uYvYz
鬼灭之刃 争当最强队士 虚拟机版,504148,https://pan.baidu.com/s/1jgMFKrL9nFSKwB_3SIvn1g,https://cloud.189.cn/t/YZVJjmRvUFn2
隔离区 丧尸末日生存,952719,https://pan.baidu.com/s/1hpOflNnIVluNpeQ7yDh_xw,https://cloud.189.cn/t/E3yABnriMvIb
战锤40K 星际战士2,139106,https://pan.baidu.com/s/1TIGYs_hfbdOwctHCWoljaA,https://cloud.189.cn/t/jIrUzyZjYZz2
七龙珠 电光炸裂 ZERO,"=""065315""",https://pan.baidu.com/s/1RXVriruAkc7cT5KeQv6YRw,https://cloud.189.cn/t/v2iY3mMNBnAj
哈迪斯2,261327,https://pan.baidu.com/s/1LVHr8l1GH2bG4tIGWc6oqA,https://cloud.189.cn/t/BRFby2E3YjYb
漫威蜘蛛侠2,728045,https://pan.baidu.com/s/1j4ODLiqKcVZKRAEeHykJzw,https://cloud.189.cn/t/IJrE3mb6fIRb
首都高赛车,106141,https://pan.baidu.com/s/1B98uCzO-DIO_EXNlQkASCQ,https://cloud.189.cn/t/3i6vMfeIZJzm
迪士尼梦幻星谷,"=""092492""",https://pan.baidu.com/s/1Ds3mvy4Zlh0eWIilsOXLDA,https://cloud.189.cn/t/jMRJjyaEFnQ3
三角符文,271036,https://pan.baidu.com/s/12Zua9BryLNdL2-tgI60VQw,https://cloud.189.cn/t/QRve6v3iURNn
幻兽帕鲁,884629,https://pan.baidu.com/s/10kN510l08wC3TtabYbRXAg,https://cloud.189.cn/t/BZNzmi6JFr2e
拟真车祸模拟器,866849,https://pan.baidu.com/s/1LOCZ71J3SCWkiSU2ftxgYw,https://cloud.189.cn/t/VNZVRvv2Evmi
太空工程师,797552,https://pan.baidu.com/s/1gdfeqasYieDVcvQiL-taAA,https://cloud.189.cn/t/MNfIVbqQZfUr
模拟农场25,991626,https://pan.baidu.com/s/1D95lwVv2uWf2Sr193gix1A,https://cloud.189.cn/t/B7vQna6vaqiy
CarX街头,"=""084780""",https://pan.baidu.com/s/1Ms55fAvNdemLO7eOV_vj5g,https://cloud.189.cn/t/6NJnaaURjU3q
九王,872227,https://pan.baidu.com/s/1i1j3dmZNlB4daxRjAJhfLg,https://cloud.189.cn/t/7VvUzeQvuEZv
VEIN,236614,https://pan.baidu.com/s/1C6sGyM0_-HyyjFpwv5YX-A,https://cloud.189.cn/t/rUrQb2BV3iae
深岩银河：异动核心 Online,601856,https://pan.baidu.com/s/1vmeeKKjorInlVi0nRS5wzg,https://cloud.189.cn/t/IfaEvmBvYJV3
板球26,731521,https://pan.baidu.com/s/1UfUA3fFeF4spX0WTOfL1Dg,https://cloud.189.cn/t/UZfQ3uYZ3qiy
帝国时代3：决定版,481611,https://pan.baidu.com/s/1R7FyFML-vjtKySfsDgKU4A,https://cloud.189.cn/t/6zyyQbYzQrYf
维拉克塔尔,422933,https://pan.baidu.com/s/1gIw2n5jLB0xMqeSSO7e2aw,https://cloud.189.cn/t/eI7BVjnyqU7j
地狱王座,759569,https://pan.baidu.com/s/1KYXlPsW-bFDGAA8TQNl6qA,https://cloud.189.cn/t/3A3AzyquqAnu
浅红2,164142,https://pan.baidu.com/s/1fcj4EWLsYNQ2JpuXf1gmPQ,https://cloud.189.cn/t/ZfM3uiNnAVN3
嘟嘟嘟 恋爱信号响不停 美女室友们教我如何淡定？,443938,https://pan.baidu.com/s/1Uwaj4MoVuaddm-VefScaXA,https://cloud.189.cn/t/iumEZbQbyiyy
星河战队：人类指挥部,950576,https://pan.baidu.com/s/1HF0DHdTwAXv_dRjXL0861g,https://cloud.189.cn/t/JJ7bemf2UjAr
全面战争 战锤3 虚拟机版,733700,https://pan.baidu.com/s/1nEoHv-Ys_-FQ5CLGjC7U4Q,https://cloud.189.cn/t/nm26juRzEVRn
天外世界2,"=""038970""",https://pan.baidu.com/s/1HOHSZFJt23E458BgV1zJ6g,https://cloud.189.cn/t/JfQfE3uy6JRz
模拟农场25 Online,407032,https://pan.baidu.com/s/1DgO1yhnE9HKnWDx-bMbdmw,https://cloud.189.cn/t/FbQRfiZzmeqm
Windrose: 风启之旅 Online,220336,https://pan.baidu.com/s/1TtBGZZ0S8j4wCRD94PaE7A,https://cloud.189.cn/t/uuUZfi7RJRFb
地球不屈,695186,https://pan.baidu.com/s/1mUAU5ADw3m_UUExjWCCGMQ,https://cloud.189.cn/t/iEvUfiU7BNFz
巨型水族馆,455013,https://pan.baidu.com/s/1Zuvfmb9n5hZ4D8XxzLvsPg,https://cloud.189.cn/t/ARBBBnAb67Fn
无与伦比,"=""052350""",https://pan.baidu.com/s/13THhk5j9ZHcMVn2P_lJBmQ,https://cloud.189.cn/t/IniUZfJFFj6j
传颂之物 循白之证,616157,https://pan.baidu.com/s/1eGN9k0utRFwl_X2IDyhIDA,https://cloud.189.cn/t/n67VN3IRNZNv
WWE 2K26 虚拟机版,275607,https://pan.baidu.com/s/16qIHBUIvL7iguTliEYfBxA,https://cloud.189.cn/t/u2i6ZjzQzeEv
麦登橄榄球26 虚拟机版,706808,https://pan.baidu.com/s/1eWmaOGO3ZFmoH9iODVEeyw,https://cloud.189.cn/t/uuiay2eEn2Ur
朋友 梭哈吧,354958,https://pan.baidu.com/s/1raXXIDhADhjWuVA4wl67_g,https://cloud.189.cn/t/3eiyAjviEnau
散兵坑,697895,https://pan.baidu.com/s/1aaEC_76pNX3jsMKvjQFjKA,https://cloud.189.cn/t/3AFFF3QNB36f
虚空列车,849733,https://pan.baidu.com/s/1G6vKk-SXIP-2PRmpefUxcQ,https://cloud.189.cn/t/QzAzQvMJRFZr
勇闯死人谷 暗黑之日,976414,https://pan.baidu.com/s/1xQaEQZnPBVkUU3t4oJRJ8Q,https://cloud.189.cn/t/IN3mY3QJZbyu
虫子快餐店,125182,https://pan.baidu.com/s/1mG48O48ZmqCqlspGZSkutA,https://cloud.189.cn/t/FfA7N3aeqE7z
莱萨里亚 英雄之歌,224381,https://pan.baidu.com/s/1lNeBERyOOU__oZe6BNdS1A,https://cloud.189.cn/t/VzEFjezui2E3
传说酒馆,"=""006490""",https://pan.baidu.com/s/1VwKg-KbBiXeWWcUnLpLOmQ,https://cloud.189.cn/t/IfIfEzaQ3UFr
P3005,529198,https://pan.baidu.com/s/1MfIAnwz1gaYP1wgReVU_fg,https://cloud.189.cn/t/22mqMfbMvuAv
全面混沌,356792,https://pan.baidu.com/s/198UKho_RgL7Mr_SpyiSW6w,https://cloud.189.cn/t/Ujeu6juMVVZz
鼹鼠号,318786,https://pan.baidu.com/s/19Q96JKofJ_M0Bj4k9WXKQw,https://cloud.189.cn/t/ZfyEVfmMFFzm
塔楼满是猫,366539,https://pan.baidu.com/s/1syHcS7oy20etIHaSM3NHhg,https://cloud.189.cn/t/n6BNjeRveq6j
装甲军团2,392448,https://pan.baidu.com/s/1P_tk757zqdu6XsPqBDk4-A,https://cloud.189.cn/t/aaEnQfQRVRvq
终结者：反抗军,177895,https://pan.baidu.com/s/1w7OY4Nui6MkqZXludCT7zQ,https://cloud.189.cn/t/BVFnUney2AB3
橄榄球25,"=""050223""",https://pan.baidu.com/s/1k6V6qXT3DnXTPf8LmsnLtQ,https://cloud.189.cn/t/QRj2UzrIzaau
古老城市,303164,https://pan.baidu.com/s/1h9fTMLf_Q6vgMadLsugs5w,https://cloud.189.cn/t/qmyU73E77jAf
不予播出,223652,https://pan.baidu.com/s/1lS1CQ8_mGVyEbfglguNHCw,https://cloud.189.cn/t/BFNVNfABVZRv
Y5053,676381,https://pan.baidu.com/s/12CTrIe618DlklEP8DKDsXg,https://cloud.189.cn/t/jyEbQzreaUJv
B5015,302692,https://pan.baidu.com/s/15gWnLf6vIKG5tBOb16YFww,https://cloud.189.cn/t/YvEJnimYfiqm
神探杰克鼠,362666,https://pan.baidu.com/s/1L_sOfP1py4zlz83gHE142A,https://cloud.189.cn/t/mm2yaeNZreQn
梦幻魔法公主,260296,https://pan.baidu.com/s/1tCGKHRjdxMsDAvx-zpPUhA,https://cloud.189.cn/t/baeUV3yiQvmy
格里米斯工匠,768896,https://pan.baidu.com/s/1ktPqG3J52YpK7iL9PHv8Ig,https://cloud.189.cn/t/QnmUjufQvAfy
动物海湾,"=""021891""",https://pan.baidu.com/s/1w9kEkY03rmB4goFgYz2V4g,https://cloud.189.cn/t/ERbqInB77jEv
憎恶之西,874571,https://pan.baidu.com/s/18lAVqlF7VXjVa6bCslKPsg,https://cloud.189.cn/t/by2YnmRf6JJj
死亡之屋2 重制版,583568,https://pan.baidu.com/s/11AUxPut7iUaxTZMbW49jNg,https://cloud.189.cn/t/rmM3EzF7zYBj
小兵带步枪,334076,https://pan.baidu.com/s/1lCG3KShw-yecx-_RWh3v7g,https://cloud.189.cn/t/jYNBRbIr6r2a
无尽劫掠,791089,https://pan.baidu.com/s/1jUZ2D2kP3PhLTRUXPiHZdg,https://cloud.189.cn/t/Vn2Y3mmaMfqq
石河伦吾的朋友们,"=""038521""",https://cloud.189.cn/t/fYB3AjIvaYnm,https://cloud.189.cn/t/fYB3AjIvaYnm
ORX城堡之巅,394375,https://pan.baidu.com/s/1x7LCf90zEXWgAd2erFFIhA,https://cloud.189.cn/t/BnENfaayM3i2
侏罗纪世界 进化 3 虚拟机版,625979,https://pan.baidu.com/s/1e6ZCeHBz8ByNZY34Qg6JvQ,https://cloud.189.cn/t/uuqeu2MVbQZb
流明物语：特雷的回忆,318429,https://pan.baidu.com/s/1-spRjQcXFnYQfjDJh7jBKg,https://cloud.189.cn/t/Zva6FzVz2QNb
无声舰队,210258,https://pan.baidu.com/s/1nuh9Wix87u15NA0TY_dP0g,https://cloud.189.cn/t/z2aUjefQvYJ3
角斗士公会经理,261569,https://pan.baidu.com/s/1yAkipQJ9Rodlrfn2LPX7gw,https://cloud.189.cn/t/JNBnArQr2AV3
007 初露锋芒,313964,https://pan.baidu.com/s/1vht9lE4WgDlsmOTi5_od-Q,https://cloud.189.cn/t/YJrmMbVJrUVv
第一狂战士 卡赞,"=""096184""",https://pan.baidu.com/s/1aR69HJp9DLJ5LlgwlGJcFQ,https://cloud.189.cn/t/vYBN7fmQvqUn
非生物因素 Online,919732,https://pan.baidu.com/s/1vZHJWBQmCdn5-JtJqehyOA,https://cloud.189.cn/t/UN7z2ym6NbAr
废品机械师,116598,https://pan.baidu.com/s/1PtZUPuI7ToBimlaqbWUWdg,https://cloud.189.cn/t/RZJ3auUbInIr
FC 26 虚拟机版,398130,https://pan.baidu.com/s/1072-zL1QWEjVneHK3OCLJQ,https://cloud.189.cn/t/7zEvueQBBRBf
吸血鬼崛起,465822,https://pan.baidu.com/s/1DljjOHdrwUZuiwtfp3grHA,https://cloud.189.cn/t/fABJr27Rn6nm
地狱即我们,244386,https://pan.baidu.com/s/1zgKAYDDqlpunT7pV7g1lQQ,https://cloud.189.cn/t/6ZRB7rbiQzUn
自在城镇,"=""058955""",https://pan.baidu.com/s/17b_U7VbHpQgMIVE6JQ6JUA,https://cloud.189.cn/t/6J3IRr6vqyMf
CarX漂移赛车在线,567233,https://pan.baidu.com/s/1amH8aFQrfjNWbEOjQsDA-w,https://cloud.189.cn/t/FjYBB3MrEJVj
蓝途王子,426229,https://pan.baidu.com/s/11EDEhIZIIB8zHAaU-RRfHA,https://cloud.189.cn/t/N7bIJz7zqQB3
索拉斯塔2,385183,https://pan.baidu.com/s/18k1F2po2p_N-Y7J8D_5ITw,https://cloud.189.cn/t/jaIN7nmmmIVb
星界战士,697348,https://pan.baidu.com/s/1b6DHRnT7mPC9KC6gfyEjyw,https://cloud.189.cn/t/J3EFru7ZF77n
冰与火之舞,215086,https://pan.baidu.com/s/1kM9NrEP1yY35yO3Jv2tqdQ,https://cloud.189.cn/t/v6biyuiYrUFj
艾诺提亚 失落之歌,598281,https://pan.baidu.com/s/1XUFInISfOq-Lb7KmSEp4aQ,https://cloud.189.cn/t/VFR363MZVvYj
恶魔学园,646189,https://pan.baidu.com/s/1GiCQ0XnMkC1xIpg1f-IGEA,https://cloud.189.cn/t/Q3YNnuEbqUfm
焕家物语,657679,https://pan.baidu.com/s/1PE5l8ca4HzDbmse0GUN_Tg,https://cloud.189.cn/t/73eyumve2Yni
Y3017,548442,https://pan.baidu.com/s/1b2Rnx0nAlMDz85NHdtQ6bw,https://cloud.189.cn/t/auARZfiaMVV3
铁路调度模拟器,134095,https://pan.baidu.com/s/1SCXmBw2XvQw-4Y0QGj4v4g,https://cloud.189.cn/t/MnueMbM3Mvmm
可口的披萨 美味的披萨,287871,https://pan.baidu.com/s/1ewWhgLDSrP-Jm-hboQdTyg,https://cloud.189.cn/t/imaYZj3iQn6v
S5051,591230,https://pan.baidu.com/s/1chtg-dfvtyGpZMBuQYa8Rw,https://cloud.189.cn/t/EZ7rmiBveui2
猪人帝国,743637,https://pan.baidu.com/s/1lDxeL4jRRhHcRC8mGeDHWg,https://cloud.189.cn/t/QzQnmemAFj2e
恐鬼症,707946,https://pan.baidu.com/s/1PAtVNXQtw2qGlNJIy6uIUg,https://cloud.189.cn/t/Ijm6n2fuMFVj
战地模拟器,824903,https://pan.baidu.com/s/1M5rs6fsKyPgNtWgK3nFRbQ,https://cloud.189.cn/t/mQ7BfmNrMzEr
降世神通传奇格斗游戏,129107,https://pan.baidu.com/s/1BMFxlcjoc__p4O09ghhhGA,https://cloud.189.cn/t/z6BrEj6VNJrq
Grimshire,385774,https://pan.baidu.com/s/1agNSpZIhN1ONvjspLGbnMA,https://cloud.189.cn/t/bYRNJjEziIZf
农夫王朝2,557648,https://pan.baidu.com/s/1gVjJwzI5i-0nXYwygQ2n-g,https://cloud.189.cn/t/NfeeqmrYzaYf
沃德灵：共生,669114,https://pan.baidu.com/s/1-rEUk1nNY5wfV_W7WAf9-Q,https://cloud.189.cn/t/EfIZJrje2Ifi
Planet of Lana,933027,https://pan.baidu.com/s/1ybqGh-LIz1RCf9FITX72oA,https://cloud.189.cn/t/YfQjAvemamEv
死亡之屋 重制版,"=""055506""",https://pan.baidu.com/s/1l90xXoCIxQw_BxUvlPdTgQ,https://cloud.189.cn/t/eERZ3ur6NBfu
人类：一败涂地,613571,https://pan.baidu.com/s/1zXDnZpPgGzG-3PjzZLrDTQ,https://cloud.189.cn/t/3M3YzirqeeMb
逃离密室 Online,168570,https://pan.baidu.com/s/1rWMVJZ-fmMrcwtffTECMmg,https://cloud.189.cn/t/RBzY3u7ZVzMf
翼星求生 Online,740962,https://pan.baidu.com/s/16X4NwtIlr_iS_dPunFUsxw,https://cloud.189.cn/t/amiuqai2qumi
风中行者,568002,https://pan.baidu.com/s/1pdqUWw8xy9OUSkO1NXMVhw,https://cloud.189.cn/t/RjMZbmIzmyue
SEKTORI,694156,https://pan.baidu.com/s/1TbSNAdgvirK_i2lnOChDdQ,https://cloud.189.cn/t/Fnq2a2aqeAJz
后室 一起逃脱,"=""084953""",https://pan.baidu.com/s/1mAwcGagPedOYx7E9txKWhQ,https://cloud.189.cn/t/famiEzvYBNNj
G3006,184317,https://pan.baidu.com/s/1-7oxQHONTQzuS8v5R7pSDA,https://cloud.189.cn/t/ZnMBfyFvUJJf
G5010,509780,https://pan.baidu.com/s/1vy-CcLsA1ca-ZhIBWq0r3g,https://cloud.189.cn/t/bmYJryvQzMF3
烤肉串模拟器 Online,"=""040075""",https://pan.baidu.com/s/1GiOrxNSc3COYgSyqXwFCDA,https://cloud.189.cn/t/aY363mJneeq2
冲突时代 世界大战模拟器,206338,https://pan.baidu.com/s/1BNHaFkI6UN-SJaBw-j3h_A,https://cloud.189.cn/t/qquyyqEJZfEr
60秒重制版,672621,https://pan.baidu.com/s/18PbQH5oCo9FXCrtFnxmaMw,https://cloud.189.cn/t/MvAFnmaiMjuu
小小贴纸铺,836929,https://pan.baidu.com/s/1un2kJaVs1yynUW79y6auXQ,https://cloud.189.cn/t/ZfQZFvABBb6z
Q5018,938271,https://pan.baidu.com/s/1Cxahxr3Y7cQt6fu5NyrXMg,https://cloud.189.cn/t/r6V3QnQZj63i
60秒差距,728588,https://pan.baidu.com/s/15TYbi8upVboZhgwnkdVEAw,https://cloud.189.cn/t/yIb2InJNVjAz
W5029,219126,https://pan.baidu.com/s/1vARC2xKmP47r-ir-wJnW-g,https://cloud.189.cn/t/vuErU3jYnqqu
M5018,928197,https://pan.baidu.com/s/1S6alD1wkYVCyFft7Wqe_1Q,https://cloud.189.cn/t/AvumyyA7fEFv
S5050,389896,https://pan.baidu.com/s/1OYNFgf2MHyg-msZTx0v0Jw,https://cloud.189.cn/t/3AVjmaRjQVBn
七日杀 Online1,233758,https://pan.baidu.com/s/1KY_GoPFID9SpuswIfZSCZA,https://cloud.189.cn/t/n2mYVbiYvMzm
战锤40K 行商浪人,701224,https://pan.baidu.com/s/1_YbSOdbvmZ1SxPKIIg0s8A,https://cloud.189.cn/t/i2QBbeB7ZRzq
潜行者：切尔诺贝利的阴影,717489,https://pan.baidu.com/s/1O--8mH-o8aRfdCdw4uUZJQ,https://cloud.189.cn/t/ZZNbIjQneymm
污痕圣杯 阿瓦隆的陨落,421387,https://pan.baidu.com/s/1XqljSbrA08wUos1VICcvjw,https://cloud.189.cn/t/En6FbqQVZZFv
珊瑚岛,934205,https://pan.baidu.com/s/1VdpnhLGDWoW_RzHprOktjg,https://cloud.189.cn/t/j6NJBzFNVBz2
星际裂变,504182,https://pan.baidu.com/s/1AYPSi9mu626k6evdsh6U6Q,https://cloud.189.cn/t/e6RJB3feQvuu
尤卡莱莉 回归,512477,https://pan.baidu.com/s/1hnibmCtokEzXGn6hMXD0fA,https://cloud.189.cn/t/NnaENfVvq6Bz
潜行者 切尔诺贝利的阴影 增强版,"=""057132""",https://pan.baidu.com/s/1mxsaWhzfrmOBfnjUJha05g,https://cloud.189.cn/t/QfIfEvJVRRNb
北境之地,525095,https://pan.baidu.com/s/1C-zrDmrzd7wk0TNxtPHieA,https://cloud.189.cn/t/M363YbbUviim
吃豆人 吃遍世界2,573770,https://pan.baidu.com/s/1JHaKe_ZLeX4WJojvk4u-_w,https://cloud.189.cn/t/aq2EBne2aqia
新闻大厦,159387,https://pan.baidu.com/s/1CunneBjO0ih2BB4eKpSehQ,https://cloud.189.cn/t/eEraYnAZf6jy
潜行者 普里皮亚季的召唤 增强版,532856,https://pan.baidu.com/s/1shAvicLdk4wzt25-Ab-hfw,https://cloud.189.cn/t/JJBJFn6RZJFf
潜行者 晴空 增强版,"=""066729""",https://pan.baidu.com/s/1SSpSu9Ezy_9OHVjwuzNx_Q,https://cloud.189.cn/t/vUBN3yRzUb6z
林间暖巢,924001,https://pan.baidu.com/s/1Pzhkovgzko7gfb7ugfCOAA,https://cloud.189.cn/t/beYRzeU3aYJb
漂流品,603896,https://pan.baidu.com/s/18OS0kedl1oPpPl-e22kA9g,https://cloud.189.cn/t/zABfUniqIFra
穹顶守护者,205109,https://pan.baidu.com/s/1PIbHQEuSZpaFZaDPj35Lyg,https://cloud.189.cn/t/eY3au2MfQZJj
Ratopia,730330,https://pan.baidu.com/s/1ubF6EVbOZsThfjd9LI93XA,https://cloud.189.cn/t/3IFBryQfYBb2
星际鸟群,431620,https://pan.baidu.com/s/142VwfIuW_5ofpK0lAOtBVg,https://cloud.189.cn/t/2qqiMrfMBVfe
暖途,991122,https://pan.baidu.com/s/1ORzRWgAb-OpSDdR9dP69nw,https://cloud.189.cn/t/yYNjUvZjyQJr
深入后室,904607,https://pan.baidu.com/s/1sY_NwBEcJoeDBgVZvbQbZg,https://cloud.189.cn/t/QBBVBj3ANNNb
枪 匠 模拟器,998548,https://pan.baidu.com/s/1LKdxuI3le4ifNUNxr9BArw,https://cloud.189.cn/t/IVJnUbEbi2Az
打造世界,"=""000599""",https://pan.baidu.com/s/10Fq_VrNvNi6HkXNAavZjnA,https://cloud.189.cn/t/AFfU7jyUJBVz
焕然异星,594985,https://pan.baidu.com/s/11VKFniiJWh5KHoOqVBY88w,https://cloud.189.cn/t/7V3EBrq2Abyi
暗黑破坏神2：狱火重生,"=""088089""",https://pan.baidu.com/s/1rEtgNuRcQqp7hMA6aQLuEw,https://cloud.189.cn/t/3qUfUv2q6zAb
刀剑神域 碎梦边境,"=""065066""",https://pan.baidu.com/s/1YehazxXK7V66tg4RxV2fgA,https://cloud.189.cn/t/EfQZ3e7zyyYz
玩具熊的五夜后宫 模仿者的秘密,212114,https://pan.baidu.com/s/1ytaPb17HP3uW9UvTVGThqw,https://cloud.189.cn/t/iy2mM3NNRJje
物种：未知,225697,https://pan.baidu.com/s/1krrMGneUweK1bdD-WZqtmA,https://cloud.189.cn/t/yeABFjfA3ANf
电脑装机模拟器2,314197,https://pan.baidu.com/s/1GCquZzke6f0M0rXU0XxRIw,https://cloud.189.cn/t/UzEvuyIRBBB3
歪小子斯科特,344148,https://pan.baidu.com/s/1ilFCCtZ267yNRdd8Vy3jaQ,https://cloud.189.cn/t/VNnYNbbqiQfe
S5045,821059,https://pan.baidu.com/s/1tmS_t53Qtspqc-g1gqLiQw,https://cloud.189.cn/t/3IrQ7j3uyEBr
超级高尔夫大乱斗,872054,https://pan.baidu.com/s/14YZB0sgXmOl3pSxXMoPUdg,https://cloud.189.cn/t/UBj2Qrn6Rb63
C3023,"=""088860""",https://pan.baidu.com/s/1tidcOvs-k5y2FCQDFeJs7w,https://cloud.189.cn/t/vEbAjimIfAve
狂战传说,"=""004548""",https://pan.baidu.com/s/11VbjYn7qSDysIbf_OtkBWA,https://cloud.189.cn/t/Ezu6ZvQ7Z3Ef
喇叭之城,646224,https://pan.baidu.com/s/1XaosZTRC-Pd1oot_UTKtug,https://cloud.189.cn/t/JrqIvyV3qaEr
时代一号,771417,https://pan.baidu.com/s/1iCCv9CpexB3yxh52RoOQLg,https://cloud.189.cn/t/aANriy7ruQJv
圣杯誓约,872545,https://pan.baidu.com/s/1PGIM-JEefLuhQgVrKuZACA,https://cloud.189.cn/t/mYBbYnF3UzYz
主角,258886,https://pan.baidu.com/s/1pqAJSgWOqfQGmISKVxLB2A,https://cloud.189.cn/t/2aUriufue6fe
族人,251266,https://pan.baidu.com/s/1wmLCOqnKNyU9jd2PpIOOag,https://cloud.189.cn/t/yiu6nmemIVzm
D5007,629155,https://pan.baidu.com/s/1T_ojc2t2YU_LxEBtDWOlWQ,https://cloud.189.cn/t/MRnQJnYRNj6j
地牢守护者,663850,https://pan.baidu.com/s/1V7AOhUt9OTx-lh5a34CTAg,https://cloud.189.cn/t/bEJJnaNJfEre
我的梦想卧室,936875,https://pan.baidu.com/s/1n7ksdsFyWkfbkOr8_gGlUA,https://cloud.189.cn/t/FbEjaa6fEJVf
地牢守护者：觉醒,549260,https://pan.baidu.com/s/1ka6jysAPz_OOPz_hItfyrw,https://cloud.189.cn/t/EbaAZfMZZbMb
I5003,206477,https://pan.baidu.com/s/1XnJpWyuWHilJT1mkVkASLA,https://cloud.189.cn/t/EbYRnmb6bEZf
超英派遣中心,198521,https://pan.baidu.com/s/1gT9P_TaBdv3wZ82zyF0WlQ,https://cloud.189.cn/t/BfEbqqmiM7fq
恐鬼症 Online,191607,https://pan.baidu.com/s/1J131GrZC8W25uEFefmfqwQ,https://cloud.189.cn/t/bYjqeyrQze63
美国卡车模拟,291455,https://pan.baidu.com/s/1kf6lTNkRI_Ow9P7UcwY1cQ,https://cloud.189.cn/t/qyauUjIfYNja
深海惊魂,314373,https://pan.baidu.com/s/1DBolH3819W_a90BKmDvLhg,https://cloud.189.cn/t/aM3eYjZBVJF3
海权 导弹时代的海战,273068,https://pan.baidu.com/s/1Oev_TRiQeodCXYNThJQt7g,https://cloud.189.cn/t/rmMveqzEN7Vf
节奏光剑VR,824429,https://pan.baidu.com/s/19G2QxyVJbxqbXftbQTASOw,https://cloud.189.cn/t/Eb2AviaE7FBj
啦嗒铛 Online,"=""001067""",https://pan.baidu.com/s/18_wj5zFaLJu03XwlUbhcUg,https://cloud.189.cn/t/JJ3mY36rUV7b
不恋爱就完蛋了,231426,https://pan.baidu.com/s/1WtyVscEJ-YucHJYMLHbXgA,https://cloud.189.cn/t/buUn6zq6BNna
D3018,"=""075925""",https://pan.baidu.com/s/1n5NN0PkozTU6kOCTaUwUbg,https://cloud.189.cn/t/rqIBZvM3mM3a
科幻英雄,191545,https://pan.baidu.com/s/12HIZYiuyhhXNxve3HfgWJA,https://cloud.189.cn/t/V7NJryVZzA3q
折言,622815,https://pan.baidu.com/s/1qDQamMxAXmWB9Xeo8GIRmQ,https://cloud.189.cn/t/Ujyeye7jqqAn
十字线X,"=""080573""",https://pan.baidu.com/s/10bGgpBfb8nPC0MuQQ5iT3Q,https://cloud.189.cn/t/7reIz22Ez6va
捕捉2,797161,https://pan.baidu.com/s/1FpEO9iIW9PQ_iqsM7lOuvA,https://cloud.189.cn/t/7Jruq2IRFJve
黑森町奇谭,696942,https://pan.baidu.com/s/1cVmApyB2VYaK5AigWaEEhA,https://cloud.189.cn/t/UVfe6jyMRbUj
接线疑云,130304,https://pan.baidu.com/s/1iAqDMUDc3RyPaMx5hVRqhA,https://cloud.189.cn/t/quieEfamamUz
A3004,832160,https://pan.baidu.com/s/16SBnK94VMu5xRIN45SWsbg,https://cloud.189.cn/t/RJbYzezEbUz2
魔王将至,383139,https://pan.baidu.com/s/1ihTk-bWIB1qRse7IJ3iojQ,https://cloud.189.cn/t/M7VneeMJFFBn
阿喀琉斯 生存者,609366,https://pan.baidu.com/s/1VN6ZDpJhuidPDS1GNheujw,https://cloud.189.cn/t/MrAbEraq6F7v
欢欣森活,"=""034943""",https://pan.baidu.com/s/1t6Z8ma932C1Aull0w4Pj4g,https://cloud.189.cn/t/yEjume3MZzAf
仇恨,435815,https://pan.baidu.com/s/1jf8iLtMY4kC_yL5JOxY92g,https://cloud.189.cn/t/b26vYfFVvq2i
真人快打11,813848,https://pan.baidu.com/s/15etm0QdYHM6Mo5PskAr4TQ,https://cloud.189.cn/t/e6jy6n2e6j63
久我山栞的死法手账,559598,https://pan.baidu.com/s/1MEypSNgh9ExXHlG3WMs2Ag,https://cloud.189.cn/t/JfUbMrfUvYnu
美人鱼面具,224378,https://pan.baidu.com/s/1g1_Y4ahbqkVVSG-H1kXrxw,https://cloud.189.cn/t/ZJbMrinuiY7z
双子星传奇 重制版,486990,https://pan.baidu.com/s/1EHi30jCLCs6g243sQzZf-w,https://cloud.189.cn/t/ERBVBnIbAVbi
A5002,714003,https://pan.baidu.com/s/12lYSXDvhBVpRCpWJ2RaC7w,https://cloud.189.cn/t/bQVbA3BbYnqm
叛乱：沙漠风暴,802439,https://pan.baidu.com/s/1iVWVZtJLFtj9i71LP7NDnQ,https://cloud.189.cn/t/qQBnm2mIb63q
星际迷航：航海家号 - 穿越未知,232767,https://pan.baidu.com/s/1aeph_PboLDMyWzfk2mCPzw,https://cloud.189.cn/t/qqQjuebIfIjq
冲就完事模拟器2,895773,https://pan.baidu.com/s/1yB6QT7JNdAreUPfykcS8gA,https://cloud.189.cn/t/fU32An363Any
俄罗斯方块效应：连接,368264,https://pan.baidu.com/s/14oheTora2fUEj-tMKt2WQQ,https://cloud.189.cn/t/U7JRBbzMR732
Riven,476712,https://pan.baidu.com/s/1uvWc0f1uWhz8cW3wPX_x_Q,https://cloud.189.cn/t/qyiMFvAzuIFb
维拉克塔尔 Online,501343,https://pan.baidu.com/s/1QIwM4E8xOqbvR12p7DFikg,https://cloud.189.cn/t/ZZrA3eueMRva
星球田园诗,571110,https://pan.baidu.com/s/1puslL40dtw6WZVQYFBlwug,https://cloud.189.cn/t/Yzq2ye3EZreq
阿拉洛斯 四国战士,648909,https://pan.baidu.com/s/1pwPON0hyaAAd-d0FswCJAQ,https://cloud.189.cn/t/QFrMzaAfuIne
腐败循环,389495,https://pan.baidu.com/s/1Z1wsP8zOK1-1HTz4sOTm8g,https://cloud.189.cn/t/MJj6BjyqQVZr
G5008,254027,https://pan.baidu.com/s/1ZHm5-RU1vLO0DVK_Ct1iTQ,https://cloud.189.cn/t/jmiM3ijiaQFj
吸血鬼幸存者,"=""011556""",https://pan.baidu.com/s/1rqinV8CIXzVFQwxsO7POTA,https://cloud.189.cn/t/miUniaFZB3Qf
女神异闻录5s 虚拟机版,230339,https://pan.baidu.com/s/1-9PWkuxcksX-8SE1xdEdOw,https://cloud.189.cn/t/uUZJRfAz6BV3
奇迹时代4,813255,https://pan.baidu.com/s/1vvf6oaZVQy1_UtXsnCY2aw,https://cloud.189.cn/t/EzayumayEVzy
小小梦魇3,222873,https://pan.baidu.com/s/12YPL9qUYPL6kinn-cmdkVA,https://cloud.189.cn/t/UnaIZbiMRFbm
澳洲梦想镇,837387,https://pan.baidu.com/s/1gMYXMQsIL9MY9iWxMieL4A,https://cloud.189.cn/t/Y7rIz2RrMF3m
突袭5,650831,https://pan.baidu.com/s/1KWiz2eIsMa3NEqmvkXKZtw,https://cloud.189.cn/t/yA7JRvUBFjE3
使命召唤4现代战争重制版,519679,https://pan.baidu.com/s/1Te4Utl9CZt4_V8IB1avPCw,https://cloud.189.cn/t/Nnqai2BVJRZv
汽车制造,845803,https://pan.baidu.com/s/1QC-gR-Dl2po4YsYOW2BqDg,https://cloud.189.cn/t/qIFfEb3qiYfm
Silica,998657,https://pan.baidu.com/s/13pmxHeAr8w18TANOtbfDPw,https://cloud.189.cn/t/Vbiyqibuyyei
最终幻想战略版 伊瓦利斯编年史 虚拟机版,628781,https://pan.baidu.com/s/16_H2N5TFlnrrCQhaAfH4Ag,https://cloud.189.cn/t/iIBreuQ7Breq
土豆兄弟,481453,https://pan.baidu.com/s/1rModo4soU9DYDDju-4Hfmw,https://cloud.189.cn/t/YnQJ7baIbAva
超时空方舟,362245,https://pan.baidu.com/s/1L-9JRVH1p2rGa_1Ubb5jug,https://cloud.189.cn/t/uMNJvu67nqqu
火湖,223056,https://pan.baidu.com/s/1V6_gvvYtWpn6ikRU2hQOYg,https://cloud.189.cn/t/vmmIfuny6rUj
幽灵观察者,"=""004189""",https://pan.baidu.com/s/1g6Ry7Fz8LjA4f45gqyvzzg,https://cloud.189.cn/t/IRNfYrv6vqUf
加利宅邸悬案,360844,https://pan.baidu.com/s/1O3d_o_Xn8ucUDDlephJM_g,https://cloud.189.cn/t/aMrqArUz6Znm
踢蹋爵士的冒险,786128,https://pan.baidu.com/s/1RCMAS9a0eK-sYDgSPFB0zQ,https://cloud.189.cn/t/rUZ7zqmQBvAv
王之凝视,581851,https://pan.baidu.com/s/1SCmeLXxKOF7DnIndQsWagg,https://cloud.189.cn/t/VvIZju6bqIny
魅魔的游戏,363919,https://pan.baidu.com/s/1AZ7PPev0AnzKOTE94s57vQ,https://cloud.189.cn/t/vUZVRbjUVjQz
飞艇：征服天空,278753,https://pan.baidu.com/s/1NbUm7IiUiYIsPKrBhWFh0g,https://cloud.189.cn/t/mIR7B3MRjm6v
Y5052,241656,https://pan.baidu.com/s/1KrPyotfJCx4c8uY1nWl7Ng,https://cloud.189.cn/t/qiEJbmv2Y3Yj
N3008,646322,https://pan.baidu.com/s/1EYPJ97_ygvG7Tx5uIMoT1Q,https://cloud.189.cn/t/MneARrRJFVFf
收获日3,779727,https://pan.baidu.com/s/1gz8clu2EENXR5iN6UfiTVw,https://cloud.189.cn/t/bYVrQbj6FZra
F1车队经理2024 虚拟机版,380166,https://pan.baidu.com/s/1KfHU6GJJV3K27d893F4d5A,https://cloud.189.cn/t/7nIRRraamUNb
F1车队经理2023 虚拟机版,444167,https://pan.baidu.com/s/1JdJOWPYLz3xnASsTyzSIgQ,https://cloud.189.cn/t/2mq6fiUny6Vz
收获日3 Online,875248,https://pan.baidu.com/s/1GGE6ao6sScXtb1F45dpCzA,https://cloud.189.cn/t/7ZRvumryaQFz
F1车队经理2022 虚拟机版,705892,https://pan.baidu.com/s/1j4n6SxujrXaEGUFxlx5lRQ,https://cloud.189.cn/t/jmaUF3eIVZzq
古松岛,192410,https://pan.baidu.com/s/15nvj5OvyS4qlVem405CJWA,https://cloud.189.cn/t/6BRNvamUra2q
Survive the Nights,946652,https://pan.baidu.com/s/1ayaH1qqlonZncAoA-ooeaw,https://cloud.189.cn/t/yMzumqJ73Qja
X5047,869088,https://pan.baidu.com/s/15DF9c2nDoYqXGcDw9dXPnQ,https://cloud.189.cn/t/FFF73aqymuI3
L5040,543848,https://pan.baidu.com/s/1mw2cra_iZFCW64r62GOg4w,https://cloud.189.cn/t/UZziiuaqqYJ3
H5030,839693,https://pan.baidu.com/s/1_-Iiqkes1FzmL07u8N3cnw,https://cloud.189.cn/t/qmmaUz3yuY3u
X5048,255041,https://pan.baidu.com/s/1hyFa5K7Hewsf1v8VBlll4g,https://cloud.189.cn/t/zUJNvyfeq2ui
缺氧,657806,https://pan.baidu.com/s/1qM6QRBBg7_jFToz90ZRoow,https://cloud.189.cn/t/EBnmqyZzemIj
热狗 马蹄和手雷,976062,https://pan.baidu.com/s/1JgItPeTl3HVDzZTvkDiPgQ,https://cloud.189.cn/t/nqiQ3aArMBba
图书管理员：整理魔法图书馆吧！,471675,https://pan.baidu.com/s/1zhbRowH1TG364DckXyFUDg,https://cloud.189.cn/t/qU7f6jERfUre
S5048,874690,https://pan.baidu.com/s/1Z4wHr2YzeohZwLRFEL6XmQ,https://cloud.189.cn/t/2aIjErii22Yj
废都电锯姬,715733,https://pan.baidu.com/s/1POJXTU2KaI-yebJhptSbYQ,https://cloud.189.cn/t/v2y6VfnyMvEv
火花奇遇记 自动化冒险,293805,https://pan.baidu.com/s/1NvyA5w8TzAWPvoxPO71X0w,https://cloud.189.cn/t/YfeeInqAzym2
挖掘者米娜,736548,https://pan.baidu.com/s/1-Ar-MCU6EF7JS-GNbReVcw,https://cloud.189.cn/t/7jiEBzVv2iea
X5045,812874,https://pan.baidu.com/s/1Cvf4rZyMtLqdsXjtAAN7FQ,https://cloud.189.cn/t/fMfMjunYvQVf
房屋建造者,"=""023545""",https://pan.baidu.com/s/1YQb2derp7NSVetaCwU0H4w,https://cloud.189.cn/t/bmqeQfIba6bq
X5046,"=""099128""",https://pan.baidu.com/s/1xP9pO6PqomEFBtJ_F7U0sQ,https://cloud.189.cn/t/Zr6zU3uyIBVv
S5047,725691,https://pan.baidu.com/s/18tmUyPiKhaFGPkfQFJ7tYw,https://cloud.189.cn/t/Mn67BnfEJreu
七日杀,"=""024594""",https://pan.baidu.com/s/1gcLl8Rike5Ds6i-EHgcASA,https://cloud.189.cn/t/3aqiIzZVJJja
NBA 2K26 虚拟机版,197884,https://pan.baidu.com/s/15JB4JUFa3xmACvoiLAt_lA,https://cloud.189.cn/t/F3EbumrUNFfq
流星洛克人 完美合集 虚拟机版,735653,https://pan.baidu.com/s/1Iu-4kIjtM8grKb7mCHhROA,https://cloud.189.cn/t/uAF7nizqUf6r
鬼灭之刃 火之神血风谭2 虚拟机版,892772,https://pan.baidu.com/s/1AzkQ3lHzIsl2gFi2f_9zSA,https://cloud.189.cn/t/32MreeNjyyu2
噬血代码 II 虚拟机版,"=""071021""",https://pan.baidu.com/s/1e6GgVopC1yTHMYmcdMdLSQ,https://cloud.189.cn/t/yaiauaNfu67n
艾恩葛朗特 回荡新声 虚拟机版,"=""085570""",https://pan.baidu.com/s/10Zki4mUHjMoSnpESrCjyHw,https://cloud.189.cn/t/AjQrAbnmENZ3
逃出从此以后,987899,https://pan.baidu.com/s/1zeOQppcgqSrCuetnLuaWGQ,https://cloud.189.cn/t/6vAZJnFrmMji
纸房子,509549,https://pan.baidu.com/s/1vZm2l9Vs4GdLfpcGIKbBVw,https://cloud.189.cn/t/E3I7JnFVrEzu
往左一点,555812,https://pan.baidu.com/s/1--zH96uIWJi-iOka5QJlwA,https://cloud.189.cn/t/zYnmqi7rYNfu
双截龙再临,500741,https://pan.baidu.com/s/17fSgHhNfWfYwzMpYvgPYaw,https://cloud.189.cn/t/MZbaEjYr63Az
雾隐天途,773067,https://pan.baidu.com/s/1iDA7lIWjGtBLy4DuSMRyrA,https://cloud.189.cn/t/y2UvqyjiENb2
纷争终结者：被遗弃的孩子们,523232,https://pan.baidu.com/s/1KJ2KlaSazyrRqxSx-TOnTg,https://cloud.189.cn/t/uU7r6nyiAjum
阿喀琉斯 不为人知的传奇,390184,https://pan.baidu.com/s/1fr2rXWZcgijpU-BtCOBw4A,https://cloud.189.cn/t/emUF32BFRVFz
M5049,500669,https://pan.baidu.com/s/1knDG3T8_miXDfHXnjg-P4g,https://cloud.189.cn/t/26famuZnMBvy
巨击大乱斗,713715,https://pan.baidu.com/s/1VjWlD9RIF9_KhpvrxihiWg,https://cloud.189.cn/t/qyErqau6FbA3
低魔时代,626385,https://pan.baidu.com/s/1lKNxetj2O1EG8ttG5WAi-A,https://cloud.189.cn/t/nYJrYrAZNVFv
铁锈战争,421606,https://pan.baidu.com/s/1GiLev3b4ytFu0JTpvw-cFw,https://cloud.189.cn/t/nQbYviNzUfee
索尼克赛车 交叉世界 虚拟机版,614358,https://pan.baidu.com/s/1scD_5fnirqNg1Ysr_Z4mcg,https://cloud.189.cn/t/YjMBVbye2me2
怪物猎人物语3: 命运双龙 虚拟机版,306674,https://pan.baidu.com/s/1efeB1e_Enhua76r1lq7_5A,https://cloud.189.cn/t/Rz26r2f6jUZ3
战地4,840774,https://pan.baidu.com/s/1dsTtb30XjD0mAGTvk9zQfg,https://cloud.189.cn/t/VFNJJrUB7b6r
足球经理26 虚拟机版,875649,https://pan.baidu.com/s/1apnK6vb-WpKxRwNhoeoBQQ,https://cloud.189.cn/t/7bimY3mqqiqe
神力科莎EVO,153174,https://pan.baidu.com/s/1Me2WOKxBIOpbpvxy9dpBSA,https://cloud.189.cn/t/RFZjU3nQzyiu
深空梦里人2：逐星之旅,265529,https://pan.baidu.com/s/1-I6IllFowsvuRe8SXDhBaA,https://cloud.189.cn/t/7VNVbuZJnUFv
漫威蜘蛛侠重制版,446031,https://pan.baidu.com/s/1vP86Jx2CjbAXZSVhB0Fkxg,https://cloud.189.cn/t/iMbeaaYJzUrq
数码宝贝物语 时空异客,799922,https://pan.baidu.com/s/1ELuQZ46UYaz_YL6m5UWA_g,https://cloud.189.cn/t/qqaAVbrEjUja
战地1,868338,https://pan.baidu.com/s/1Jmam3LsO77q4JMkah2r0Ww,https://cloud.189.cn/t/fIJRf2iMjqea
欧陆风云5,688005,https://pan.baidu.com/s/1Eape6MjHTqzpSrrVISGxBw,https://cloud.189.cn/t/BJvIBrB7BZji
鸦卫奇旅,981992,https://pan.baidu.com/s/1uCjNzWgkHa4hb64DV48xzA,https://cloud.189.cn/t/2aqqIvRZf2Ur
战地3,821960,https://pan.baidu.com/s/1HAtf84jZ-FdM-LG6k3alPA,
呓语小镇,"=""086737""",https://pan.baidu.com/s/1FCPK2pWj84hWKph6jdzm6g,https://cloud.189.cn/t/BJfYVrVN7Fva
112接线员,564578,https://pan.baidu.com/s/1-C-grv2BwOZlA_s8oapPNQ,https://cloud.189.cn/t/fYRBBjNjUfU3
H5029,"=""046240""",https://pan.baidu.com/s/1uKXYx473XZzam3VFdXPNuw,https://cloud.189.cn/t/nENJJv7zmaEb
对马岛之魂 导演剪辑版,669797,https://pan.baidu.com/s/15Ln53APDhZY6Hp-rO6n83A,https://cloud.189.cn/t/YnYrqiuiMZRv
毁灭战士：黑暗时代,886453,https://pan.baidu.com/s/1CmmHPexhCQ8aDt0QUoFK9A,https://cloud.189.cn/t/i2I3If7f267f
漫威蜘蛛侠 迈尔斯 莫拉莱斯,505337,https://pan.baidu.com/s/15VS5UyXRm8KzrtBidEwHKw,https://cloud.189.cn/t/Bz2UB32AR3Mr
剑与魔法,477484,https://pan.baidu.com/s/1uRdqQD6fV4cNVuXcIX53gQ,https://cloud.189.cn/t/nq6vQbJ73qyy
瑞奇与叮当 时空跳转,250665,https://pan.baidu.com/s/1uVSDgWA-2_AziUr4n3Skrg,https://cloud.189.cn/t/qAFj226Vnmmm
风暴之城,764571,https://pan.baidu.com/s/1y-6W7zPAxyoGIfEqqfJifg,https://cloud.189.cn/t/ruMrqiIrE32a
潜渊症 Online,322780,https://pan.baidu.com/s/1sopSQhh4uk_tg3h-FXZmSQ,https://cloud.189.cn/t/eUrmQbJNvQjm
过山车之星2 虚拟机版,972218,https://pan.baidu.com/s/10TDYyXjOrJx5qiGATEjbig,https://cloud.189.cn/t/YRvy2yfQz6Jr
胡闹厨房 全都好吃 Online,356921,https://pan.baidu.com/s/1QlrVyIQPCbaBWOe60uNSNg,https://cloud.189.cn/t/iUZvQz7riERv
安抚,201767,https://pan.baidu.com/s/1fuepvg7HuwrSofpfyeXxMA,https://cloud.189.cn/t/rmEb6zBNJBJz
死亡日 狂杀末路,143649,https://pan.baidu.com/s/1gUc_jeCo8nyPQejf9mX5XA,https://cloud.189.cn/t/Nfuua2VfqANv
神秘岛,"=""019128""",https://pan.baidu.com/s/1J8VEo7U32LSUtPbK5KPB1Q,https://cloud.189.cn/t/vAVNNj7jqYre
当铺人生2,493116,https://pan.baidu.com/s/1CEP6GTgpOcCxqTi6Y9oFNw,https://cloud.189.cn/t/aMN77fNFVryi
消逝的光芒 决定版,769604,https://pan.baidu.com/s/1cQZhkuDLDYnD01nh2SVwqw,https://cloud.189.cn/t/RbiAJraaqqEv
风暴崛起,932846,https://pan.baidu.com/s/1z841Uljo7WsW9jhlHyAAjg,https://cloud.189.cn/t/3qmAneza2aay
汽车修理工模拟2021,188256,https://pan.baidu.com/s/19Q3pLyNYs0_Z0e-uqNzkyw,https://cloud.189.cn/t/7FR3UjFVnQVf
Ithya 魔法研究室,"=""005772""",https://pan.baidu.com/s/1hhTzi_TMhoOkQRPqzKHe9g,https://cloud.189.cn/t/f2YfE3quqQBn
蚂蚁帝国,423418,https://pan.baidu.com/s/17bZFIYbdO9c1iUlEinoh8Q,https://cloud.189.cn/t/zuqUnaBvyAVv
使命召唤 现代战争2 2009,128380,https://pan.baidu.com/s/1NyuVpUM_nD-QvF9y39R3RA,https://cloud.189.cn/t/fIbaMf6ZzAj2
凯蒂猫岛冒险 虚拟机版,990484,https://pan.baidu.com/s/1k0d9lpCa_gprBrBzDfnPcA,https://cloud.189.cn/t/feYVran2Ifmu
黑猫速递,187171,https://pan.baidu.com/s/1VG84w4o3CQBXRhpg8KHUeg,https://cloud.189.cn/t/jmQJR3b2i6zu
永恒寒冬,171984,https://pan.baidu.com/s/1XFBpKM4sT9hd21n7vdpJeQ,https://cloud.189.cn/t/QVv2QznA3quu
恶煞车手,243557,https://pan.baidu.com/s/18FIMdA5gOEyQaDsWjLXp0Q,https://cloud.189.cn/t/j63MR32uMfqe
Project Silverfish,818096,https://pan.baidu.com/s/1ozVjtkSOqaXSD2VjazglHw,https://cloud.189.cn/t/U3uiiyrERVBr
永恒之柱,386576,https://pan.baidu.com/s/13kXnQrEfV1jry1hjOPa2lg,https://cloud.189.cn/t/i2EBZnuYRzuu
H5028,594805,https://pan.baidu.com/s/1XV1x8wJawZcDY-PKg8eYJQ,https://cloud.189.cn/t/6b2um2Bn2uUr
我的可爱皇后,498150,https://pan.baidu.com/s/1w_-jt-GxCOWPcjEC8OhlfQ,https://cloud.189.cn/t/mIbaUrMbiIJz
D5033,"=""057461""",https://pan.baidu.com/s/1_4Vr1g079MtqmYW_lRSydg,https://cloud.189.cn/t/IFZnIzUzeURj
S5046,"=""098660""",https://pan.baidu.com/s/1kiVQ0BclF0SkYVmq37Gkgg,https://cloud.189.cn/t/fQZNFzEVruue
W5020,191049,https://pan.baidu.com/s/1MOv39BlHiHmvzWL08noJRg,https://cloud.189.cn/t/NBR3MjNZrMFj
城市：天际线,512437,https://pan.baidu.com/s/1_lUbBNlHXnH4Xd9Vq5RIhQ,https://cloud.189.cn/t/uuY3uaniyE3e
漫威复仇者联盟,800568,https://pan.baidu.com/s/1mEgr41xd7YHt2yaXco5-Yg,https://cloud.189.cn/t/BJzaqaqUbEvu
木筏生存,968765,https://pan.baidu.com/s/1tt9wFafF6TStnsczZ0MZJg,https://cloud.189.cn/t/JB36je22UZ3y
战争号令 地狱之门 东线,452502,https://pan.baidu.com/s/1nnkD0Ug7GKsGa3D5Yi_23g,https://cloud.189.cn/t/YfqAZnjiMjQn
超越光速,180855,https://pan.baidu.com/s/1kyGyvVH56qmgIYwNQuOIkA,https://cloud.189.cn/t/femYnqjAzueu
滑板模拟器,212521,https://pan.baidu.com/s/1DRVNyZuKcWL8GdFJ455c_Q,https://cloud.189.cn/t/QrqeA3yuQbAf
她的树 谜题梦,260822,https://pan.baidu.com/s/1igYcB6-a4i684_fWkzkdiQ,https://cloud.189.cn/t/3Ave2yYfuqMj
不撞机 FPV无人机模拟器,953011,https://pan.baidu.com/s/1fm17bs6DyhhxxarzQB7Diw,https://cloud.189.cn/t/JRNjUnfyeu6z
驱逐舰 U型艇猎手,656807,https://pan.baidu.com/s/1aCZ5JtfcSP7uaMrlqDSlDg,https://cloud.189.cn/t/Qz2MvqqaAzQn
龙与地下城 无冬之夜2 增强版,573437,https://pan.baidu.com/s/1xSuRwxukEQZckpAnfb0F4w,https://cloud.189.cn/t/uMVnmmRjIzUv
书行者,789813,https://pan.baidu.com/s/19hww6jXi-JxusYdE526xJg,https://cloud.189.cn/t/BnYr6jJvauum
黑暗使者,386881,https://pan.baidu.com/s/1dPVUaGlaqRSwJqoqCkyYFQ,https://cloud.189.cn/t/BBRrYjUNbAby
阿斯特赖亚,278221,https://pan.baidu.com/s/1qcVntsdc1SB3FcXkoQK99Q,https://cloud.189.cn/t/i6N77ruAraey
GTA5 传承版,370850,https://pan.baidu.com/s/1rCB7TpD5UwwJz7CtzooxyQ,https://cloud.189.cn/t/YzYR7bRFrUNv
骑马与砍杀：战团,799027,https://pan.baidu.com/s/1nXNRuId_tCoU-poPxiUPXw,https://cloud.189.cn/t/miIveybU3euq
X4基石,519501,https://pan.baidu.com/s/1Qu3F6dPgO4aeDqK_a0LK4A,https://cloud.189.cn/t/ZfU7Zz7Fz6Nj
Chrono Gear: Warden of Time,160626,https://pan.baidu.com/s/1Qq9qaVWFAf-jKncLXBNdeQ,https://cloud.189.cn/t/v2aYruINjqI3
桥梁建造师2,573430,https://pan.baidu.com/s/1JX9LIcwGfAPRGIkMFZ5h8g,https://cloud.189.cn/t/AJFJ7vEZvUzu
殖民地生存,274792,https://pan.baidu.com/s/1_F1i9mJJP2Ly4e90A_HYqw,https://cloud.189.cn/t/zyAz6rveAvye
A5020,485845,https://pan.baidu.com/s/1gUpSZWYSuuoTwFtsuku0bA,https://cloud.189.cn/t/UrIN3eqArMFb
D5030,"=""068821""",https://pan.baidu.com/s/1MfEJWRVUQ671X_dI6-3HEQ,https://cloud.189.cn/t/7bURJvJnMbia
I5002,773340,https://pan.baidu.com/s/1LPBPLc4WarQ7GKdneoFRLg,https://cloud.189.cn/t/aArYzuIFjYnq
求生之路2,984642,https://pan.baidu.com/s/1erupO5-dgYuuvEAAnNfozA,https://cloud.189.cn/t/NzaMbiMVRrE3
死亡搁浅2 冥滩之上,759079,https://pan.baidu.com/s/1_eK0-yElkaG4j4vnQSvTGg,https://cloud.189.cn/t/ayyaErYb2Yrm
艾尔登法环 黑夜君临,187751,https://pan.baidu.com/s/1aNk3368pTPj3anHQqRt6qQ,https://cloud.189.cn/t/fEFfYrFrq63e
钢铁雄心4,686385,https://pan.baidu.com/s/1wAHXl13x9OoxMy_cJteoyw,https://cloud.189.cn/t/yIRRjqbMzuma
罪恶装备奋斗,689969,https://pan.baidu.com/s/1zQ8e-V-qjwzDHszUxXE0TQ,https://cloud.189.cn/t/NJzYZ3ymUr63
灾后修复师,911647,https://pan.baidu.com/s/1n4QtR83f7bDoMWC_M_WAiw,https://cloud.189.cn/t/Q7ZF3uJJRnym
网球精英4,343470,https://pan.baidu.com/s/1G8v0Zl9Y1PX_qSs1y4kPcQ,https://cloud.189.cn/t/3yUjym6veEJr
你有饼吗？,887286,https://pan.baidu.com/s/1y3n0m-JElLRTrNuvTtxyBA,https://cloud.189.cn/t/fMZBzqz22Yfy
地铁 觉醒VR,631205,https://pan.baidu.com/s/1fGAKA1fEeuLypbBqXHjZgw,https://cloud.189.cn/t/YZjuMfVZ7R7j
战锤40000 战区,340643,https://pan.baidu.com/s/1AQCuANnpGJSYIqQr-GnFUw,https://cloud.189.cn/t/7b6vAjaQfAJb
天外世界 太空人之选,954154,https://pan.baidu.com/s/1wljlmJ9SGO8IcOHniCm27A,https://cloud.189.cn/t/uMbu6rR7RVFf
撞车嘉年华2,631779,https://pan.baidu.com/s/1UF6uDqw6IZo9leurC2_2dg,https://cloud.189.cn/t/U32y2yBNBFfy
阿门罗,"=""045922""",https://pan.baidu.com/s/1muW0bUgwPKdZKc8RJToKvw,https://cloud.189.cn/t/JfuYruVJj2Yj
法外枭雄 滚石城,375959,https://pan.baidu.com/s/1Zta1oEkcOqjLrZR9CJ_0jw,https://cloud.189.cn/t/QfQvuiRfuu6z
喋血街头4,"=""048020""",https://pan.baidu.com/s/17R9ElBDvia-mUKSVZJpX2w,https://cloud.189.cn/t/y2I7Jr3YZ3Uj
几度相逢若初见,408629,https://pan.baidu.com/s/1foXLxtIDPn_typmeeKwnwQ,https://cloud.189.cn/t/UbquUv2QzyQ3
今古群侠传,712413,https://pan.baidu.com/s/1RKFKJGCkx4RvP-VQbNeUXw,https://cloud.189.cn/t/aeMrQ3zYJRfe
胜利之海 大西洋,289725,https://pan.baidu.com/s/13A5TrX0FjK0h-zloFcsPVQ,https://cloud.189.cn/t/b2QNBvfIBvMr
传送门2,750954,https://pan.baidu.com/s/159QYTyCNSFAetrkP3mRMEQ,https://cloud.189.cn/t/RvmINnNvqyIr
机械战警 暴戾都市,682207,https://pan.baidu.com/s/1RnL8nZsofI7ggOB1oqmhoQ,https://cloud.189.cn/t/V3MvMf2qYfuy
灵魂面甲,336466,https://pan.baidu.com/s/1okWnckcxEyHrptmi_9jTUA,https://cloud.189.cn/t/VfEJz2IZFrEn
卡德洞窟,466055,https://pan.baidu.com/s/1IzXlRe_3OLckP7_U5hynSw,https://cloud.189.cn/t/IZ7R32ANNRRj
王位陷落,896158,https://pan.baidu.com/s/1l6U3VfMtE7EPieGd_jCNrA,https://cloud.189.cn/t/6bAZzaIZVJZb
鲁特里一家死了,737913,https://pan.baidu.com/s/1MXweIuNpaQ9Qqunn47fu7A,https://cloud.189.cn/t/bQZNFrFvMfYn
模拟太空飞行,759306,https://pan.baidu.com/s/1uDmFPLyrBmfBb-YG0H0Kbw,https://cloud.189.cn/t/yaArIbrqUjUr
布斯特拉普岛,853373,https://pan.baidu.com/s/1JrO7zHKNK6Ff0wZMXdUt6A,https://cloud.189.cn/t/YrYFBn63q6N3
封锁协议 Online,870008,https://pan.baidu.com/s/14j9yx2Po5JtpNFqdNWJi8g,https://cloud.189.cn/t/F7B7r2eQNN7b
波波萌宠大作战,259148,https://pan.baidu.com/s/1zohuQL4XBSxJy5ThdkNXAg,https://cloud.189.cn/t/M3qYnqrUN3Qj
风暴工程 建造和救援,905617,https://pan.baidu.com/s/1nQYn5JMouLDrvU8rc_Amlg,https://cloud.189.cn/t/3iIVJvuyuEVn
后室 一起逃脱 Online,357681,https://pan.baidu.com/s/1-rcWHNQlPHslm4Z5Lmhvaw,https://cloud.189.cn/t/AF7VbunUnAni
笼子,313837,https://pan.baidu.com/s/1XGWGMQ09Dptzw2L2mlCeMA,https://cloud.189.cn/t/j26naiaIbYN3
密室逃脱模拟器2,997456,https://pan.baidu.com/s/1q5Y1sD9UE6cKr3qP43AGsQ,https://cloud.189.cn/t/JBBRBjU773ia
云之国,725129,https://pan.baidu.com/s/1fvEASdhX4ZKwUyeFhA74zw,https://cloud.189.cn/t/Yr6zeyuANNVb
晕晕电波症候群,956319,https://pan.baidu.com/s/1-Y3klXg2EI0Lj2LkTooGng,https://cloud.189.cn/t/by6vEzJj6Z3m
巴士模拟2,346649,https://pan.baidu.com/s/11Eu4p4lUzmBNKGSLvHjQkg,https://cloud.189.cn/t/YjiUJbMNJVZn
东方华心传,591995,https://pan.baidu.com/s/13rXKfnZ_boc4Dtv5UxYdCA,https://cloud.189.cn/t/BfI7JvmAJFvm
俄罗斯人对蜥蜴人2,910479,https://pan.baidu.com/s/1Ruhp5ncdJ-GuPe9J2Rex3w,https://cloud.189.cn/t/rERVf2JbuMzy
康斯坦丝,764985,https://pan.baidu.com/s/1tNjMc55MQ7FxqSvYSEgyNw,https://cloud.189.cn/t/qMzAJrrUNvmi
我们的冒险者公会,911936,https://pan.baidu.com/s/1e7EX-5nvqf-d7MjEnWHeuA,https://cloud.189.cn/t/aYnYVrMNzIva
烟花模拟器,142950,https://pan.baidu.com/s/1YJxQNe2IUH6E3C7NamnUNQ,https://cloud.189.cn/t/re67JjVfARni
Z3024,204447,https://pan.baidu.com/s/1SZqLWLtZoA8JLHeWbTcn0Q,https://cloud.189.cn/t/BRfMNrVjMVV3
横扫千星泰坦,809255,https://pan.baidu.com/s/1jPQ6iQQLN9snd5TRbcQ5jA,https://cloud.189.cn/t/EZv6biZJ7nu2
史前王国,987437,https://pan.baidu.com/s/1H5oJS2ga5kHR0MR6aM0JEg,https://cloud.189.cn/t/j2MjMj26Fjii
北欧之烬 诸神黄昏幸存者,656704,https://pan.baidu.com/s/1vPIkPgvUxY4SrW6B00P4pw,https://cloud.189.cn/t/JZzqUfeAZBrq
恶棍水域,725737,https://pan.baidu.com/s/1z5Kt5y9aXziD-9g-jY5PRw,https://cloud.189.cn/t/6NZBnqYb6Rnm
男爵,491420,https://pan.baidu.com/s/13r_sfqu7XWi1tmpEKTcYww,https://cloud.189.cn/t/2qa2YbMnMjae
A5019,653752,https://pan.baidu.com/s/1e2jbJAhMi5-8ewXeOnRmQQ,https://cloud.189.cn/t/6jAVneJB7jma
毁灭之军,802090,https://pan.baidu.com/s/1qpMs3wKb9qzJdewIeSvk8g,https://cloud.189.cn/t/zmQ32iRVJZne
通灵塔2,777010,https://pan.baidu.com/s/1pQrkhP606r3qY3SwcI77uw,https://cloud.189.cn/t/ZzAvim3IJBFf
X3007,292372,https://pan.baidu.com/s/18Ww_28i2mG5Oab0vyjhn_g,https://cloud.189.cn/t/uMvuaa3a6FJj
光与影 33号远征队,631956,https://pan.baidu.com/s/1beF0XKkhRzTMzOLHoSTO_w,https://cloud.189.cn/t/JNf2YzemUBru
非生物因素,918703,https://pan.baidu.com/s/1SMGgix2VUGeZUy5MGEZqMg,https://cloud.189.cn/t/6fqUJzzayYJb
森林之子,249710,https://pan.baidu.com/s/1aUYlaJ32KoudNdvZYwbFGg,https://cloud.189.cn/t/IBnUziIzENju
拳皇15,955081,https://pan.baidu.com/s/1zJ7oqzKtHeJKVE2gdBKrUA,https://cloud.189.cn/t/jemyUfEnm632
极限国度,752663,https://pan.baidu.com/s/1lENSMHZbIQMRgFJvCky-PQ,https://cloud.189.cn/t/aQjUb2ru2Yr2
达尔文悖论,453395,https://pan.baidu.com/s/173-VyDLfDUqii8WjmBbEug,https://cloud.189.cn/t/IzyaQzZFbyQn
盟军敢死队 起源,956394,https://pan.baidu.com/s/16VXf9WDitdKcp0lu6QS6EA,https://cloud.189.cn/t/e6BbeyemiIzu
漫威宇宙入侵,198266,https://pan.baidu.com/s/15Er9-Bphk9e696IaXeEPuQ,https://cloud.189.cn/t/umUveyMbaiUj
涅瓦,745891,https://pan.baidu.com/s/1_qjgMy-n1H2iQCDqFaHYog,https://cloud.189.cn/t/zAJRRnBN3Izy
飞机组装师,997906,https://pan.baidu.com/s/1dnOpuRSmBpYureNMzq5-NA,https://cloud.189.cn/t/IFbaemA3UzQn
八尺大人,988819,https://pan.baidu.com/s/1KwN21D4HBBk1QpDZSxdwfw,https://cloud.189.cn/t/IbMvayNni2em
罗密欧是个绝命侠,141468,https://pan.baidu.com/s/1_2veg8sSdpjslCetQH-9rA,https://cloud.189.cn/t/7JVzUfNBZZVv
半条命,836703,https://pan.baidu.com/s/1Fcr9UCcdmrug5D77OS1c0w,https://cloud.189.cn/t/YnIZFbfa6bAr
风屿奇航,367579,https://pan.baidu.com/s/1DupWQCfQ6ZOdNM7sGGJrDg,https://cloud.189.cn/t/ya2QniMJfmyu
X5044,282809,https://pan.baidu.com/s/12cHR4uVjQSnZcfpMnlqlOA,https://cloud.189.cn/t/ayMVjei6Fzyi
去月球,"=""013987""",https://pan.baidu.com/s/1NMexXrEjUDxvk9_sf26zsA,https://cloud.189.cn/t/2YJ3IrzqeAzm
失恋玩家,987932,https://pan.baidu.com/s/1vAx6Ms4nr7usdTkSpQj76w,https://cloud.189.cn/t/qmuyQbu6BVfy
顶尖决胜,421758,https://pan.baidu.com/s/1BKPsFFni5A6AAPjT1DS2Ew,https://cloud.189.cn/t/yqUFNrqu6jei
卡片魔王：只剩个头,326061,https://pan.baidu.com/s/1BUDotPN7LzthJdWpCMLoOQ,https://cloud.189.cn/t/qquuI3baeaM3
你只能推搡,360714,https://pan.baidu.com/s/1mVrskVw_BVKlkzln-C6p7w,https://cloud.189.cn/t/ZNRFjyJ7faeu
逆袭重启,423974,https://pan.baidu.com/s/1ESi-Ap-uZOEA4CPnz77xGg,https://cloud.189.cn/t/RjUrQjiUJjYn
壁虎之神,"=""048522""",https://pan.baidu.com/s/1bjQDL5tY4iOsdOKf2fyr6Q,https://cloud.189.cn/t/jIFnAzy6VJjq
L5044,700058,https://pan.baidu.com/s/1zO8bMntdjz2wME-Tzyahfw,https://cloud.189.cn/t/BrmUjuF7FVBb
城市巴士管理者,235128,https://pan.baidu.com/s/1IqtD_lKnpkf3KJknggwgig,https://cloud.189.cn/t/JbaA3eEBvyim
P5011,"=""055824""",https://pan.baidu.com/s/1z5q3tfaEQrAU4xJarKGXqQ,https://cloud.189.cn/t/2e6BRvErmAf2
Y5013,924244,https://pan.baidu.com/s/1FlLJzIvo9XpUmXFR4cEd-Q,https://cloud.189.cn/t/fyaemaumENFv
C5031,240414,https://pan.baidu.com/s/1RkZmEiQ-o8q8kJjnl1QWAA,https://cloud.189.cn/t/Ejmq22IveaAj
末日降临！被美女们关进避难所!?,276523,https://pan.baidu.com/s/1FZ0AoqbfLmJolwsz7dIFMA,https://cloud.189.cn/t/UniQJfzuYj63
D5031,925791,https://pan.baidu.com/s/1zfqb1C_gJU25zvEIEmjZ7A,https://cloud.189.cn/t/IrqqMzZbUZ7n
D5032,980539,https://pan.baidu.com/s/1PhE2bdT_RVT-zeCgFW2UWw,https://cloud.189.cn/t/eEZja2JJjAne
J5027,496974,https://pan.baidu.com/s/1PjqSrYrdlAidKGcx80bwug,https://cloud.189.cn/t/NV3M7rFFBBrm
天国 拯救2,242390,https://pan.baidu.com/s/1bldyQ5RZFXk1NopcJ0pUOg,https://cloud.189.cn/t/Ij2uQvU36Bbu
J3003,437745,https://pan.baidu.com/s/1GRawKtfnyqZMPDsKFbJj1g,https://cloud.189.cn/t/7ZNvyyRF7VZ3
雾锁王国,557158,https://pan.baidu.com/s/11len5tWhWXnIGPJ0QqqJYA,https://cloud.189.cn/t/EFjMzmNNveQz
神力科莎 拉力,943709,https://pan.baidu.com/s/1dT24oHqex851DQgPmQkEcA,https://cloud.189.cn/t/r63a22iiiENz
M工业,782183,https://pan.baidu.com/s/1j5cm7BDzibumVwxQOh5DAg,https://cloud.189.cn/t/NvUZ3yUniqQz
全球鱼友俱乐部：放置好时光,878379,https://pan.baidu.com/s/1FwS_dqDlFyiBPXSq-Es1Ug,https://cloud.189.cn/t/VBzMFfNNvumq
救国少女之斯娜静歌Sentinel Girls2,"=""041628""",https://pan.baidu.com/s/16p6tHlD374fzl9zVXS5NQQ,https://cloud.189.cn/t/rE3U32IFnA7z
嘘 美女拍摄中,219324,https://pan.baidu.com/s/1r4WoyHEVe8ObU_H0jljUzA,https://cloud.189.cn/t/Y7rAVrFZN7j2
欲望理论 第二季,568835,https://pan.baidu.com/s/1xyZ9Y8IA7WSDgrlsPEURyQ,https://cloud.189.cn/t/6j2mAfABbaAn
狩夜人,655950,https://pan.baidu.com/s/1KVICmIfYrQ2d2UZtPZqmhA,https://cloud.189.cn/t/f6vUbiEBNZzm
巫火,635099,https://pan.baidu.com/s/1ag3RM3JkgjQkzGDl0G6k-w,https://cloud.189.cn/t/FNzEjiq6riMb
最后指令,871275,https://pan.baidu.com/s/1xLN1NK5-d6q2C0ZcgcD-SQ,https://cloud.189.cn/t/jQrIvmJ3iYBb
灵魂面甲 Online,407905,https://pan.baidu.com/s/1rbEueAXrEbirHdWWE9Euuw,https://cloud.189.cn/t/bi2IJvmaAzQb
真菌朋克,326199,https://pan.baidu.com/s/1ZuRYeKNSyPoxBjyoI8ZtKQ,https://cloud.189.cn/t/AbuUBjZF7jYn
峰顶王国,515103,https://pan.baidu.com/s/1OnQMZ0Y3wcmmX5iNhaYL4Q,https://cloud.189.cn/t/yyqa2eU3IBNj
银河酒店,809118,https://pan.baidu.com/s/1Z8OOBvXc-DI_svc6KFQLRw,https://cloud.189.cn/t/vi267rJ3YRRf
M3016,982328,https://pan.baidu.com/s/1JVzOEV8FXk0PAcTLQVdppw,https://cloud.189.cn/t/bayumevmayi2
危险节奏2,924000,https://pan.baidu.com/s/1pUDmFf44I2ImNKmOs9boqQ,https://cloud.189.cn/t/VfaUnaFVrAJr
蔷薇的夜宴2 蓝玉石,663995,https://pan.baidu.com/s/13weB6EiM1JWc6b_Zm6Bosg,https://cloud.189.cn/t/fQjm6biEJRfi
雅皮士精神,658557,https://pan.baidu.com/s/1c2yvcMfCBnujIpHck5aXEA,https://cloud.189.cn/t/fQfMBbyMZrma
寂静岭f,"=""049018""",https://pan.baidu.com/s/1o5AZuTTkElraUDcb_Di_HQ,https://cloud.189.cn/t/UJJZVnu6BBRj
HumanitZ,"=""040421""",https://pan.baidu.com/s/1H2E0y9QUhJcJTfYAH4-aKQ,https://cloud.189.cn/t/Rre6biYfyUri
恶魔学家,677211,https://pan.baidu.com/s/1DhCxDp6aYLEI7rhF3kXfvQ,https://cloud.189.cn/t/mY7NRbVnAVR3
二手车模拟器2023,421628,https://pan.baidu.com/s/1t9_FK-53j_O4j0u5F-e-BQ,https://cloud.189.cn/t/BRV7fqAbqmqe
姆明：暖心冬日,982921,https://pan.baidu.com/s/157Fl-kl3H-oWlYPrghOwNw,https://cloud.189.cn/t/NbyqYvqA7J3m
以太术士,598673,https://pan.baidu.com/s/1hDmP9nMeYlodUWFGpSP7Ew,https://cloud.189.cn/t/7fa2y2eeiymy
炼魂之地 神偶剧院,265216,https://pan.baidu.com/s/1TJ-6c6WV5hF7YFyYZ2r4XA,https://cloud.189.cn/t/i6JFbmemIzMr
M3017,998252,https://pan.baidu.com/s/12CWWg0OVjuw16BrrR8m9Ew,https://cloud.189.cn/t/z6Bju2r63Ivq
冥河 : 贪婪之刃,445160,https://pan.baidu.com/s/1Ke82AqWUDu2PC4BZwNbN4A,https://cloud.189.cn/t/EnyyeeM7jUZz
Y5051,449376,https://pan.baidu.com/s/1HQkCch3bi7unzMQBFuljtQ,https://cloud.189.cn/t/3MfiEr7rMNba
幻影旅团,210833,https://pan.baidu.com/s/1LYgQRS9K5-P_s9Zw_RnR7g,https://cloud.189.cn/t/eUzqIrEj2i6n
B5014,119808,https://pan.baidu.com/s/1IN1TgFVwPLMAfjLLB5BGSA,https://cloud.189.cn/t/UBbaUb2M7f2a
H5027,310823,https://pan.baidu.com/s/1kkv_vDDY3dYoClTI01hNxA,https://cloud.189.cn/t/7zYj63zmUf63
甜心AI追捕计划,760589,https://pan.baidu.com/s/1MoKwrZcwW5qyZxz2XNLsrA,https://cloud.189.cn/t/UjAZJv3Mnieu
帝国时代4,502137,https://pan.baidu.com/s/164v23KomgaCMdbxMYnDO_Q,https://cloud.189.cn/t/3A7Jbm7ZR3Yj
神话时代 重述版,553953,https://pan.baidu.com/s/1ji0xSuSNuezLTyxcgWPekQ,https://cloud.189.cn/t/eAB7z2vUnUjy
城堡破坏者,986285,https://pan.baidu.com/s/1q12OdKtkWaZYoljJ_Xm0vA,https://cloud.189.cn/t/m26fEbyURRf2
旋转轮胎：雪地奔驰,569953,https://pan.baidu.com/s/1GwWMEZpn5JYo1M5jzNtEwg,https://cloud.189.cn/t/Vn2A3iQvMN3y
Elin,238545,https://pan.baidu.com/s/1hpXfpnYVkupxg-flY18rtg,https://cloud.189.cn/t/bUVjim6j2EVf
白指关节,405238,https://pan.baidu.com/s/11LHZWIlXubHSlR05vHKMfg,https://cloud.189.cn/t/faMzmaRRFRZf
驾驶地平线,"=""038574""",https://pan.baidu.com/s/1YTrpkEJaLLiR7ZN5pphZyg,https://cloud.189.cn/t/RJRfqqZNNba2
文字化化,938976,https://pan.baidu.com/s/1MCHqqCrzuw_0VTOjJOHotA,https://cloud.189.cn/t/Mnaia26Rv6Fn
要战便战,145094,https://pan.baidu.com/s/1j46cSTCMO7fPxuCM1b2z3g,https://cloud.189.cn/t/V3e6juFZjq22
取景器,452681,https://pan.baidu.com/s/1_mrTRttlrox57ccS_Kjl_g,https://cloud.189.cn/t/yiUZBbrUVBNj
太空避难所,808667,https://pan.baidu.com/s/11xBleJsnDyY12IFkQdYkOw,https://cloud.189.cn/t/JvUjayueMBFb
TBH: 塔斯克巴·英雄,679812,https://pan.baidu.com/s/1QrtWToIXAFbUIRoGPL8oAw,https://cloud.189.cn/t/aemyYv3qu2U3
点老救世记,977898,https://pan.baidu.com/s/1Lr1AYR3_kVN2TT8E-AQpZA,https://cloud.189.cn/t/aaaYZfjaUNZf
返校,867285,https://pan.baidu.com/s/1SM7QmvC__Kt1dgZSEkCg-A,https://cloud.189.cn/t/iQze2qYriyAr
基因守护者2,864290,https://pan.baidu.com/s/1gyNap3-CmGVvjtmUocYoVQ,https://cloud.189.cn/t/7rIV3yYFBfMv
沙丘 帝国,805107,https://pan.baidu.com/s/1TIx4N7kjDH3Im3iJOLIXCg,https://cloud.189.cn/t/ZfmEbyFvqIVb
TEVI,684787,https://pan.baidu.com/s/1WoinoWF4h1lvI2rcIMrDvw,https://cloud.189.cn/t/Nr2qMrmERZzy
巴别塔 混乱的幸存者,287577,https://pan.baidu.com/s/19DdjBGuZ544_ZQYR_bbv0g,https://cloud.189.cn/t/MzmYn2uMJVZv
一个关于攀爬的困难游戏,169368,https://pan.baidu.com/s/1Q2K5l17wknzThGfdd8jZoA,https://cloud.189.cn/t/QBfma2aUveyq
M5048,854582,https://pan.baidu.com/s/1mQu-eomcRMJCw6r28t5KeQ,https://cloud.189.cn/t/qmM3ya22iMZf
英雄不在,704397,https://pan.baidu.com/s/1-uMOv8O0TFRgrstVrzdOZQ,https://cloud.189.cn/t/mYzMFnaQR7fa
终末机兵,962342,https://pan.baidu.com/s/1yEyQqMc_es4UN9yRrQex6A,https://cloud.189.cn/t/jamQ7rNZJ3im
虚空穹牢,472122,https://pan.baidu.com/s/17HyFCvJ-cUtl_JLxdF0ViQ,https://cloud.189.cn/t/eiEZB3jIfQz2
深海刮刮乐,981205,https://pan.baidu.com/s/13LqZQIpHF93Mhha1Lzsltg,https://cloud.189.cn/t/jAn6zaZraiuq
超级星探,714611,https://pan.baidu.com/s/1XzEg5v71IprCfriP90YRwQ,https://cloud.189.cn/t/I7nEBzrAFzMn
废品场模拟器,213838,https://pan.baidu.com/s/1JwD8TJhcBZ0z0mVeFNmYQA,https://cloud.189.cn/t/QjIBRjm2Qzim
我朋友的女朋友,"=""055483""",https://pan.baidu.com/s/1St91vOrwbJF1ifD63rrMEg,https://cloud.189.cn/t/VbY3uiJFBRra
Y5050,761116,https://pan.baidu.com/s/1bnrYNs4Ip4Ox10zVmRJEZA,https://cloud.189.cn/t/VjEf6ruYZRFf
F5019,344178,https://pan.baidu.com/s/1ReWelmpcB6CmcBTrVeo0SA,https://cloud.189.cn/t/mmUnye2UNVVf
群星,523635,https://pan.baidu.com/s/1rS0UDG-NyrmdhGiKDwkAug,https://cloud.189.cn/t/7RnuyqZFj6ja
Windrose: 风启之旅,128609,https://pan.baidu.com/s/1t1EJkkfyvKEVTGRMjIoTGg,https://cloud.189.cn/t/IFj6bqBZjMZj
T3024,515500,https://pan.baidu.com/s/1csm1LXptaD-j3seeeScoIQ,https://cloud.189.cn/t/6BVBNvbQJrMb
电锯甜心重制版,727647,https://pan.baidu.com/s/1xJCgOMoArkAwd4fvZg5qmw,https://cloud.189.cn/t/RBZz22e2i2Q3
最后一位守护者,476618,https://pan.baidu.com/s/1WQIOhE4N00eCgM42Xx1KPQ,https://cloud.189.cn/t/zi2QBvUfQRnu
Q5017,412489,https://pan.baidu.com/s/1lj0RL6R8wmI-HnRzsREhIw,https://cloud.189.cn/t/yE7zuqUBnaQb
希克斯之歌,334901,https://pan.baidu.com/s/18Hfc6aDaPFCKJbaj3OYisg,https://cloud.189.cn/t/bQ7F3uYZ3UZz
地壳,118121,https://pan.baidu.com/s/1EchXLLnPPjTQ9pFGqE6NfQ,https://cloud.189.cn/t/re2i2yQ7RJfq
月影杀,130761,https://pan.baidu.com/s/1b7aSke6tVZKOrAnhX4cwpg,https://cloud.189.cn/t/3UNRZvFfeAra
寂静之歌,"=""078654""",https://pan.baidu.com/s/1Ky76P-ApIlJr8jj_Pszx1w,https://cloud.189.cn/t/MZbaeeBnqIvm
流浪汉模拟器,172159,https://pan.baidu.com/s/1uXW1VlajJFSbGbTFnhMgpg,https://cloud.189.cn/t/iuaaIbIbeaEb
冰风谷增强版,301329,https://pan.baidu.com/s/1QT2NvBZ1PC-3feONynFEtQ,https://cloud.189.cn/t/aqqY32niyI3a
霍格沃茨之遗,250425,https://pan.baidu.com/s/1VZhpC-XXtKkcyXn12xtY3Q,https://cloud.189.cn/t/imUveu6Z77ra
异星工厂,817194,https://pan.baidu.com/s/1lHe30yBp6RTZhkt0JEWGTQ,https://cloud.189.cn/t/BjIz6vYbUfAr
冰汽时代2,789732,https://pan.baidu.com/s/1ZxcvyLWAJiuNqS0icDRy3Q,https://cloud.189.cn/t/7BfqaeUZZbam
房产达人,522701,https://pan.baidu.com/s/1if8AMsZ-Weq5em7BsBUrFQ,https://cloud.189.cn/t/ZNJ32uYVb67v
吸血鬼爬行者: 屠戮地牢的吸血鬼幸存者,515705,https://pan.baidu.com/s/1zceb398k8_H76JLqYGDlGg,https://cloud.189.cn/t/uIRneeU36zYb
进击的巨人2：最终之战,689867,https://pan.baidu.com/s/1H34fOnzTLrWKb-bse9G3eA,https://cloud.189.cn/t/JNbYZv3uaiA3
T5024,454267,https://pan.baidu.com/s/1uiF-p4oaLG0orNU9Gqrt1w,https://cloud.189.cn/t/MRJBzy22y2ue
救命 怎么又塌了,465186,https://pan.baidu.com/s/1Sn4JDyPC2rOwGb8JblgZQA,https://cloud.189.cn/t/Efia2m3ueyMb
跃迁空间,767731,https://pan.baidu.com/s/1HXsKSNZ1mvWhV4QZKFXmFw,https://cloud.189.cn/t/7FJv2y32MF7f
终结者2D 命运未定,776738,https://pan.baidu.com/s/1nhj24y6-mpAQO31bDTIqDQ,https://cloud.189.cn/t/YvQzay3umqEn
S5044,856859,https://pan.baidu.com/s/1QMC9Ip3qfgmkWdHhvKmJ4w,https://cloud.189.cn/t/f2MF3iya6BBf
T5023,903865,https://pan.baidu.com/s/1r2D5xtVQnwGbny-yumbBig,https://cloud.189.cn/t/aqqYziYRJfI3
X5043,248657,https://pan.baidu.com/s/1IFwmV_dXRXRZnyS3bzPWhA,https://cloud.189.cn/t/uuUvqiEJfEzy
B5013,958468,https://pan.baidu.com/s/1bXrsPp4qJ9NTy7p-gB6xaw,https://cloud.189.cn/t/yM7JJzbQnuay
G5001,719653,https://pan.baidu.com/s/1xCyNGplW-e0RV4HGkWP9VQ,https://cloud.189.cn/t/ERVvYf6JZFrq
M5047,"=""079891""",https://pan.baidu.com/s/19XgmwHU7z78Elka8adkz5A,https://cloud.189.cn/t/FneYNzIzYfMz
帝国时代2：决定版,646114,https://pan.baidu.com/s/1SrNeD4XHPvQRrb1J4KOlGw,https://cloud.189.cn/t/QFBnQrVRRjUf
双点博物馆 虚拟机版,582117,https://pan.baidu.com/s/1onDpLuQcwG-M08ZLF5Ua1g,https://cloud.189.cn/t/bqM7z2yeqUje
城市天际线2,988652,https://pan.baidu.com/s/1TecuOeeOdvDgqCIAdJE6Wg,https://cloud.189.cn/t/ziEjMzjQfYZf
视频商店模拟器,332077,https://pan.baidu.com/s/1yEraWkHUDeRphfryZkUCZQ,https://cloud.189.cn/t/FJrIne3quU7v
吸血鬼 避世血族2,262590,https://pan.baidu.com/s/1YqInUBkyKSArSpBrNndDWg,https://cloud.189.cn/t/J3q6n23Iza6v
深岩银河 幸存者,610916,https://pan.baidu.com/s/1ixYsrXZhIN1UjDkp3JlZXQ,https://cloud.189.cn/t/jAFjEfRr6Nv2
围攻,275392,https://pan.baidu.com/s/1IwvqGJf1fea3cKwPuai5mQ,https://cloud.189.cn/t/uYvQF3i6F3ue
街头霸王4终极版,815918,https://pan.baidu.com/s/1Phup-tjFLFkk6TK-1KD1Rg,https://cloud.189.cn/t/Q7VBZzrEBRbq
L5043,549457,https://pan.baidu.com/s/1l_OoQJpZM3JxBHhzeqqsuQ,https://cloud.189.cn/t/iMjYnmV3YFBn
修车吧！兄弟！,288109,https://pan.baidu.com/s/1GEJY_34G_KrBE9h-O9gm0A,https://cloud.189.cn/t/INfAreY7vUr2
史诗战争模拟器2,996055,https://pan.baidu.com/s/15UWEJl12UvOrVKrpVizviQ,https://cloud.189.cn/t/BfeEbiVbeIBz
教室,"=""023313""",https://pan.baidu.com/s/12LrKUtw3CLIsy8uLTfgXbw,https://cloud.189.cn/t/7ZbimyYJFv6n
Y5048,"=""050401""",https://pan.baidu.com/s/183d_uBaTkwuP87om9GxQuA,https://cloud.189.cn/t/jI73Mn7jimIf
X5017,144448,https://pan.baidu.com/s/1qrUmcHux7g5OB27jV0I3Vg,https://cloud.189.cn/t/jMjYfiIF7nUr
Y5049,"=""001743""",https://pan.baidu.com/s/1w3kpAECkvpJtYd0gIYJ6Zw,https://cloud.189.cn/t/buMb2mRfIvqa
BRAZILIAN DRUG DEALER 3,380718,https://pan.baidu.com/s/1_1ZyUHTVAC9K8q5lDHyO3A,https://cloud.189.cn/t/YFjuIn263Qzq
MineMogul,986842,https://pan.baidu.com/s/1Ejy1c7cwxxvr0Lnlv_uoKw,https://cloud.189.cn/t/jqiqAj2YRN3i
Ara 不为人知的历史,525411,https://pan.baidu.com/s/1vbqcbkJekSVEh61kwvsyAA,https://cloud.189.cn/t/u2YZ3mfmYfMb
半剑,206250,https://pan.baidu.com/s/15Y1scBxKB7hV_57iVPVG6w,https://cloud.189.cn/t/EB3U7fzUZFBj
混音带,943030,https://pan.baidu.com/s/1PwVR9Rbw0GGhk57jUOkfqg,https://cloud.189.cn/t/IFnMRbeEzuUj
狩猎之道2,803586,https://pan.baidu.com/s/1_rJeHQHdcpkkEgw5iSn-MA,https://cloud.189.cn/t/6zAvequ2my2a
守夜人：长夜,800978,https://pan.baidu.com/s/1FfajUHefIBMyrVyCHtFjZw,https://cloud.189.cn/t/ABFJ7reaUBJ3
僵尸世界大战：劫后余生,651259,https://pan.baidu.com/s/1J0JVu1Mtwu2afRmqRP_zpw,https://cloud.189.cn/t/2mARzmrUzm6r
人类,649598,https://pan.baidu.com/s/1aMbvOOU3rv8zmH4x_Vu4SA,https://cloud.189.cn/t/VriE73ZZjeqi
龟龟潜海记,581770,https://pan.baidu.com/s/1DZ51AtcqcYP45I9A2UOOXw,https://cloud.189.cn/t/MrQfUb2mAVRn
中世纪王朝,380719,https://pan.baidu.com/s/1bCiSO4oOMQGecyfMDA1WPg,https://cloud.189.cn/t/IBFn63mieIbu
多罗曼蒂克,810325,https://pan.baidu.com/s/1VymTY6BXNpIQErABgHXwpg,https://cloud.189.cn/t/zU7jAv3Ebq6n
冒险家艾略特的千年奇谭 虚拟机版,474283,https://pan.baidu.com/s/1Oq8vW_z6Y2AHxb9jIRMHoQ,https://cloud.189.cn/t/B3UNbajQbUny
沃斯托克之路 Online,195445,https://pan.baidu.com/s/1R_D5n5yH3GxzJtyjHTcZKg,https://cloud.189.cn/t/AJNbA3rQ3ue2
一步一脚印 Online,932802,https://pan.baidu.com/s/1MFG9TZ-QB0XfyO8-8K-W3g,https://cloud.189.cn/t/viemyuNnMj6n
超级肉肉男孩 3D,860672,https://pan.baidu.com/s/18MtOOcgS2RRMIpHMl3awgA,https://cloud.189.cn/t/u26NfiEVrayq
模块工厂：自动化大亨,105795,https://pan.baidu.com/s/1LFhOvi3Ke84ThnZUJ_me5w,https://cloud.189.cn/t/uYNfayzuiEf2
ODDCORE,337277,https://pan.baidu.com/s/1wzOP_y3WUXZugqDbYVIkfw,https://cloud.189.cn/t/IVzURvYjmMnm
Pipistrello and the Cursed Yoyo,589783,https://pan.baidu.com/s/1LekmhCfxUYoY7wn7hP34lg,https://cloud.189.cn/t/QFJnInq6BZZv
血色西部,422829,https://pan.baidu.com/s/1ykYAwBCcYVlVP5GU7nQeYQ,https://cloud.189.cn/t/Nv6feiiYv6Zz
有这么一个家伙,893444,https://pan.baidu.com/s/1_L1zVVUrCOGaxUkLbLhopQ,https://cloud.189.cn/t/EjmEFzEniUFr
战魂铭人,931708,https://pan.baidu.com/s/1xsqx9mIXL83D_flRzsWpgQ,https://cloud.189.cn/t/QjmEniQvMfYb
杀手 暗杀世界,146655,https://pan.baidu.com/s/1ZecuLjJePZ9BaJIcxaq_Pg,https://cloud.189.cn/t/F7NbA3nyAnAj
潜渊症,"=""086019""",https://pan.baidu.com/s/14moatpnrl8hp-Vq2-bmNqA,https://cloud.189.cn/t/rYVriiQziuIj
太阳帝国的原罪2,638305,https://pan.baidu.com/s/1Kntg79FdvaVen18QCjxZZQ,https://cloud.189.cn/t/auaq22RFfayq
凯娜：精神之桥,196433,https://pan.baidu.com/s/1S3tR0MZvYPs6su9hy_utDA,https://cloud.189.cn/t/jMVFFv2aAnua
颂钟长鸣,332740,https://pan.baidu.com/s/13vlDqpMIRwtBJt-U9uBY-g,https://cloud.189.cn/t/E3mAZbJZZjqu
咒语旅团,759170,https://pan.baidu.com/s/1MZsT8lm6hJPn6O6-t7s_iw,https://cloud.189.cn/t/IRj2UveiMnmu
战场兄弟,389086,https://pan.baidu.com/s/1pmJJ6x-jm0wbdfuo0j_OTA,https://cloud.189.cn/t/qiUNf2yey2Aj
忆蚀,572728,https://pan.baidu.com/s/1TDggi4JAjtXCClIvMWQIGQ,https://cloud.189.cn/t/Q3uqIrNFJBny
坦克修理模拟器,442687,https://pan.baidu.com/s/1Av-xNzxQm6QjOoSu7i26Bw,https://cloud.189.cn/t/BneEzyVbma6v
欧洲卡车模拟2,361250,https://pan.baidu.com/s/1Fdw8Kdmykh3V2WTCwO3pJw,https://cloud.189.cn/t/FbieQzqE3iYv
赛道大师,"=""029863""",https://pan.baidu.com/s/1Oj1z-0QRvb4hqP4YnVgcDQ,https://cloud.189.cn/t/iiIFruQVbAfq
战争游戏：红龙 Online,531808,https://pan.baidu.com/s/14F_tlIllcS-p_BlhPWAxmQ,https://cloud.189.cn/t/z2qYZbIRR3Yj
工人与资源 苏维埃共和国,629861,https://pan.baidu.com/s/1QFEuBoU1gKTv_2ApnNRpmQ,https://cloud.189.cn/t/JveYZv7nMNbq
漫画英雄VS卡普空3,760052,https://pan.baidu.com/s/1FA8XAG_26l12dUmEcdMhhA,https://cloud.189.cn/t/zmMNfmUJRfuq
死亡回归 Online,936702,https://pan.baidu.com/s/1yhCXEzsCRvCbXiHqOYyFnw,https://cloud.189.cn/t/2a2i22y6zYJb
直到那时,473142,https://pan.baidu.com/s/1ooJJsBB28FR9sLacyvIklQ,https://cloud.189.cn/t/qIvEjeiQJnQ3
怪物厨房,930344,https://pan.baidu.com/s/1gVW6M5ZXaDYUM_vFzpo7Ag,https://cloud.189.cn/t/n2iqmmA3UZVz
静脉注射2,298123,https://pan.baidu.com/s/1Tlakz4ssob2N8-4iCN5Vqw,https://cloud.189.cn/t/VZryYfayqAfe
S3041,186221,https://pan.baidu.com/s/1NRb9ey3MaJFL_5wsp7zt3w,https://cloud.189.cn/t/RrYZzyFzQNvi
征服之歌,929048,https://pan.baidu.com/s/1uJ-8fC1KW6e8PzYhJDHxBA,https://cloud.189.cn/t/ZjU7fqmmyENn
东方异域见闻,371881,https://pan.baidu.com/s/1_b0pG6h_mUlIlYEg_3Guug,https://cloud.189.cn/t/mqYnqyMry6zq
鼠织小家,376013,https://pan.baidu.com/s/1YFSfr5hlWVD15_GsqaQveg,https://cloud.189.cn/t/bMZRJfEfAjy2
打骨折超市日记,990262,https://pan.baidu.com/s/1qLZq0vlLm_qNYh8RW8JhsA,https://cloud.189.cn/t/miEZniBbUfYj
春逝百年抄,801179,https://pan.baidu.com/s/1cv0oarr0xJqx2DnF7SPQHA,https://cloud.189.cn/t/yMJ36fN7raa2
全职猎人 NEN×IMPACT,890029,https://pan.baidu.com/s/14SXmYoGQhq63CbQO8spp_g,https://cloud.189.cn/t/NnMziaJ3qmim
种呱得呱,598212,https://pan.baidu.com/s/15tUXipMuEYLlrLE6BDpqsg,https://cloud.189.cn/t/zam67vFZNbMb
轨道连结,816772,https://pan.baidu.com/s/15nzf1ZygWcQTF4bREp8iXw,https://cloud.189.cn/t/BRrm6vBnmmEz
烈焰之刃,143344,https://pan.baidu.com/s/1DEMWH-BhlJ97KzQO_7yAXg,https://cloud.189.cn/t/zeeYVzFbie2i
P5009,410569,https://pan.baidu.com/s/1YsRBHjAQAWKMtsfz3V20iQ,https://cloud.189.cn/t/Ufm22qvQ7RBb
Y5047,586159,https://pan.baidu.com/s/15S8Hcqur62qv7GuHezmcwA,https://cloud.189.cn/t/MrY7jqVjmAjq
L5041,890375,https://pan.baidu.com/s/1b5zoXApzAPXyBIV-SIn5qQ,https://cloud.189.cn/t/BnENNbmeQrUb
W5028,380948,https://pan.baidu.com/s/1wiR3W3eBcoaZXVDkqiKH-g,https://cloud.189.cn/t/qqeU3q6ZFVRf
L5042,670109,https://pan.baidu.com/s/1PwOkoeaYnVqKaUU57jEXxw,https://cloud.189.cn/t/Vzi6jaFVfmi2
樱姬6,737763,https://pan.baidu.com/s/1Yl92TzIVd25YAV68ncW8RQ,https://cloud.189.cn/t/jqU7Vj6NFrEb
M5041,443093,https://pan.baidu.com/s/1LuBaPdWB78aUwrJvrg8mMA,https://cloud.189.cn/t/6feqmqueUrUj
J5015,596368,https://pan.baidu.com/s/16zg7iIEJJKjFaZDPteppPA,https://cloud.189.cn/t/3IvYjiMFVfu2
W5027,889932,https://pan.baidu.com/s/1t9LtiHCy_VUphUkba2QYNg,https://cloud.189.cn/t/eAVfmubMbaMv
黑暗之魂3,825026,https://pan.baidu.com/s/1jfMfSkiS_WHgTkglvXg2dg,https://cloud.189.cn/t/reuqeeYzyEru
黑暗之魂重制版,915986,https://pan.baidu.com/s/1ra8GAtvZMrp75dLHUjEqCA,https://cloud.189.cn/t/v2qEnyymQfqq
无人深空,755099,https://pan.baidu.com/s/1EWnsAy5BtqwGBGE8MtxWyQ,https://cloud.189.cn/t/au6BVvI3IFRv
黑暗之魂2 原罪学者,993018,https://pan.baidu.com/s/1Pikl3b3Svz60ST6_0qDngg,https://cloud.189.cn/t/6JviuuqMvUJj
逃离密室,748970,https://pan.baidu.com/s/1ucc5mls1lRBVZ5mitEBRRg,https://cloud.189.cn/t/vuyiAvUzQFba
进击!要塞!,113563,https://pan.baidu.com/s/1iZTZCnFo1wl-7vt3zUwNrA,https://cloud.189.cn/t/N3UNJjB7Rbi2
破坏创造王,783800,https://pan.baidu.com/s/1m9_8NY0sUrrnIrWdOouk4Q,https://cloud.189.cn/t/UFBBrmUVFR7j
神奇四叶镇,448007,https://pan.baidu.com/s/1FsiIhxQuSBa5bCy_G2qvOA,https://cloud.189.cn/t/ZFFNnyUFRJV3
地狱剑术,658383,https://pan.baidu.com/s/1Qk-fVoeytQpqCNxBEwvovQ,https://cloud.189.cn/t/NVrqQnVFvi6b
夺宝奇兵 古老之圈,364953,https://pan.baidu.com/s/1ii9D4lF8n0IhpEt_ztEd_w,https://cloud.189.cn/t/zaYfq2NRZz6f
星空,529026,https://pan.baidu.com/s/1UxWkPvla26Xs9FoLxcL7Aw,https://cloud.189.cn/t/aq6nyeY7Rvma
史莱姆牧场2,723559,https://pan.baidu.com/s/1ZKd-3vIsEY6uN7VlENMDuA,https://cloud.189.cn/t/bERVra2mYZJf
遥遥西土 Online,767769,https://pan.baidu.com/s/1X1XMTEhspC-bDs-7kYrCZA,https://cloud.189.cn/t/bAZjArFnuQVn
黑暗之魂2,788470,https://pan.baidu.com/s/179KeD40bAoN8jEuaapqUow,https://cloud.189.cn/t/ZFZBbaayyAN3
灵视异闻 FILE38 伊势人鱼物语,232071,https://pan.baidu.com/s/17UOCiKD5axoltbF_hGgDNg,https://cloud.189.cn/t/bENviezYVNVf
R.E.P.O Online,321952,https://pan.baidu.com/s/1bar2eYjIZ_32ebZXL2bKxw,https://cloud.189.cn/t/eYV7buAnU3Yv
小小梦魇 强化版,172170,https://pan.baidu.com/s/1Mqnx-YfZliYV3FCeiHe25w,https://cloud.189.cn/t/b2uyInYjEJza
阿西 美女室友竟然2,762864,https://pan.baidu.com/s/1lpmB81wbxdj5awpa6NhRLQ,https://cloud.189.cn/t/ruq2eyNvqeUz
乐高 哈利波特合集,216125,https://pan.baidu.com/s/12-rXidex5R1-80S_8rT6ug,https://cloud.189.cn/t/7jAbmqVFFNRf
Fretless The Wrath of Riffson,482501,https://pan.baidu.com/s/16fuJZZm18vtGjLF3sSpSyA,https://cloud.189.cn/t/3eimyeiei2ye
OPUS：心相吾山,340821,https://pan.baidu.com/s/186qmQgKYSxlcVOBxMsSmyg,https://cloud.189.cn/t/BNjAf22UryIf
虚空破坏者,403739,https://pan.baidu.com/s/1kf50Z-NKEOseelyOb3vf2g,https://cloud.189.cn/t/Mr22IfV3ieQr
Rogue Command,623890,https://pan.baidu.com/s/1BKfJhLupZLzSnvs4ng-MzA,https://cloud.189.cn/t/E7veIjjeyQrq
J5022,131468,https://pan.baidu.com/s/1UtRpg_0KFdegVcIFyUY2LA,https://cloud.189.cn/t/i2i67byyeYZn
昏迷 2B 地下墓穴,810347,https://pan.baidu.com/s/1HBW-gLFOg0LOkfJTC8Ru7g,https://cloud.189.cn/t/qYFZzaqYJ3Iz
妖怪汤屋,627560,https://pan.baidu.com/s/1YdGtJ5RsCEJDIp8UYOkjFA,https://cloud.189.cn/t/b67FfeFbiUBv
灵魂石幸存者,883139,https://pan.baidu.com/s/1leFB2bk-llPIChi51wVrzg,https://cloud.189.cn/t/MnAJBrEvU3eq
Y5044,203540,https://pan.baidu.com/s/1pvFyYgbTZ9pCPjKxvK9z6w,https://cloud.189.cn/t/YZFRZfzAF3ue
8020号指令,"=""088135""",https://pan.baidu.com/s/1HDygnShxFqqNKyRyGmFgUg,https://cloud.189.cn/t/YVRfAbBVjQRf
艾尔登法环,946083,https://pan.baidu.com/s/1cwt7exk5P-zWD4vLLjj8IQ,https://cloud.189.cn/t/IzIrQnEryeyi
方舟：生存进化,424131,https://pan.baidu.com/s/1AABZjKpJtT72tiTAdo1B-g,https://cloud.189.cn/t/QVvYV3i2uuei
最后的生还者2 重制版,168283,https://pan.baidu.com/s/1NBGDF9yUKJdRJNaW4PnXfg,https://cloud.189.cn/t/ziAv2qEF36Nj
QANGA,"=""022149""",https://pan.baidu.com/s/1LNlw7dfnFMnMr_EqeKasPg,https://cloud.189.cn/t/uYZJvyyuiquu
梦之形,810770,https://pan.baidu.com/s/1TMirlYS8l0o2-NANJOXaAQ,https://cloud.189.cn/t/BRzayqNb2iEv
房产达人2,618944,https://pan.baidu.com/s/1zysw2DrdS2oefZmUZzK7UA,https://cloud.189.cn/t/vueIbqVbENZj
火星求生 重启版,196701,https://pan.baidu.com/s/1mfwduTWKmsjDzsQuYNhmKw,https://cloud.189.cn/t/Y7Bvuy2m2aIv
The Drifter,732125,https://pan.baidu.com/s/1yUlbsqgXMfKQdWYJiPeloA,https://cloud.189.cn/t/fAnQfeBr6Nre
雷曼传奇,395792,https://pan.baidu.com/s/1SXnivUMVNWMz8noeX8YgjQ,https://cloud.189.cn/t/vuuyu2b2YvYj
明治东京恋语,276903,https://pan.baidu.com/s/1dn1CbP3OuZJ8PXfgdPtkbA,https://cloud.189.cn/t/ZRfE3yJrE3Az
军团,"=""018911""",https://pan.baidu.com/s/1kul2VvTLyC84N6obb8bW1w,https://cloud.189.cn/t/MRfQjm36FnAj
不可逾越的红花 双月,133022,https://pan.baidu.com/s/1zGywl13E9k9Le3GOiJv5Ew,https://cloud.189.cn/t/EBNZV3eiAVrm
迷你高速公路,758709,https://pan.baidu.com/s/1E_pVzaoqulk-9bOlLxfnCw,https://cloud.189.cn/t/E3u63mQFfamm
狙击精英5 虚拟机版,894243,https://pan.baidu.com/s/1lFYhepSEzIVT8ANzFYGWiQ,https://cloud.189.cn/t/Jb67RjE3EJ3i
喋血街头2,276108,https://pan.baidu.com/s/1dKp9g2ar0xpHoGLliVI2cw,https://cloud.189.cn/t/3iYz2mZbIjay
地下城4,364302,https://pan.baidu.com/s/1XaBv5SyH1GvVIY3F9gribw,https://cloud.189.cn/t/rU7vUj6N7vQv
大猩猩标签,462928,https://pan.baidu.com/s/1EV0Epmo9Q5PntXytIeGdng,https://cloud.189.cn/t/yYZzUrBJvUBf
狙击精英3,604156,https://pan.baidu.com/s/17rEaKRuTTVPoaTooqi4G1w,https://cloud.189.cn/t/JJBfumyUR7vu
黄金像凶杀案,423998,https://pan.baidu.com/s/1JnOSN1LmpasGLva4yB6hxA,https://cloud.189.cn/t/qQbmI3uQZbq2
夏日美女：欧巴请和我恋爱吧！,284036,https://pan.baidu.com/s/1GRywHIkSdN9sD2XvegV20A,https://cloud.189.cn/t/f2m6raEZrIBv
A5004,254081,https://pan.baidu.com/s/1luIJGGndVX-7bnyvl4n3_g,https://cloud.189.cn/t/6VbauyVvU7Vz
中土世界：战争之影终极版,717360,https://pan.baidu.com/s/1J0a17Se0_duEtkeeWCZgGw,https://cloud.189.cn/t/YviANjaqUn2i
无可争议,953924,https://pan.baidu.com/s/1pIUXhR4mO0IkSqLKsUWSJA,https://cloud.189.cn/t/2ARbUryQvi2q
高能人生2,239461,https://pan.baidu.com/s/1pJM9XZjMUn-89wEOKrvZIg,https://cloud.189.cn/t/q2ErIzBZ3Azi
星之海,265672,https://pan.baidu.com/s/1RVXrUmdNaNYmMQn1bI6BjQ,https://cloud.189.cn/t/If63eifmARrm
诺德要塞,807575,https://pan.baidu.com/s/1wS3gq4H9O-WY-06LX72wpA,https://cloud.189.cn/t/mi2eemfAzMfu
磁带妖怪,568420,https://pan.baidu.com/s/1CxST09IC50uKjp0aU_h3ZA,https://cloud.189.cn/t/mMbIj2YNJBzq
通缉令 死亡,"=""073315""",https://pan.baidu.com/s/1kDko1a8CYaDxgLwV_AkO0g,https://cloud.189.cn/t/fErm6bMJ3iam
星球工匠,737136,https://pan.baidu.com/s/1fhmhIX1S8yHoEEQEO0O4bA,https://cloud.189.cn/t/IV7fMr7VFbqu
卧龙 苍天陨落,763557,https://pan.baidu.com/s/1OScxTsqlqfjnzwNrSzXQ3Q,https://cloud.189.cn/t/YJb2MzeqAzQr
MX Bikes,909925,https://pan.baidu.com/s/1UyA23HWjoQ1-B6NE0657iA,https://cloud.189.cn/t/rmIFfiRVJby2
全民高尔夫 环球之旅,877724,https://pan.baidu.com/s/1onCttH1bXbShAj6uKiEU-g,https://cloud.189.cn/t/6F7jM3FjyMB3
山羊模拟器 重制版,901747,https://pan.baidu.com/s/1ZiZ0VM-_X6GBuQI9q4-BEw,https://cloud.189.cn/t/6FBzAzbMJF3a
Funko Fusion,537112,https://pan.baidu.com/s/18w-vixz89_Uhj4X-14tpew,https://cloud.189.cn/t/QvuURrI3a2mq
纪元117：罗马和平 虚拟机版,411120,https://pan.baidu.com/s/1muJJUTn78K0_EfYCJHXUYg,https://cloud.189.cn/t/3aiUBr6niIZr
H5023,594757,https://pan.baidu.com/s/1fbyl1fa-UFmIB6AC9NmlRw,https://cloud.189.cn/t/amMfyiMn6Bne
真三国无双6猛将传,456852,https://pan.baidu.com/s/1zxyzNmSLCue3529kVT8aHg,https://cloud.189.cn/t/BFnAruQvmEVn
S3020,271853,https://pan.baidu.com/s/1XoDJ5LHs7HJljfGWiB8GyQ,https://cloud.189.cn/t/AZNJBfvIvAZn
无主之地 4 虚拟机版,191157,https://pan.baidu.com/s/1Me39iaQSqbk_yEHBq5vvIw,https://cloud.189.cn/t/BnmMjiYbEzMb
星露谷物语,197638,https://pan.baidu.com/s/17TraNMTvD6HgfcCxk7V1xw,https://cloud.189.cn/t/QnYnaeEvIVju
方程式赛车F1 2025 虚拟机版,226264,https://pan.baidu.com/s/1fRbT7h1cfbBETIQCUoStjg,https://cloud.189.cn/t/yYRniavIfERr
漫漫长夜,410727,https://pan.baidu.com/s/1xFISAPpDFSRzrc7w-RvYkQ,https://cloud.189.cn/t/MziUvevy2yim
漂泊牧歌,179916,https://pan.baidu.com/s/14aDSEIb9p2k7ForxOjX-7A,https://cloud.189.cn/t/vQFB3yRbMbye
伊松佐河,616507,https://pan.baidu.com/s/166SubcaJWZboZDAYWy_q-A,https://cloud.189.cn/t/qqeuqeUBnuUr
电竞教父,924361,https://pan.baidu.com/s/1KeGGM17vXecT95ULlsZAtQ,https://cloud.189.cn/t/NN3yIbbuEbM3
切尔诺贝利清算人,552755,https://pan.baidu.com/s/1HCTR5EMV--GNyOI5_vMH4g,https://cloud.189.cn/t/nUFNBfBVrumq
巫师3 狂猎 次世代版,118412,https://pan.baidu.com/s/160AWMaQtF9ArqYikEt-ODg,https://cloud.189.cn/t/nIJjeufuQbUb
暗喻幻想 ReFantazio,613169,https://pan.baidu.com/s/15RQzXZUG3UJWhj6QQfgyVw,https://cloud.189.cn/t/byEB3iYBrIJz
最终幻想7 重生,385416,https://pan.baidu.com/s/1XHWATifc0XfgmrLMa5hOMA,https://cloud.189.cn/t/eaa6FvRv6BVf
红色警戒 命令与征服重置版,528163,https://pan.baidu.com/s/17ZVwiknkzRMimgiGEXKXgQ,https://cloud.189.cn/t/B3Ev6nYjieIr
排水模拟器,806810,https://pan.baidu.com/s/1qCTY-fpOVgPFYuHy-C_oXg,https://cloud.189.cn/t/buErYbBZj6Br
太空殖民地,"=""016722""",https://pan.baidu.com/s/1Hhqv7BUk-0DvNrVN0JyqRQ,https://cloud.189.cn/t/AR3IFvniM7n2
红色警戒3：命令与征服,866960,https://pan.baidu.com/s/1hmr5YSqEBErCd6to0NDCBg,https://cloud.189.cn/t/fEBB3y3yUBry
红色警戒3：起义时刻,647912,https://pan.baidu.com/s/1FH2EVQzDE5YCYAJ1ll8eQQ,https://cloud.189.cn/t/Avymy2nENjye
命令与征服 红色警戒2 尤里的复仇,180599,https://pan.baidu.com/s/1KJYRO_QH3iHu5s8Bt15fGw,https://cloud.189.cn/t/7BBr6ja2EVji
东方冰之勇者记,987115,https://pan.baidu.com/s/1TFnwnU5c23w4i-czjsxT_Q,https://cloud.189.cn/t/euuuErzMbAf2
啵点节奏,"=""010985""",https://pan.baidu.com/s/1qohU3cWkkW4q4VjV2qlcPg,https://cloud.189.cn/t/VRraqmbUjAri
餐瘾地城,953248,https://pan.baidu.com/s/1SKYVyP3JPQPmCfe7tZahWw,https://cloud.189.cn/t/zeMvA36jaQnq
俄罗斯方块永恒篇,621100,https://pan.baidu.com/s/1ndmfsgNYoVkS1Y4-G4jCIw,https://cloud.189.cn/t/vqyY32niqUvi
美国军队,843126,https://pan.baidu.com/s/1sDVvq_yj6Qfye9zqL69hJQ,https://cloud.189.cn/t/2QzaE3J3i222
繁星旅途,446666,https://pan.baidu.com/s/1OnWJbenMsrviJ3uLpeQ3Qg,https://cloud.189.cn/t/iQFnEjzMzIBv
浪漫沙迦3,472679,https://pan.baidu.com/s/1aFKbM_meibTAzmR2DBbtbg,https://cloud.189.cn/t/JBFNNbeq6nYz
小火车世界,221824,https://pan.baidu.com/s/1HpdtR-gdcAohxz_TLYWeWA,https://cloud.189.cn/t/3QZvEzMrqaUn
天国：拯救,672673,https://pan.baidu.com/s/1XbpN0DmFaYM4mKvjs0DOGw,https://cloud.189.cn/t/Ub2UfqbMzUBz
南方公园：真理之杖,679487,https://pan.baidu.com/s/1DMq7UkwP3-le5Jz7qHk1Tg,https://cloud.189.cn/t/FvAr6rZ7vaUn
洲际弹道导弹 升级,948020,https://pan.baidu.com/s/1b-0Hi6Ii6tIIajlpl7laaw,https://cloud.189.cn/t/IFjUZzMB7nMr
魔界战记5,"=""043318""",https://pan.baidu.com/s/1vbhcAdRhi4x9oraHbyKdoQ,https://cloud.189.cn/t/77rAJzEbeUrq
魔界战记4完整版,788447,https://pan.baidu.com/s/18L50C9koK8CkySaJvienIQ,https://cloud.189.cn/t/FFre6zVbaYZf
魔界战记6,925364,https://pan.baidu.com/s/1Hcb4Hao8jHrocUzExd7G6w,https://cloud.189.cn/t/f2YZvyvyU7zy
战律2,766926,https://pan.baidu.com/s/1ii_xkSfvlaiPTd4iwD3u4w,https://cloud.189.cn/t/RnAfAbNRvABn
荒野大镖客：救赎1,"=""081168""",https://pan.baidu.com/s/1XnbpxHq4bSw-BYv5vV7u_Q,https://cloud.189.cn/t/MFzaQrqIzeQf
我的停车场,,https://pan.baidu.com/s/1-qExuC87a1hw1b2vWKc4Yg,https://cloud.189.cn/t/aaU36jAFrima
刺客信条3重制版,372153,https://pan.baidu.com/s/1hPKQ8mVWyIknfdVUYghtbg,https://cloud.189.cn/t/ZZviE3aa6Rri
迪士尼传奇米奇 Rebrushed,150347,https://pan.baidu.com/s/17nRAjlcE5eN-1nuSKM_jDw,https://cloud.189.cn/t/yiYVVfr2QJv2
火山岛,241608,https://pan.baidu.com/s/1iEIyk1QoJD2TGKLAriKvQA,https://cloud.189.cn/t/B7rQZzEjMjyi
化妆镜 黄金之梦,748309,https://pan.baidu.com/s/144b1IiaiyPvi4ULjwXtmZg,https://cloud.189.cn/t/FZRFFfmE3MJv
童话森林,"=""023081""",https://pan.baidu.com/s/1CPfI81lbb3QgGXtCtQMGkQ,https://cloud.189.cn/t/fEbuIzuYNJr2
A5011,882649,https://pan.baidu.com/s/1-1QO7YWujAJc7gt3jPE8Sg,https://cloud.189.cn/t/Rn2IbaeiaIRr
刺客信条 叛变,"=""043205""",https://pan.baidu.com/s/1YSOj0Bxhd_VzLYyRMRD4Kw,https://cloud.189.cn/t/NBnQF3FfmIbi
孤岛危机：重制版,583455,https://pan.baidu.com/s/1wTLdhqHo7pjJaim6-ZkI2A,https://cloud.189.cn/t/I7R3Uzrayima
天穹卡牌录,"=""040138""",https://pan.baidu.com/s/1AQpyk6JcAU6zF60kiRfmIw,https://cloud.189.cn/t/rINJNbZbaAbi
H3015,"=""072615""",https://pan.baidu.com/s/1dQiCFk-cWUbzFjg4MsVZlg,https://cloud.189.cn/t/7FjQRbJBZjMf
牧场物语 来吧 风之繁华集市,539167,https://pan.baidu.com/s/1hC_-nW0zNN4IOwVEVqZS3Q,https://cloud.189.cn/t/buQbQ3ZbQvam
城市汽车驾驶,,https://pan.baidu.com/s/1xx-iX0NyrONnktCUA-5jhw,https://cloud.189.cn/t/qqUJjibIJNNb
牧场模拟器,990866,https://pan.baidu.com/s/1X2cPcbeXVdbwHIaQ6nRP1g,https://cloud.189.cn/t/mQ3mEbRnErYn
贪婪之秋2 垂死世界,874765,https://pan.baidu.com/s/1o7YHOiIDfQZF2OcGoY8gyw,https://cloud.189.cn/t/neMjQrJJNZNz
奇异人生2,825571,https://pan.baidu.com/s/1j45cyLFtYk5lTcm8HolAJw,https://cloud.189.cn/t/miyIRzauUNFr
科洛蒙,"=""038012""",https://pan.baidu.com/s/165CwYgkCZ_NOPWP33hckQg,https://cloud.189.cn/t/vERve26f2mUb
刺客信条4：黑旗,633091,https://pan.baidu.com/s/1bW2R3W8p3uIbto9P_YcTaQ,https://cloud.189.cn/t/yMJFzaMbEbIb
死亡空间,715276,https://pan.baidu.com/s/1HnUaVtcLVLoHEd8ZfrOafg,https://cloud.189.cn/t/InE3AjeqIBNz
帕夏时代,319366,https://pan.baidu.com/s/1MwoQZLmtOmgNFF7FLemdUg,https://cloud.189.cn/t/JR7J3yv63aY3
异形 盗贼入侵,"=""012657""",https://pan.baidu.com/s/1tbKdKismuTONoGrxKk2fbg,https://cloud.189.cn/t/jE3M7jbIzuIz
火影忍者博人传：忍者先锋,343688,https://pan.baidu.com/s/1WfFkQVpkAYdHaM1hfrFldQ,https://cloud.189.cn/t/QJveeyRrIRbm
超级世界盒子 上帝模拟器,526183,https://pan.baidu.com/s/13XPq93qFzLsyHM9TFUrGDw,https://cloud.189.cn/t/jqEJnmfYvuMn
星球大战 战机中队,394972,https://pan.baidu.com/s/11xUAhRXXfrM_JRH8PiyZkA,https://cloud.189.cn/t/BnuqymmYzYnq
灾殃,342460,https://pan.baidu.com/s/1kJ31fPOTFoTR1ec_eLmW9Q,https://cloud.189.cn/t/E7nA7fnq6vmy
奔跑列车,803202,https://pan.baidu.com/s/13tqWrAuHdd-apj7cbwBHHg,https://cloud.189.cn/t/2EFvqy77bIVr
超级幻想王国,736409,https://pan.baidu.com/s/1DJTPltnugNcrxlDy1grdgw,https://cloud.189.cn/t/zi2UZva6niiq
圣剑传说：玛娜传奇,483170,https://pan.baidu.com/s/13i9HBsG7X1oqC5MIvo15SA,https://cloud.189.cn/t/RjAbimQ3IBNv
生化危机8：村庄,297065,https://pan.baidu.com/s/14FSbw8Ux_w0h7H5U0TZYuA,https://cloud.189.cn/t/AR7Fraiqameu
忍者龙剑传4,375286,https://pan.baidu.com/s/1HVvm1z9rikJR9IOAFNT_wg,https://cloud.189.cn/t/6RfAZ32I3iQb
死亡搁浅,805865,https://pan.baidu.com/s/1dQvRl6uJHw25Leht2eT8RQ,https://cloud.189.cn/t/zqYJNjuayMbm
完美音浪,459591,https://pan.baidu.com/s/1sssxy-qqu97TPpz8AqZtlQ,https://cloud.189.cn/t/EJ7RbynmuiAn
雾锁王国 Online,774142,https://pan.baidu.com/s/1QmEP7qQbUFjJVwjG17o1bg,https://cloud.189.cn/t/FRBbIf2QJJFb
歧路旅人0,674859,https://pan.baidu.com/s/10MNEMfZ1ducyqi81mCK1Ww,https://cloud.189.cn/t/E3qiQjria6ze
浪人崛起,691465,https://pan.baidu.com/s/1_tkVvk_PeA2nz-9c6cUTBw,https://cloud.189.cn/t/nqYNnyqim6Jj
控制,805140,https://pan.baidu.com/s/12N6Du3J5zlEPzGT7IjbY3Q,https://cloud.189.cn/t/bQJBJrMR77bu
巨人杀手 暗黑之潮,342912,https://pan.baidu.com/s/1hNmGFB2g35gCD96X2N9Hrw,https://cloud.189.cn/t/Ijuue2F3Izuq
F3001,"=""056775""",https://pan.baidu.com/s/1OjjTdl49rSoATRxFNQhGmg,https://cloud.189.cn/t/IN3IryiiUvui
超级炸弹人R2,988127,https://pan.baidu.com/s/19yxqR4Txi2MR-eNqz4QwYQ,https://cloud.189.cn/t/FnqENjQvEr2y
超级炸弹人R,761207,https://pan.baidu.com/s/18WJR_aLDLx87DU61gd7mVg,https://cloud.189.cn/t/EBvYNj3uARzy
COGEN：大凤羽空与刻之剑,871706,https://pan.baidu.com/s/1MuZB4Qt6AG7fG5H6jiGVOg,https://cloud.189.cn/t/URRR3abyyqyq
生化危机4 重制版,607996,https://pan.baidu.com/s/1dgk9ah0maOgHIjOVhxSndg,https://cloud.189.cn/t/yueUJri2UVJ3
上古卷轴4 湮灭重制版,921472,https://pan.baidu.com/s/1n7TaMHclB47Rh2Xzqo0F1A,https://cloud.189.cn/t/rAnMFnMvMrem
刺客信条7：起源,186527,https://pan.baidu.com/s/1KtRLgtD2s2xsdF0yxmVGTA,https://cloud.189.cn/t/MVz63ezMBrym
星球大战 绝地 幸存者,585961,https://pan.baidu.com/s/1aut11peJgP8I4nw4RkUMhA,https://cloud.189.cn/t/67Jvauyyi2Qz
纪元1800,330183,https://pan.baidu.com/s/1QrmUz1LgCi0ID9BLQNkBGA,https://cloud.189.cn/t/n6FfUr2AnaYb
蝙蝠侠 哥谭骑士,375749,https://pan.baidu.com/s/1k72da9bcPrxLXk8aTBL6qg,https://cloud.189.cn/t/FNjyueNZNjya
寂静岭2 重制版,142537,https://pan.baidu.com/s/1-H7dyJ4vT2pTCE272UOoPQ,https://cloud.189.cn/t/7NZbE3EVBrIn
王国风云3,368377,https://pan.baidu.com/s/1auBPoZcEJrqXRmxByiASnA,https://cloud.189.cn/t/imQvIfANZzia
地狱之刃2 塞娜的献祭,263264,https://pan.baidu.com/s/1nyA4hfzqiRnIFicYMndxdw,https://cloud.189.cn/t/MZ7FF3yQnUfy
战争传说,573363,https://pan.baidu.com/s/1ymk2ugWEM1gQep4gQwIwRw,https://cloud.189.cn/t/VruyQreaqYfy
神力科莎,427756,https://pan.baidu.com/s/16oG0devsW9N4w6qjnnfgYw,https://cloud.189.cn/t/aIJRrmbuQrMr
钓鱼哥的奇妙冒险,486287,https://pan.baidu.com/s/1A5r8aVGF0gDA96e3pi7s0Q,https://cloud.189.cn/t/JZJ3MjiAni6n
机械迷城,647361,https://pan.baidu.com/s/1Rvog5mUKUkKyCeGevvCnSA,https://cloud.189.cn/t/7JjQBnaIzQR3
Y5043,876655,https://pan.baidu.com/s/1P7K76yoKbLGsxIslkfO3bg,https://cloud.189.cn/t/22ay6vB7zUba
波与月夜之青莲,985287,https://pan.baidu.com/s/1c3Edr3fMc3-ee0zrYTjobg,https://cloud.189.cn/t/UZnmeiqUzIJb
传奇生物2,848354,https://pan.baidu.com/s/144LYC0xoe8cpg663XAuKvQ,https://cloud.189.cn/t/MFVFbmyeUr6f
深海迷航,239925,https://pan.baidu.com/s/1N0VXVHi2DdfzUy7Sprq9TA,https://cloud.189.cn/t/yqYVvu2iMBRb
深海迷航 冰点之下,965447,https://pan.baidu.com/s/1VJKlK16X8DtopPBN1t2o_A,https://cloud.189.cn/t/VfiINjFrMFby
失落的记录 绽放与愤怒,197019,https://pan.baidu.com/s/1t2DpqhuuqWex_wFwHPYVog,https://cloud.189.cn/t/zEvEVj63IVBr
你好邻居2,199273,https://pan.baidu.com/s/1tP7arAElp-BLweIEX9-B5w,https://cloud.189.cn/t/vqeQJzriQjAf
勿忘我,167972,https://pan.baidu.com/s/1GzFloD97_Zp93Dh_J7_7gw,https://cloud.189.cn/t/amIrimyq6bUb
伊甸园工匠,324546,https://pan.baidu.com/s/10k3Nog6XwkZPKx96GUrEiw,https://cloud.189.cn/t/RBJZruYNnyqa
L3006,"=""065879""",https://pan.baidu.com/s/17PWXcsIR-Soq5uYsYqG7PQ,https://cloud.189.cn/t/i6bAfe7faeia
请勿乱动,838131,https://pan.baidu.com/s/1n1aDXLKwQFdaCWQgJ4Rr7Q,https://cloud.189.cn/t/MJremuQzAFfa
英灵殿之子,440557,https://pan.baidu.com/s/13rlVYPHbXk80MoEQUnJfGA,https://cloud.189.cn/t/BnUr22MFbAbq
犯罪现场清洁工,969512,https://pan.baidu.com/s/1JgxFUdZlYqdH1YBtKNK0aA,https://cloud.189.cn/t/eiaEviaueaea
地心护核者,515817,https://pan.baidu.com/s/1kkDc8PS-tuNO9UIhYfIIIw,https://cloud.189.cn/t/AJbEBv3MBBZ3
指环王 夏尔传说,281931,https://pan.baidu.com/s/1EflPgPugn1EQUtngGECqPw,https://cloud.189.cn/t/6BzYfuYZvYBj
英雄攻城,286050,https://pan.baidu.com/s/1ExOjcRDd5U8dO27AmHpTYQ,https://cloud.189.cn/t/Vnya2ifM3Uj2
腾兽 蜂群,152933,https://pan.baidu.com/s/1brH8uuTnmLVVDaeUztePng,https://cloud.189.cn/t/EfaUf2aq2aau
乐高 蝙蝠侠 ：黑暗骑士之遗,501534,https://pan.baidu.com/s/1VgbP4qmZVnlO4nnudI3yRQ,https://cloud.189.cn/t/7R3IfyZVzeMn
四海兄弟：故乡,460880,https://pan.baidu.com/s/1n934IeC5JYgJ3IzEAGZC7w,https://cloud.189.cn/t/EZv2yuI3euAj
战斗砖块剧场,903640,https://pan.baidu.com/s/1Xgr2qOpSgzDe7LmGHELzkw,https://cloud.189.cn/t/nEzUfqA773yy
摩天法师塔,963360,https://pan.baidu.com/s/1OtqPBNAwNIIy0s_JDQ0DuA,https://cloud.189.cn/t/7jq6bqZ7ZNva
超级鸡马,680640,https://pan.baidu.com/s/18cSKimUV261o-Q-QkALYVA,https://cloud.189.cn/t/2ai2qyrARR32
虚空航船 Online,,https://pan.baidu.com/s/17PrAAMgmSKoHjlDUu47D6w,https://cloud.189.cn/t/aYBRj2Yjyeu2
这里没有游戏：错误维度,977730,https://pan.baidu.com/s/1xZx_1D7s47mXUH7bt7C7mA,https://cloud.189.cn/t/eqUveqMZJ7nq
Amerzone 探险家的记忆传承,957585,https://pan.baidu.com/s/1fxfyuDNVL-D_KcGrSsqC5Q,https://cloud.189.cn/t/n6zea2mauqAv
乐高 地平线大冒险,330689,https://pan.baidu.com/s/1_a-vtUuKsDsloN_n8gcTGw,https://cloud.189.cn/t/MFRFjyuyeqIb
暗黑血统：战神版,590372,https://pan.baidu.com/s/1350ZPPLNPfV6beaF0Qh0-A,https://cloud.189.cn/t/3qee6rZb6jQv
护身符 数字第五版,983990,https://pan.baidu.com/s/13mHkqX4zMtSo-zZoqh-TMQ,https://cloud.189.cn/t/m6veyqVJ7v6j
吉米克2,686412,https://pan.baidu.com/s/1Ew9mQocHtgSL1VFAMwCN4g,https://cloud.189.cn/t/Fr67f26jUriy
人中之龙８外传 Pirates in Hawaii 虚拟机版,"=""017308""",https://pan.baidu.com/s/1P_HG96BzaFrEqhuVI32JCw,https://cloud.189.cn/t/3Qf2EbaIRbqe
房产达人2 Online,560371,https://pan.baidu.com/s/1LqwXijXIpolDMkZ5TkUgJw,https://cloud.189.cn/t/iiYZbuV7vEJz
G3003,"=""040184""",https://pan.baidu.com/s/196hA3OeyRcnXw86tIXSYtA,https://cloud.189.cn/t/mqAnE37J3iEv
小猫咪大城市,948913,https://pan.baidu.com/s/19yaXsLlkZbUsDCDJrsW_ng,https://cloud.189.cn/t/qeYVRzYB3uIv
顶尖决胜 Online,880513,https://pan.baidu.com/s/1EpVshI4LuhqnZ7sX1_YmOg,https://cloud.189.cn/t/32InqyzYZbem
FC24 虚拟机版,847288,https://pan.baidu.com/s/1riYCOZFDFMTMwKZ5qk_FMg,https://cloud.189.cn/t/VJneQr2eIZze
Go Go 镇 Online,196788,https://pan.baidu.com/s/1ideMv8oWdpcPsr_t4zMaUQ,https://cloud.189.cn/t/6VBZBvneyqYf
全面战争：中世纪2 - 终极版 Online,"=""062803""",https://pan.baidu.com/s/168X1fCNyccLboOD3hgGlxA,https://cloud.189.cn/t/eAZnYfMZjmQf
加勒比传奇,958251,https://pan.baidu.com/s/1Bm_SMVxpsYpSzGIB7hke1g,https://cloud.189.cn/t/QfQJVbrimUN3
麦迪逊,739081,https://pan.baidu.com/s/13aFso2pkzAgSzV872ovj5w,https://cloud.189.cn/t/mYfYzmQVbQBn
夜勤人2 无尽宝库,220781,https://pan.baidu.com/s/1TZ-ZuMsxUpUFmNbnclb6Jg,https://cloud.189.cn/t/r6fQ7fYBRNVf
暗黑血统3,175975,https://pan.baidu.com/s/1Ax4to6yCcdAVcK-dD_X3wQ,https://cloud.189.cn/t/EZvE3m6NvaEv
内心往事,"=""068658""",https://pan.baidu.com/s/1pWajGQB6M4eicBYlLUwtjw,https://cloud.189.cn/t/jYnYVvYbMrQf
真 三国无双 起源,"=""035607""",https://pan.baidu.com/s/1boz61lyEWpWLbCJIm7K1JQ,https://cloud.189.cn/t/M3UvMruIv6Zr
孤山独影,895930,https://pan.baidu.com/s/1hPVxts449PYcfEZse-LheA,https://cloud.189.cn/t/uuiQvqvQBNBj
Bomb Rush Cyberfunk,141538,https://pan.baidu.com/s/1sWc7ANcS_NR7GhuQ5y4rLA,https://cloud.189.cn/t/aMvaQnMjaeEf
U型潜艇,288199,https://pan.baidu.com/s/1Gw2Xmk-f1SpGi_f0cun-gw,https://cloud.189.cn/t/jqaIRrmAnIre
夜下降生2 Online,479085,https://pan.baidu.com/s/1NpN3Er8uf4txQijK6n32Ag,https://cloud.189.cn/t/BZNZjivIbUN3
精灵奥日与黑暗森林,506199,https://pan.baidu.com/s/1r-oBPqhV1xHc-O1Je85w1w,https://cloud.189.cn/t/2UnE3a7bIfAz
量子破碎,790550,https://pan.baidu.com/s/17zX7hBok-YMZA-8f3yciIg,https://cloud.189.cn/t/QjM3iaUnmMr2
NBA 2K24 虚拟机版,722706,https://pan.baidu.com/s/1OyztWEl56ipCBeMceWoong,https://cloud.189.cn/t/Qz26VjFVzAnq
被感染者,896560,https://pan.baidu.com/s/1u0bNxwsb4GpantzOLMG40w,https://cloud.189.cn/t/BFZ3amZBvYJj
拟真车祸模拟器 Online,"=""092606""",https://pan.baidu.com/s/1-zGukXgt4Nszw86i0LUJzQ,https://cloud.189.cn/t/iymENbz6raIj
喵喵的结合,431052,https://pan.baidu.com/s/1knVPgqEh8VgXhLfNmKZN9Q,https://cloud.189.cn/t/NbMnMvvIvie2
FC25 虚拟机版,538875,https://pan.baidu.com/s/1UyT3vD1LXzTRg0Om8UC1uA,https://cloud.189.cn/t/3IRFnaiURRJf
极速奔跑者,899240,https://pan.baidu.com/s/1GgVgpamjKPWjjeAz3rT-ZQ,https://cloud.189.cn/t/fYJRfanIvUfq
合金装备3 食蛇者,211263,https://pan.baidu.com/s/1KI1NKAbLeW4BfpBzS_drdQ,https://cloud.189.cn/t/VNVnIjYjEbey
板球26 Online,480681,https://pan.baidu.com/s/18wD9hXqo0nX_0g3qAS8TNQ,https://cloud.189.cn/t/reeyi2JfuMVn
足球经理2024 虚拟机版,,https://pan.baidu.com/s/1DyGkYwuYXmZg_xAOFRWCYA,https://cloud.189.cn/t/J7NjEzEnuURj
链接回声,898982,https://pan.baidu.com/s/18szy0E2JJqeNx7h3JFvIlg,https://cloud.189.cn/t/aYFRba3IZvuu
酒店翻新者,326183,https://pan.baidu.com/s/1h5FA8G_Q2hYw5WhI9YX3qA,https://cloud.189.cn/t/QRraMjJ3YVv2
索尼克×夏特 世代重启 虚拟机版,645436,https://pan.baidu.com/s/1uA1T8NnvuJfIRqR5Anxe3g,https://cloud.189.cn/t/baMJ73AR7Nvu
浮岛新世界,798568,https://pan.baidu.com/s/1tCsneC80rQ4Mym1ilpJSeg,https://cloud.189.cn/t/Q3aYveuYV7Z3
UFO 50,874095,https://pan.baidu.com/s/1Dg93_f3ATfGkt-nfVAraHA,https://cloud.189.cn/t/EJN3yqUr2UNb
我的冬季汽车,,https://pan.baidu.com/s/1w7poTKw1xVGUUnoyZqfoFA,https://cloud.189.cn/t/UFju2mRnE3Az
星河战队: 终焉虫潮,877431,https://pan.baidu.com/s/1SEB023HcVuE1hLgTFkQg_w,https://cloud.189.cn/t/qu2MN3qmQnee
致命半径2 Online,420896,https://pan.baidu.com/s/1EYAfTJDaxNDvCcpIBdlVuQ,https://cloud.189.cn/t/7rQBVnJj2mqq
合金装备2自由之子,361437,https://pan.baidu.com/s/1c9PPOcSVmgp-gKZiSziWAQ,https://cloud.189.cn/t/uAv6Nrzqi2An
滑稽浣熊游戏,338888,https://pan.baidu.com/s/10bhoNtIoPp_HmkgX69MOxA,https://cloud.189.cn/t/qUramiuqiAJv
恐龙岛,388118,https://pan.baidu.com/s/1VpBRo171pTle9xny94ygVg,https://cloud.189.cn/t/bUZr2q3UFVZv
节奏地牢,148842,https://pan.baidu.com/s/1taVompSre1P89OLfOWcRRQ,https://cloud.189.cn/t/Q3qu22uMJVBf
深海迷航2 异星水域 Online,569625,https://pan.baidu.com/s/1OQkO6rau4-XETyCVD6xqHQ,https://cloud.189.cn/t/IbeUFfyMBjua
反恐精英2,961254,https://pan.baidu.com/s/1rN-BgDk2O5XenS-Qlm-ftg,https://cloud.189.cn/t/aAv6JnbEzaey
Z3026,562029,https://pan.baidu.com/s/1y_guOlhRr9Kmzijhsi5wEg,https://cloud.189.cn/t/AjUfeqFRrAZz
钢铁之种,157275,https://pan.baidu.com/s/1fjo5pZ0dWawRzixcl8Laxw,https://cloud.189.cn/t/IZVfaa3UruUz
W3014,492004,https://pan.baidu.com/s/10-_I3G_P1Oaieu5_WSX0Qw,https://cloud.189.cn/t/uyYVFfZbaAFr
不同步,663877,https://pan.baidu.com/s/1H0qETMdNQwH8sehRJVP0ZQ,https://cloud.189.cn/t/mE7nuurQNjU3
C5030,527635,https://pan.baidu.com/s/1ES4JJeIzCIKiC6kkU6yf_g,https://cloud.189.cn/t/biUnumjMBvMb
でびるコネクショん,551551,https://pan.baidu.com/s/1JQ7HEfgEg3fQvsVtgdeZEg,https://cloud.189.cn/t/eqMF7rAFZbQv
X5005,995157,https://pan.baidu.com/s/1gmwF0Dv4XJ-N1qxVJIYzzw,https://cloud.189.cn/t/6RRFreQ7bmIj
苍穹乾坤,548261,https://pan.baidu.com/s/1M984NrEQ-NKcF2cmuh6TWg,https://cloud.189.cn/t/qMfMR3Y3UbAj
Z3019,650268,https://pan.baidu.com/s/1PUbXhhelSOUHm2hy49s04g,https://cloud.189.cn/t/eAvQba6FZBFv
指挥部 二战,311459,https://pan.baidu.com/s/1HZXHkE2SFV1j76WYZVY8JA,https://cloud.189.cn/t/biArA3AbEN3i
识质存在,293247,https://pan.baidu.com/s/1rOLq3czu2RftsXKzhaIndA,https://cloud.189.cn/t/eaaQRnI7VNri
战术小队,456895,https://pan.baidu.com/s/1G0GaXLFkIKv4xsgzLH89dg,https://cloud.189.cn/t/FruyMrrmIJNr
人类：一败涂地 Online,324210,https://pan.baidu.com/s/1yE-uYBrEEthNFHsyyzXjJw,https://cloud.189.cn/t/naAvi22MNFj2
王国保卫战5联盟,124696,https://pan.baidu.com/s/1rJ94scm7e_Alhy8VHPmiXA,https://cloud.189.cn/t/Ir6bArvEbe2e
史蒂芬宇宙：光明坦途,354542,https://pan.baidu.com/s/1poojV_wuIcrbEuPEMCvCqg,https://cloud.189.cn/t/jYRzq2buIrmi
奥秘 消退,"=""004507""",https://pan.baidu.com/s/1kCsJh-z11JV2E6BT9VrUyA,https://cloud.189.cn/t/AVfyiquq2aYv
物种：未知 Online,414513,https://pan.baidu.com/s/1doFb8IaN8iE5_bZBXqMnnQ,https://cloud.189.cn/t/jy2uia3uuiYr
波普乱战 Online,375146,https://pan.baidu.com/s/1rZ1G8OLmZ0VokiAuBaFWpQ,https://cloud.189.cn/t/UbeQJzANfqui
Farever,490171,https://pan.baidu.com/s/1FccOaR_VQg00okVocGVguw,https://cloud.189.cn/t/nMbABvuuEjYj
摇滚史密斯2014,135179,https://pan.baidu.com/s/1Es18ayBfGh2VXMMPR5kx2g,https://cloud.189.cn/t/imymMfeaEZ7v
Hydroneer,384431,https://pan.baidu.com/s/1l7t2AKt7X60VNlYtf_CCRA,https://cloud.189.cn/t/6jYJFfYfI32q
真人快打 遗产合集,609542,https://pan.baidu.com/s/1ugC2uImWtER_4G5jjHsgxw,https://cloud.189.cn/t/UBnqYrMVNfIz
尘埃异变2,374400,https://pan.baidu.com/s/1Nyms99xYSxr2AhbQOM-R-w,https://cloud.189.cn/t/nIFN3irI3Qri
太空站长 Online,337253,https://pan.baidu.com/s/1jtpFtBP7eG4mxEe5Nb3_LQ,https://cloud.189.cn/t/fe6NRnRZzmui
殖民地生存 Online,408317,https://pan.baidu.com/s/1vj_EqWfdCw43nwsezImWtQ,https://cloud.189.cn/t/FNRFb2qAvUJz
繁星苦旅,817679,https://pan.baidu.com/s/1OG56F1p2yabQiyF3oXYbMg,https://cloud.189.cn/t/FVBBBfiYv6zu
夜光,332068,https://pan.baidu.com/s/1SzRGqVF-FGlYaQWYXjmqlg,https://cloud.189.cn/t/baUn2maIN77v
S5010,967560,https://pan.baidu.com/s/1XnqyyNZ0Am_Sr2NQsC-4cw,https://cloud.189.cn/t/26F36nYfyami
东方幻想麻雀,341859,https://pan.baidu.com/s/17evJ5UdOiKjFf-ZfASYvbQ,https://cloud.189.cn/t/rQRRVfbUVZBj
生化危机7,724208,https://pan.baidu.com/s/1LqzVCheKlR_kYja6nneNTw,https://cloud.189.cn/t/mu6zaeUZnYry
死亡回归,340228,https://pan.baidu.com/s/10Cf7RMmXZ_cKLPlewZ14BQ,https://cloud.189.cn/t/77JJFbYzmEzm
小小书店,101516,https://pan.baidu.com/s/1BrKsuvyht5xamR8KYslSjw,https://cloud.189.cn/t/VzemIjvIRj6j
狂野之心,668506,https://pan.baidu.com/s/118DcLgPWWQFlqlcdSSvBXQ,https://cloud.189.cn/t/UbQzuq3ueye2
真三国无双7 猛将传,320146,https://pan.baidu.com/s/1vdGlsFTW1WBNWwElv6YfTg,https://cloud.189.cn/t/Mzq6FbbA3eie
德米欧 地城奇谭,"=""005755""",https://pan.baidu.com/s/1DukPjwLK-tyQBS3ORyDWBQ,https://cloud.189.cn/t/ZbER3u7bm22i
海市蜃楼之馆,"=""066189""",https://pan.baidu.com/s/15P8x9Ouo6jQ4Ypz93Z3gfA,https://cloud.189.cn/t/UFvuuaJV3yUn
秋末求生,628913,https://pan.baidu.com/s/1s3Csjmrm0-C7g_KgWZcrsg,https://cloud.189.cn/t/NBzQfqEbyM7j
热力纳斯卡25,993772,https://pan.baidu.com/s/1Hi7JJ-EopJ-HTjdc5nZGIQ,https://cloud.189.cn/t/eAVJziFNvyE3
密不可分,305354,https://pan.baidu.com/s/1yElaAGlOCiMpvi9HnaN0uw,https://cloud.189.cn/t/reMbiyZzIJNn
街机乐园,302489,https://pan.baidu.com/s/1Nub-ntO_9FcUc9czNEKC8g,https://cloud.189.cn/t/rM73YbmM3AZ3
星穹之下,969013,https://pan.baidu.com/s/1SsutCaUwFwSvXeZzgb_CKA,https://cloud.189.cn/t/IbYvu2Q3YNB3
龙之死印,906479,https://pan.baidu.com/s/1tvZ_InDfT6QYLrz7uJNclA,https://cloud.189.cn/t/F7rya2MFjIzi
刺客信条编年史：印度,"=""065796""",https://pan.baidu.com/s/19hf2ppyzZ-4XCqMA4GoHng,https://cloud.189.cn/t/IJJFfymuQJBr
D3016,426857,https://pan.baidu.com/s/1Dfz5IVUXaFHh08qsh-W2Nw,https://cloud.189.cn/t/2Q3MJfURjU7z
漫画英雄VS卡普空格斗合集 经典街机,500687,https://pan.baidu.com/s/1q0MHoTr2V4UEoCyZlEPF7A,https://cloud.189.cn/t/rQVrIvjya2A3
精神城市 洛菲会议,632912,https://pan.baidu.com/s/1AVsC2jR5_eBNw65yz--x8A,https://cloud.189.cn/t/vAveYjA7juA3
Sledding Game Online,875111,https://pan.baidu.com/s/1uuxaLxZtZIObAWQAjjHCNQ,https://cloud.189.cn/t/rmuiEvENv6Nn
动物栏 桌面牧场,381613,https://pan.baidu.com/s/1r0rjzALkRgXZNovNuKFLaQ,https://cloud.189.cn/t/mmeAVfFJNvIn
Cosmoteer 星舰设计师,176116,https://pan.baidu.com/s/1D4zHbu758ExWtVV4zkbmnQ,https://cloud.189.cn/t/Znqy2ezmIf6b
洛恩的诱惑,795623,https://pan.baidu.com/s/1AU4yVCg4-13-6vaDo-YIwA,https://cloud.189.cn/t/NV7biqq2AVNj
刺客信条编年史：中国,973185,https://pan.baidu.com/s/1zTN3cTPEmhN2grBxNwkPsg,https://cloud.189.cn/t/nAjIJfIZZbmy
真三国无双7帝国,651221,https://pan.baidu.com/s/1PA_nyZlP1GnF_obGvAXdxA,https://cloud.189.cn/t/YjYbIbeeUreu
错误的信标2,145560,https://pan.baidu.com/s/1rw6AFidUVzIsbJtB_RPI9g,https://cloud.189.cn/t/ARFzyu63eQ3y
刺客信条编年史：俄罗斯,601910,https://pan.baidu.com/s/1iSbb_MZ2FSfc0n39wXnMuw,https://cloud.189.cn/t/6nymieJRJ7jm
地下蚁国,276151,https://pan.baidu.com/s/1kFAO_65mmM5mfByNzUPX_Q,https://cloud.189.cn/t/MJrQ32J36vqe
东方夜雀食堂,633694,https://pan.baidu.com/s/1I6FhYe_stOz5RqAUnXCbcg,https://cloud.189.cn/t/MRrQneBVvAFj
Hydroneer Online,533851,https://pan.baidu.com/s/19T9r_Bqd3dpjT1MrxWlcxg,https://cloud.189.cn/t/iiym6riQZ7Nf
地铁模拟2,525996,https://pan.baidu.com/s/176ynNEqq0FLeDUYsIvx0Ew,https://cloud.189.cn/t/I32UveVNRBve
暴徒猎手,770152,https://pan.baidu.com/s/1ajQgFEcOhLF2GsIv5a7LHA,https://cloud.189.cn/t/m2e2yyI36RR3
距离男主自杀还剩七天,665194,https://pan.baidu.com/s/1wA4tCICsbSps9cRtbGyboQ,https://cloud.189.cn/t/RNfu6zEZrU7r
消逝的光芒 困兽,508325,https://pan.baidu.com/s/15UJYTzFHS7s8j3R7wfMVVQ,https://cloud.189.cn/t/jyuYvyVZJNNv
深岩银河 Online,293367,https://pan.baidu.com/s/1mkeVIIvFah4goHMEskNaTw,https://cloud.189.cn/t/ErIJ326Jn2E3
我的英雄学院 无尽正义,906914,https://pan.baidu.com/s/1MeWQAFeNHfkB_KTQ2pOdDA,https://cloud.189.cn/t/3QvuAzJvERzy
摩托GP25,997240,https://pan.baidu.com/s/1i0A-yvOayZWlpuYOgC8-QA,https://cloud.189.cn/t/EbayUnaMBJFf
受折磨的灵魂,854709,https://pan.baidu.com/s/1pOrwR1i5S6bvdKVzhOPzEg,https://cloud.189.cn/t/z2eY3miIBJJj
兵连祸结,199814,https://pan.baidu.com/s/1-ZlnvqSehS6wblUyvUfWVg,https://cloud.189.cn/t/7NNVfqAjiUfu
猫神公司：人类复原计划,575103,https://pan.baidu.com/s/1etw8srjfSxow5TTgOUb2Mw,https://cloud.189.cn/t/NBR7Vz6rqe2q
剑星,672654,https://pan.baidu.com/s/1nBUrN3Y5nCnl7y3RCaRBvg,https://cloud.189.cn/t/73qqu2niqqMb
D3001,184781,https://pan.baidu.com/s/1DlYqk7U9NiZPPIIIF0T94w,https://cloud.189.cn/t/f2E7FjziAj2e
林间小世界,405316,https://pan.baidu.com/s/1QRQTmnaMp3LLAge6hn_-NA,https://cloud.189.cn/t/jumiqqVNBRBb
碧蓝幻想Versus 崛起,"=""066559""",https://pan.baidu.com/s/1tZ8YeoU1X5EwZ-ABw6yxxA,https://cloud.189.cn/t/3eYjYzEBNjAv
无双深渊,562603,https://pan.baidu.com/s/1EgqziZRC93UZeW6NbLE8sA,https://cloud.189.cn/t/NvUzMvuYJrIv
跃迁空间 Online,676773,https://pan.baidu.com/s/1I4idVl_REn0Ze6QVKIHhGg,https://cloud.189.cn/t/j2e6VbZzYNFz
皓白初晓,351685,https://pan.baidu.com/s/1mE3VIMmI9wIQliPoEROY0g,https://cloud.189.cn/t/3y2MNfNNfM7r
破壕行动 Online,666962,https://pan.baidu.com/s/1kJsl1BKIgV0o1CkwcLsjGw,https://cloud.189.cn/t/u67rE3fuUjqu
鸭鸭侦探 萨拉米香肠之谜,549253,https://pan.baidu.com/s/1bmckdsQ_DK5tQmsyGmLdQw,https://cloud.189.cn/t/fyA3QriiMbQj
灾后修复师 Online,118067,https://pan.baidu.com/s/153TdtSKNNdKEhVAPPT66PA,https://cloud.189.cn/t/ZjQZ7nf2ayYv
雪地奔驰 Online,430013,https://pan.baidu.com/s/1wWhqSVtMzlpmFCBzPo6tmQ,https://cloud.189.cn/t/6ZNb2abuqErq
编程农场,309719,https://pan.baidu.com/s/1S5LQeeBYI59A4LuKv1TsPw,https://cloud.189.cn/t/nmmuY3qmuMnm
巴士边界 Online,607436,https://pan.baidu.com/s/1rsXSYDfSiasldUVE_PRdsA,https://cloud.189.cn/t/FFFVjuvMfuye
严阵以待,597234,https://pan.baidu.com/s/1I56bG39qFgfO2iYNNpNdFA,https://cloud.189.cn/t/aEJZraRJv6Nv
符文工房 龙之天地,630827,https://pan.baidu.com/s/1wus4hyTCUEErrQJWoqzcBA,https://cloud.189.cn/t/iAVf6vmiiIba
前方高能,548214,https://pan.baidu.com/s/1mm8Z9wZvPUWkTv5g8tbcSg,https://cloud.189.cn/t/fUzIFnaIFv6b
暗黑地牢2,"=""000957""",https://pan.baidu.com/s/1fzMF0M-D8nGBNE8LCKawDQ,https://cloud.189.cn/t/mMRnAryYr6jq
铸剑吟,481866,https://pan.baidu.com/s/1CYz5-CyqPLuXoVQuKNIbcA,https://cloud.189.cn/t/jQBFryVreUZz
窃血之徒,"=""050326""",https://pan.baidu.com/s/1CCOPdA7B03jy3SVx6iPzVg,https://cloud.189.cn/t/M3UrmuURfY7z
线条小狗：动物温泉,427672,https://pan.baidu.com/s/1LvHL4CC9w2OyNmrYjGPTAw,https://cloud.189.cn/t/AVf63ezQfyia
植物大战僵尸 : 和睦小镇保卫战 Online1,913540,https://pan.baidu.com/s/1Ut9x3IlT2YPB5Vf_GjpbSA,https://cloud.189.cn/t/FF3yyiNzEzAf
战神4,115732,https://pan.baidu.com/s/1fPNQR66ZrzE8Qf1aLJljgg,https://cloud.189.cn/t/rieMvqU3EvAb
遥遥西土,774608,https://pan.baidu.com/s/16zfyIG0v8OVrJt2OXJH7RQ,https://cloud.189.cn/t/ea26biZzU3qe
小兔子,811544,https://pan.baidu.com/s/1IfVewu4aCLzSe7RV3jbi5Q,https://cloud.189.cn/t/AzqUfiyeu2m2
壁纸引擎,358934,https://pan.baidu.com/s/11EUOG_r96u8kat1QDFrpfA,https://cloud.189.cn/t/JFBRVzfeiIry
从前从前有个块魂,"=""098513""",https://pan.baidu.com/s/16--P6eLWZPnISAvdHDzofw,https://cloud.189.cn/t/z6jaQ3fEnqea
波斯王子 失落的王冠 虚拟机版,658048,https://pan.baidu.com/s/1bSZoeyRINTGKehxWrmuGkA,https://cloud.189.cn/t/ueQVBfyuI7ni
C3021,694882,https://pan.baidu.com/s/1Er5KZ681u2X-As9-rwgDTQ,https://cloud.189.cn/t/JrqYNfaqY3Mj
凯恩的遗产嗜血狂魔重置版,620736,https://pan.baidu.com/s/1fqa3jl4U_rtIPxJrw_AJWg,https://cloud.189.cn/t/UzYvIvjQJbQb
密室逃脱模拟器2 Online,519830,https://pan.baidu.com/s/1EO4URoVslcvs3KriKP_Jmg,https://cloud.189.cn/t/3yeUjy7nmeIj
银河破裂者,567953,https://pan.baidu.com/s/1c9mlIqdGQvpscH76jlDc2w,https://cloud.189.cn/t/eqQvIvby63me
代号三国：龙起,383177,https://pan.baidu.com/s/1IecbDBeuCPOKvOWsOb9Vgw,https://cloud.189.cn/t/YNBZNvzeiqQf
N3012,629836,https://pan.baidu.com/s/12_7hoKbd57B0PUpjNU5D2w,https://cloud.189.cn/t/myiqYnZjimEj
最后纪元,763496,https://pan.baidu.com/s/1EWjhdkBbPXEJEw7Nw_NKAA,https://cloud.189.cn/t/iQrEza6RfMna
无限机兵,636039,https://pan.baidu.com/s/1nBnjZ0Ly8Wmh6DYeV5-yuQ,https://cloud.189.cn/t/IZVVJ3auU3yy
在我们之中 Online,230681,https://pan.baidu.com/s/1VbsrNRisRpykYo103OAbcA,https://cloud.189.cn/t/eQJrQfmuuyU3
流放者柯南 Online,180344,https://pan.baidu.com/s/1SjxgFRL57hVxBWEQnN7vrw,https://cloud.189.cn/t/iYNZZvZraaQv
亚路塔：狐狸狐途的面包冒险,183366,https://pan.baidu.com/s/1ksX8pr1NzVVkVWcHRDHaxA,https://cloud.189.cn/t/YRFBBfiq2Yzi
哥布林弹球,240629,https://pan.baidu.com/s/1gPPYd6lq1O8zNuvTqTxhJg,https://cloud.189.cn/t/3yYzqaBz2Ezi
L3017,911915,https://pan.baidu.com/s/18ToXCbqNDOpCTN8GQ9O2Uw,https://cloud.189.cn/t/vUJRjiyIraYb
抓抓地牢,833660,https://pan.baidu.com/s/1miOVG9ChTUghLYyUwfX06g,https://cloud.189.cn/t/JfAnyufeiMru
双箭头,433608,https://pan.baidu.com/s/1SNc7npS2gKbrO4ZLA9BLZg,https://cloud.189.cn/t/vmQniyjiUNJb
刮个爽,582895,https://pan.baidu.com/s/1TvXub7A28tSXrsuanObeuQ,https://cloud.189.cn/t/QVnmAzm2UFFf
龙之信条2,986732,https://pan.baidu.com/s/1li1JivqMfUJa4kmF_v9--Q,https://cloud.189.cn/t/IvuyaiFj6j6r
植物大战僵尸 花园战争2 Online1,401175,https://pan.baidu.com/s/1Q_R5OgeEJipfO0dlrWi3gQ,https://cloud.189.cn/t/Rfm6jq263qAb
史力奇奇遇记 姆明山谷之歌,460043,https://pan.baidu.com/s/1DQPwllHR_OG-rMks1KEa5Q,https://cloud.189.cn/t/2yMFjqRf2u22
揍击派对 Online,"=""066007""",https://pan.baidu.com/s/1RZ5faNOTqwfvRtlsgc1bXw,https://cloud.189.cn/t/AvyQZnMBJVFj
铸造厂,649041,https://pan.baidu.com/s/10FL2c1JdSBeuHENCxWqslg,https://cloud.189.cn/t/qy673iiYvANj
YAPYAP Online,398440,https://pan.baidu.com/s/1Mr2-WQYyB__ZNqaXfFZeJQ,https://cloud.189.cn/t/7bu2IfRJnIBr
百日战纪 最终防卫学园,469751,https://pan.baidu.com/s/1pGM529GnLxoSLyNcFsB_Wg,https://cloud.189.cn/t/VfuE7zeeaYji
反恐精英：起源,736611,https://pan.baidu.com/s/1i7OZ-rSDy5LbEoZ-45pknw,https://cloud.189.cn/t/yu6jYjM3aiYj
困兽之国,260131,https://pan.baidu.com/s/1_dfNxeywiQmQsKIWAwFmOQ,https://cloud.189.cn/t/3YZjMnruAjq2
鼠宝小镇,551207,https://pan.baidu.com/s/1i64Cw8cO4d3_QyX7gwKwfw,https://cloud.189.cn/t/maYJRj3MRJZv
咩咩启示录,422682,https://pan.baidu.com/s/1FdWYgaaOvZW9H6Eni9TV9w,https://cloud.189.cn/t/aUbINfRrAzQz
卡牌店模拟器,739387,https://pan.baidu.com/s/1-rQCx2ptorfBe6XJs-ANcA,https://cloud.189.cn/t/quy2aqBV73Ib
午夜漫步,593421,https://pan.baidu.com/s/1O61yfTpbDeDKCz2f5qjgRA,https://cloud.189.cn/t/7FNjY3a6ZvUf
恶意不息,267650,https://pan.baidu.com/s/1maP-Fjn9A-fGVWqMIngOEw,https://cloud.189.cn/t/qi2UJf7JRNZz
龙珠战士Z,945148,https://pan.baidu.com/s/1qh0xYqQmTZ8FkfaI92uUSw,https://cloud.189.cn/t/EbqyYbRJJ7vq
塔防统治,363488,https://pan.baidu.com/s/14UI46ZVF6_p2R9IskWI8Ag,https://cloud.189.cn/t/qiEVVfuYfaqe
ASKA,332878,https://pan.baidu.com/s/1i8OiWFmRKd_wwCPj89x96w,https://cloud.189.cn/t/fAzQbyvYfyqm
心驰神往,"=""075572""",https://pan.baidu.com/s/1X6qf5RdNEu-Jx4k2yIwcUQ,https://cloud.189.cn/t/f2AjiirI7vAb
小小世界 原野求生,626022,https://pan.baidu.com/s/1miN0ocMvke-cZMWlSnB23g,https://cloud.189.cn/t/iey6Vrrm6rqy
余烬骑士,433521,https://pan.baidu.com/s/19UmFEA45Qlzn8GvF868Pug,https://cloud.189.cn/t/RJr6NvMfeEZf
全面冲突 抵抗,234197,https://pan.baidu.com/s/1zbChzp7rpedstdwLadf-Fg,https://cloud.189.cn/t/jEnm63ZraqYn
模拟山羊3,897533,https://pan.baidu.com/s/10BG8GhM30dI1kTULgO59Ww,https://cloud.189.cn/t/ieyYJfBRRN3i
生化危机9 安魂曲,536715,https://pan.baidu.com/s/1KTVyN54oPQ494e5g5yJypw,https://cloud.189.cn/t/y2uuUvveE7ry
四叶草深渊,237232,https://pan.baidu.com/s/1oZ97cGJx4uqT2F0PS3_0Jw,https://cloud.189.cn/t/ZZb2UbJviQ7j
加油站大亨,235046,https://pan.baidu.com/s/1p1NCa6MLz9r0T5u8g6pj9Q,https://cloud.189.cn/t/bueM7rj6BzEv
苦痛殿堂,247236,https://pan.baidu.com/s/11kRKi3k9LAb26l-5hhT6ug,https://cloud.189.cn/t/6jeeInjY3EBv
《海绵宝宝：潮汐巨神》,876270,https://pan.baidu.com/s/1Iyqmls2dpyubBoJWDhUhjA,https://cloud.189.cn/t/JzEjE3UJ7rq2
星之侵略者,366574,https://pan.baidu.com/s/1U9TlAxpJg2AF2maDjyokGw,https://cloud.189.cn/t/EZ7VvajmUz6r
波斯王子：Rogue,765679,https://pan.baidu.com/s/1-__ABDwYWtrpJ4vPRzHvGQ,https://cloud.189.cn/t/uYJNneRBvUVj
回声点新星,"=""017997""",https://pan.baidu.com/s/1BYou78xGq16LH-dgcnkACg,https://cloud.189.cn/t/VVbYfqZZfmIr
克苏鲁信徒,738313,https://pan.baidu.com/s/1jDO0nLODgISilc1KvWGxDA,https://cloud.189.cn/t/aey6jaBf6Jv2
癫狂动物园,900634,https://pan.baidu.com/s/1Ijjbxbf2PI-e28h7jcCi_w,https://cloud.189.cn/t/3qMvaabMvuaq
街头霸王6,536713,https://pan.baidu.com/s/1VDBnXzNJDeJbyOBDXZZyQQ,https://cloud.189.cn/t/2MRrEfBZz22i
怪物火车2,911929,https://pan.baidu.com/s/1YMVX_iutftDES0mqcUU90g,https://cloud.189.cn/t/EbuUbiQniuQr
超级房车赛 传奇,"=""095361""",https://pan.baidu.com/s/1uzs5DG-1pjEjd9_k5iW9BA,https://cloud.189.cn/t/vE3Yvy7ryY7b
任意迷途,880254,https://pan.baidu.com/s/1K7uqVeZ_t6NKMlThbqcYVw,https://cloud.189.cn/t/z2eiumi2Qryi
战锤西格玛时代 毁灭之境,395861,https://pan.baidu.com/s/1qrL5yzxB6vv1MhXsvBhapQ,https://cloud.189.cn/t/bIRBni3MN7Bv
极品飞车 不羁,666591,https://pan.baidu.com/s/1gDl0A2FTwt_eQqFcF1qHug,https://cloud.189.cn/t/iUnEva63memi
DUSK HD,165105,https://pan.baidu.com/s/1XaJMrDIbaeyfgZ4-ae7aUA,https://cloud.189.cn/t/6NjiUvUrqm6v
人中之龙 维新 极,353925,https://pan.baidu.com/s/1Mnz2GjkW9E9I6q_3gd65Ig,https://cloud.189.cn/t/n2yaUnjaiea2
女神异闻录4 无敌究极后桥背摔,497205,https://pan.baidu.com/s/1F3sLdZ8I4JnHduzIAGRYJg,https://cloud.189.cn/t/jQBvayemaABj
战锤40K 混沌之门 恶魔猎人,221536,https://pan.baidu.com/s/1hbilbEoRKX0Ah8Qy60q4Nw,https://cloud.189.cn/t/JneeE3emUFRv
女神异闻录3 携带版,870592,https://pan.baidu.com/s/1DzujVRJpxGhZ0EOTHjrjFw,https://cloud.189.cn/t/7jQ3e2AZVzYb
建筑模拟器,135156,https://pan.baidu.com/s/1Ck-s5rmgafu4l5OAkzoH_w,https://cloud.189.cn/t/j6fQRrUVJrey
宣誓,402009,https://pan.baidu.com/s/1HjXr9xbU-U9yjrV5NUqWRQ,https://cloud.189.cn/t/6naMfeNvqeme
VR战士5 R E V O,280934,https://pan.baidu.com/s/1aU3S8Ob8cmKgFsxLouquVA,https://cloud.189.cn/t/RNZzii6F3UBn
王国重生,914416,https://pan.baidu.com/s/1ZlPu3OJBn5LXCoFxZP1Eeg,https://cloud.189.cn/t/y2MvIfJ3Mjqq
头条猎手,"=""025912""",https://pan.baidu.com/s/1bN2vonr7gHCMSCKjkUiuTQ,https://cloud.189.cn/t/ZJfu6jBZjQzq
W3011,930206,https://pan.baidu.com/s/1wQi9oAuCukORcEDf4PQveQ,https://cloud.189.cn/t/MVZnIvq22AJb
Y5003,701379,https://pan.baidu.com/s/1n65m1fyF8xrDyO3Mmd78UQ,https://cloud.189.cn/t/ZreABvfmIbUv
过山车大亨3 完全版,854245,https://pan.baidu.com/s/1l6dhlzYIhAV2Z7QnNJ8qHA,https://cloud.189.cn/t/UjMRFjNfM7Zf
奇异人生 重逢,711781,https://pan.baidu.com/s/1iJr0EE5Yf7cVZO5bKV7DBQ,https://cloud.189.cn/t/qIZRbizYj6ri
空洞骑士,446852,https://pan.baidu.com/s/1TG7Z_dehnPELZAXRMcDaUg,https://cloud.189.cn/t/ymmQfabIzeAr
W3001,487549,https://pan.baidu.com/s/1vgJtgr1s-IfbRpwZtczSmQ,https://cloud.189.cn/t/NZRnm2aQz6Zb
地狱仆从,555655,https://pan.baidu.com/s/1lY-gQQUy742cMajlG77pkg,https://cloud.189.cn/t/FBrYjarma6ni
空洞骑士 丝之歌,995667,https://pan.baidu.com/s/1yjbv2UssQM1TVfJBwKDrmg,https://cloud.189.cn/t/za6jyyN7z2Yf
网络奇兵 重制版,450216,https://pan.baidu.com/s/1a8yykVxCaeGoRVTWAmLQXA,https://cloud.189.cn/t/Fnyyi2Q3ENfi
创世理想乡,229100,https://pan.baidu.com/s/13-JM_3-vuhOEsvfr8eu7aQ,https://cloud.189.cn/t/m6fE3iuQJF3u
伊始之地,545005,https://pan.baidu.com/s/16lqom0HmZTQhqBwyW9pT_w,https://cloud.189.cn/t/mi6rAvRzyQ7z
术士计划2,,https://pan.baidu.com/s/1PMS4UZlN88nj5i4WvGZGNg,https://cloud.189.cn/t/6rAv2aNfUjym
双点校园,523712,https://pan.baidu.com/s/1bZKNq2TwPHOTdARHCPCxwA,https://cloud.189.cn/t/ANn6VnJ7B3I3
出行路线,908526,https://pan.baidu.com/s/1fqeUh51AExh1g9mud7GcLg,https://cloud.189.cn/t/qARZva6Zb2i2
铁路帝国2,2033333,https://pan.baidu.com/s/1xUiYYeMy6fg8gyNMsR7wzA,https://cloud.189.cn/t/NF77vuuMRBFb
回合决斗,5246632,https://pan.baidu.com/s/1IcFUMAO0bQjvEHAnewE7ew,https://cloud.189.cn/t/aQj6nmbyaEZb
无尽太空2,2891462,https://pan.baidu.com/s/18SQ5JROKR0eMkvqmDNnDNQ,https://cloud.189.cn/t/YriqIv7fMNN3
传颂之物 斩,2155420,https://pan.baidu.com/s/1ygpEt_fZnZD5tV90Af7t7w,https://cloud.189.cn/t/NriYRzvmI3ye
糯米团子历代记,2510002,https://pan.baidu.com/s/1WjOoTnQDTvND80FNHce1YA,https://cloud.189.cn/t/NNZVfuaye2An
女神异闻录5皇家版,2155522,https://pan.baidu.com/s/1ANwe1ec8oU01lh0uRNH_Sg,https://cloud.189.cn/t/y6jUjeJJ7rYf
牧场物语 橄榄镇与希望的大地,2654442,https://pan.baidu.com/s/1yk6GxmHpeBjgAyuv2vqTFg,https://cloud.189.cn/t/v6BrUvjUf6J3
李甫西大夫 罗姆酒与死亡版,3255552,https://pan.baidu.com/s/1nDrvVhteErvPvX8Y1vlF6A,https://cloud.189.cn/t/MRzma2imMzMj
影子诡局 被诅咒的海盗,2158882,https://pan.baidu.com/s/1Z2L6z69XRPrLWnZt5ULOAg,https://cloud.189.cn/t/N3e6f2yMRzYf
胡闹厨房 全都好吃,5266662,https://pan.baidu.com/s/1X1sKWJtXhAe7__owKAPoIg,https://cloud.189.cn/t/YVjIjafmU3mm
如龙极2,6587742,https://pan.baidu.com/s/1WNmkc5_5mni-Hs4Y9qn8qw,https://cloud.189.cn/t/InMzUvuIvyqi
如龙极,5489962,https://pan.baidu.com/s/1LCJS66lOxmt4QisGsHg9Rw,https://cloud.189.cn/t/JBNrIvmqe2ya
收获之月 安索斯之风,3652222,https://pan.baidu.com/s/1oA53O-l_iZ3neLhpgwweRA,https://cloud.189.cn/t/vmUzYjJvI7r2
封锁协议,3552220,https://pan.baidu.com/s/1PGBSEFkxKvYGMsuITwVrxQ,https://cloud.189.cn/t/yE7nYvumaAN3
人中之龙0 誓约的场所 导演剪辑版,9554220,https://pan.baidu.com/s/1k9FE3hBgxlch4EwhM-_DrQ,https://cloud.189.cn/t/YNnYFriM7NJr
袜罪并罚,2155440,https://pan.baidu.com/s/1hwO7j8wIBlAodoTNA_c97A,https://cloud.189.cn/t/zyUnmmB3yqau
滑板故事,5489996,https://pan.baidu.com/s/1yypdOcgND44XahS1wafrFw,https://cloud.189.cn/t/36BFbaaEfYZv
荒岛求生 逃出美女岛,3211555,https://pan.baidu.com/s/1FvGcb2pUyrDA4LHOFWCXCw,https://cloud.189.cn/t/nayeE3MvU3In
黑白莫比乌斯 岁月的代价,9620142,https://pan.baidu.com/s/1x1JpvHIUfn7mzel3hzoFdA,https://cloud.189.cn/t/ryAvimYvYVby
允许开火,2155000,https://pan.baidu.com/s/19C8LbqyGCI1WkEmw7r5qsw,https://cloud.189.cn/t/ZjYZVjVjaUb2
月球任务,2554220,https://pan.baidu.com/s/1SPp4XviAUFOhM5yUNBgkXQ,https://cloud.189.cn/t/2AFZr2FzAvuq
阿加莎 克里斯蒂 尼罗河上的惨案,5442200,https://pan.baidu.com/s/1ksxXCziDgTifFyy3yeQjhw,https://cloud.189.cn/t/jUviierMFF7j
Storyteller,1587452,https://pan.baidu.com/s/1bi6ysIDLJYGLHncj-QyonA,https://cloud.189.cn/t/FzyErajqMZri
刀剑封魔录外传 上古传说,6574872,https://pan.baidu.com/s/1ug4_wyZWQM4G6yrMG6eBsw,https://cloud.189.cn/t/QNfy6zNZ3e22
数码宝贝世界 新秩序,1148752,https://pan.baidu.com/s/194bWdf8lj170yxHdaP406w,https://cloud.189.cn/t/E7NZBjNBfuI3
数码宝贝 绝境求生,2154472,https://pan.baidu.com/s/1N7TjgWENuLUEhgpLj8gP9g,https://cloud.189.cn/t/rIvqQrJRbq2y
毒枭模拟器,3666542,https://pan.baidu.com/s/17_qffKUWH95WKBl8n54_iw,https://cloud.189.cn/t/uEJfmmAVNFva
ALTF4,8547772,https://pan.baidu.com/s/18YsvQken637p_ope3GGgLA,https://cloud.189.cn/t/Rf6BBjf6je2m
勇者斗恶龙怪物仙境3魔族王子与精灵的旅程,3265333,https://pan.baidu.com/s/1czm377E0jbB07RBSki5oQA,https://cloud.189.cn/t/QjmMv2eaUzAn
闪避刺客,1632252,https://pan.baidu.com/s/13yPQlfyXCnNXgLaM-cVekw,https://cloud.189.cn/t/zyEF7fMVfyea
泡泡龙 白糖地下迷宫,5442200,https://pan.baidu.com/s/12umlBd5mRoJPGR-tgJqNBQ,https://cloud.189.cn/t/JZFJbmfmEZni
国际足球大联盟21,3265220,https://pan.baidu.com/s/1DvFwTZcc1W2QWsdon1yGrg,https://cloud.189.cn/t/eUFBz2IRb2aa
真女神转生3 HD重置版,7855422,https://pan.baidu.com/s/1EjTW355UUed14DXXkQiK1w,https://cloud.189.cn/t/BfaqIj2Iraeq
战地风云6,4566630,https://pan.baidu.com/s/1Sw3x5kJb4YlYkOYq1Vyg9Q,https://cloud.189.cn/t/IzauymZvU3Uv
鬼武者2 高清复刻版,8542220,https://pan.baidu.com/s/1SZIVJ5KKxVy4uRaHRixCvA,https://cloud.189.cn/t/QjAvmeYBNfUr
看不见的我们,2554885,https://pan.baidu.com/s/1plhkBsIo27zBZEg-c0LOpA,https://cloud.189.cn/t/zaQRZzneyMjy
疯狂游戏大亨2,2589992,https://pan.baidu.com/s/1w9yaLnPEEp69EJImYetnjA,https://cloud.189.cn/t/yqU3emBb22Az
Y3005,3266653旧密码658889,https://pan.baidu.com/s/1GkTfTnCBMfUXhQmXvOFxlA,https://cloud.189.cn/t/NFvqMfAFNfym
We Who Are About To Die,5264558旧密码258665,https://pan.baidu.com/s/1FE9FlABnN_sFM73QGAWYWg,https://cloud.189.cn/t/JRNFnuiyYrQ3
反叛公司 局势升级,2659993,https://pan.baidu.com/s/16Vjm5x-NjQpz_4yMzCo45Q,https://cloud.189.cn/t/yuyMRr6Vz2ii
极品飞车 热力追踪 重制版,2355999,https://pan.baidu.com/s/1TnBu0sSY0Q4yHQPlODbdJA,https://cloud.189.cn/t/uM3Q7rfU32Yn
绝命时刻,5899655,https://pan.baidu.com/s/1l7jjXJotjGhYOtZRVhwoLA,https://cloud.189.cn/t/euYj2eaM7Vzq
战场的赋格曲,2548873,https://pan.baidu.com/s/16-LPT5ENFx9cN__jzD8Dyw,https://cloud.189.cn/t/6RZJ7fAbUrYr
雨中冒险2,3652212,https://pan.baidu.com/s/1BMD1mUTc40KoPF5ES3zStA,https://cloud.189.cn/t/iAvmA3MFFjqa
战场的赋格曲2,9552214,https://pan.baidu.com/s/15JyQ1gQT7rcbcyATSnq1fw,https://cloud.189.cn/t/Nr2EVz6BnQ7j
战场的赋格曲3,1236660,https://pan.baidu.com/s/1MVtDY5W0Ii-izZNs1KaReQ,https://cloud.189.cn/t/U7RFNnFnAJ73
指环王 重返墨瑞亚,2584442,https://pan.baidu.com/s/1tVrxy6Kzo-lAlNCDZ19gHA,https://cloud.189.cn/t/fYbeAvyiUJNj
铁甲少女,7458555,https://pan.baidu.com/s/1Hom5INYhaDiw6mivTtQbjw,https://cloud.189.cn/t/JzmABfjyYbiu
晚安宇宙,8745550,https://pan.baidu.com/s/1ctprvPbfTfIjNkDI70vUYA,https://cloud.189.cn/t/7V7JVfANjQfq
莱莎的炼金工房 常暗女王与秘密藏身处 DX,3265599,https://pan.baidu.com/s/19B6E6xzsB2k2GLUgAYBAwA,https://cloud.189.cn/t/yiQZfeMBJZrq
莱莎的炼金工房2失落传说与秘密妖精 DX,7554855,https://pan.baidu.com/s/1_xiVSM5qkZLyhFjVZxPT5g,https://cloud.189.cn/t/vaIR3qvaAvea
莱莎的炼金工房3终结之炼金术士与秘密钥匙 DX,5745556,https://pan.baidu.com/s/1TyAUr0at89eTiF368QzATw,https://cloud.189.cn/t/UBf6b2mYRJBv
流光崛起,9555450,https://pan.baidu.com/s/1K1jx7KfZmbF7KUXtoxJW2w,https://cloud.189.cn/t/ZVfaQffEjERv
奇物斋,3258889,https://pan.baidu.com/s/1faxHljX7nIk6D8plHW2MfQ,https://cloud.189.cn/t/iQbMfiMfq6ry
午夜现场 公路惊魂,2155001,https://pan.baidu.com/s/15w0gqYHQtSZw5FWiz0NNkA,https://cloud.189.cn/t/QZ3URnrENb22
怪物猎人物语,2156662,https://pan.baidu.com/s/11hUzW3lpCVb1jXwH-orCMg,https://cloud.189.cn/t/AjQJVzRRFJ3q
桌面防卫者,8775560,https://pan.baidu.com/s/1NeNLv-zz0BN9TBIGjqhUZQ,https://cloud.189.cn/t/RfmYF3Z7VjMb
浪漫沙加2七英雄的复仇,6588622,https://pan.baidu.com/s/11Qt8s38IbQ9sQL9a3cJV4A,https://cloud.189.cn/t/ZjYj6nvIVfym
J3017,6521442,https://pan.baidu.com/s/1X5HfBKXj7DiW2JlZrQPcsg,https://cloud.189.cn/t/v6ZvqiqmE7Rb
狂想 夏日盛宴,7855400,https://pan.baidu.com/s/1TEcJ9r_Q3QoPSJ5YTSYa2A,https://cloud.189.cn/t/rEFvemiqiyI3
战术突破巫师,8554450,https://pan.baidu.com/s/1IxZoPIt8TNK8pNNxTI21uQ,https://cloud.189.cn/t/vE7VnezEZ3qa
ATLAS,9655522,https://pan.baidu.com/s/1g7HgPjmjT4ofu5RH-8IJVQ,https://cloud.189.cn/t/BzymI3queQv2
极品飞车21 热度,5487771,https://pan.baidu.com/s/1FwXJgDgHVWVJjJ9zOqxoNw,https://cloud.189.cn/t/qYbiAfq6FvAb
J3016,2152201,https://pan.baidu.com/s/1nQb9BVzZBaC1ZIuEVyfLrQ,https://cloud.189.cn/t/IZf2IfQ3ER3m
直到黎明,2158995,https://pan.baidu.com/s/1FoeIQoS3ncbJKi1PD3CUeA,https://cloud.189.cn/t/6nqiuauMRvQn
巴别塔圣歌,2545663,https://pan.baidu.com/s/1DcyW3PTx3cPIe9kBZ4REgw,https://cloud.189.cn/t/iMZzqy2eaUn2
超自然车旅,5421272,https://pan.baidu.com/s/1VQWuSx3a251-F_GS_ulfuQ,https://cloud.189.cn/t/iiyuyanaINFn
辐射4次世代版,5362224,https://pan.baidu.com/s/1koZs5sUJdTj7CjKaTCimpg,https://cloud.189.cn/t/7viIrenAvuai
无尽传奇 复刻版,6541120,https://pan.baidu.com/s/1Jm4zZzEY9q8MjkoNhd_WPA,https://cloud.189.cn/t/MRBNrirqQvMb
国际足球大联盟20,6544852,https://pan.baidu.com/s/1XsKviQhj6G1X24QO9k3KSw,https://cloud.189.cn/t/y2MN32RrMrqa
我只是想让她们都幸福,5459955,https://pan.baidu.com/s/1tQYCAHL8NsFqe_33IYcYFA,https://cloud.189.cn/t/jyIRfqVRzIFn
舒适森林,6599983,https://pan.baidu.com/s/1KItOgqgGIKwNICO1wQw7sg,https://cloud.189.cn/t/Rnumq26RnIjq
勇者斗恶龙3HD 2D重制版,8955562,https://pan.baidu.com/s/1b8p2IQBq1K4domJC7N6DHA,https://cloud.189.cn/t/uaeyuqRFvY7v
摇摆狗狗,3554550,https://pan.baidu.com/s/1mcCGdtnoxlCaFb6cbuooKw,https://cloud.189.cn/t/I3UrmeEVZbQn
植物大战僵尸 重植版,6588855,https://pan.baidu.com/s/1pjSzG61fOem7biU5-LMCdA,https://cloud.189.cn/t/RBvEvieuuiu2
霓虹白,5669874,https://pan.baidu.com/s/1kJVLiAaqdipB6vAZgOx1Cg,https://cloud.189.cn/t/UbeIBfzae2mu
求生指南2,6589966,https://pan.baidu.com/s/1Q3luqYA1IiyfMLw5s7S8-Q,https://cloud.189.cn/t/A3Y7jmjEzYjq
霍珀与刺猬胡须的宝藏,5996663,https://pan.baidu.com/s/1I6Y_06tXDRceLuje1tF8vg,https://cloud.189.cn/t/QvMBVbuE73i2
斩妖除魔 重制版,3589987,https://pan.baidu.com/s/16_PZb37qU8KO8fM72NrR7g,https://cloud.189.cn/t/2qemUnFvUZbq
卡片战斗先导者2,6588955,https://pan.baidu.com/s/1UZItDpLLiUSLVLV-86HMUQ,https://cloud.189.cn/t/ZjiIJbrMbuqi
Ooo,2554991,https://pan.baidu.com/s/1UK0pvLWQD6jrXEVK9PI4YA,https://cloud.189.cn/t/reimQjqaaIBb
死亡岛2,6325666旧密码215447,https://pan.baidu.com/s/11t9dJ9N8rjj63ntYQP2wag,https://cloud.189.cn/t/EVneQj3QfI7z
神力科莎 竞速,2156662,https://pan.baidu.com/s/1CghUQEcS_0NMsvvZJVReIg,https://cloud.189.cn/t/6Jj6ba7nU3Mz
砖厂,2154773,https://pan.baidu.com/s/1GT2bEgofqg9Zhof_C1qHHg,https://cloud.189.cn/t/aErYj2aYZ3Ej
超阈限空间,5485211,https://pan.baidu.com/s/1SQFdIYLHPR5Lkpn3LzQ3Gw,https://cloud.189.cn/t/qUVbAnQBFzY3
晃晃人生,2122223,https://pan.baidu.com/s/1DUanQHHu_4hPenNJ5p8FKA,https://cloud.189.cn/t/mqy6jmnuEFze
避风港,3265553,https://pan.baidu.com/s/1Lbt6_jZuaCyhoFP-7nSFmQ,https://cloud.189.cn/t/Er2a2mUV7Bve
孤帆远航,3266633,https://pan.baidu.com/s/1A273E0z67-qEGO5NOS-jFA,https://cloud.189.cn/t/VZ32myBnIjmy
盐和避难所,1002213,https://pan.baidu.com/s/1mzs6980V-DvGcWgqqqMj3g,https://cloud.189.cn/t/N736ZnyAZ7be
苍蝇骑士,6558200,https://pan.baidu.com/s/1XEjvKVPMCPqSK1vFfceMEA,https://cloud.189.cn/t/eU73MrQvAfMr
911接线员,3256652,https://pan.baidu.com/s/1OkxG3jRtS3SeJe5rapTRJg,https://cloud.189.cn/t/uyuyMjuEZ3m2
迷你地铁,2154443旧密码365998,https://pan.baidu.com/s/1a4vbKfU9WDmaHd4KAtTtDQ,https://cloud.189.cn/t/mMVZzeeIvyqm
失落的遗迹,5648893,https://pan.baidu.com/s/1tTf6JcLTQhHoPCdeWQnc3A,https://cloud.189.cn/t/ZZvyA3RnIbyu
死神 魂魄觉醒,2250003,https://pan.baidu.com/s/1RDyitcli4s9ybihDCCFzPg,https://cloud.189.cn/t/MVf6vuVFvEV3
实况足球2020,1548552,https://pan.baidu.com/s/1jJtfTlfQxuKcEqXPHoCa6A,https://cloud.189.cn/t/vqIzaqEFJfeu
天命重启 心跳的抉择,6588520,https://pan.baidu.com/s/14NFMLEldbZJl3KIYMg2-AA,https://cloud.189.cn/t/na2u2qi6R73a
星链 阿特拉斯之战,5485200,https://pan.baidu.com/s/1eWCHbbV-curlRQgab9v8XA,https://cloud.189.cn/t/Q32QfiEzMfma
宝可梦传说 Z A,6588995,https://pan.baidu.com/s/1pmswkTDYxqm1nVat_Qq6eA,https://cloud.189.cn/t/2UBVvq3AnMzi
镭射街机编年史,2546662,https://pan.baidu.com/s/1SiLPRJ-m2iUSdJACGkkIKg,https://cloud.189.cn/t/riaEVfaEF73y
炽澜号,2156330,https://pan.baidu.com/s/1jka8_s42rB1wmXqPds_ZCg,https://cloud.189.cn/t/6reM3iZFneMv
经典迷宫 扶翼魔装阵X3,5520033,https://pan.baidu.com/s/1AY_Jz_yBemEebKMk3qvdfQ,https://cloud.189.cn/t/jaQjm22QRBNr
生化危机 启示录2,2566633,https://pan.baidu.com/s/1N9lOhrklMfGAp75edp6_HA,https://cloud.189.cn/t/uyYjim7zAnum
铁路公司,7488854,https://pan.baidu.com/s/12IGBFsversxzA_NQfL0-jg,https://cloud.189.cn/t/6zARZ3Jv6zmy
音翼重聚,6522200,https://pan.baidu.com/s/1Ej7XJzb7UT8Ivp2enOAqjQ,https://cloud.189.cn/t/Az6zYf2eyiaa
猫咪斗恶龙,3225660,https://pan.baidu.com/s/1cfACPd8gPgTnnvcAidSm9A,https://cloud.189.cn/t/jYBRvy3mYvQv
桥梁工程师传送门,3320001,https://pan.baidu.com/s/1qFWWppKl6CFGn8Se_a8JRQ,https://cloud.189.cn/t/NrMjqm2iMbEj
史莱姆牧场,3363235,https://pan.baidu.com/s/1KkeWLzSsyD2nOyuvWzteOg,https://cloud.189.cn/t/mq2IJzJVJV32
全面战争 三国,6322259,https://pan.baidu.com/s/1pDd47ZhDJoQ3QJ3fkRjYZQ,
战争之人 突击小队2,3250001,https://pan.baidu.com/s/14ubHZ7mAyO4FrQkYDiLpzA,https://cloud.189.cn/t/IzaaeiZnuqyq
燥热,6326665,https://pan.baidu.com/s/123MHxab4WJrUxyZBHa43BQ,https://cloud.189.cn/t/yIZJzqENf6Zn
机甲战魔 神话之裔,6587442,https://pan.baidu.com/s/1Gb07ZKp4B6WWLoLFqn4BIQ,https://cloud.189.cn/t/7NJfmqyQzMn2
基佬大乱斗,7543265,https://pan.baidu.com/s/1ffvfqMLeyIL9MAKrwMtAnw,https://cloud.189.cn/t/rYZrA3FVVbyy
钢铁收割,2566642,https://pan.baidu.com/s/1F8DMflCum6M2C7NtffnyOg,https://cloud.189.cn/t/YRvqErZRFVjy
画中世界,5874448,https://pan.baidu.com/s/1kRyUNB_hm3Fzj7r1bhyrJg,https://cloud.189.cn/t/yMn2Qzeqm22u
死亡之夜,2544445,https://pan.baidu.com/s/1GoHyO4dqmUN6capgiDfFwA,https://cloud.189.cn/t/ZJvuuqUVFRru
吞噬,2563365,https://pan.baidu.com/s/1WzPrgvVh4SiqJGP74qoUSg,https://cloud.189.cn/t/JrQFZruyi6fy
最后的咒语,5266662旧密码635244,https://pan.baidu.com/s/1cFscmIq8Zm_MNfO78j8BDQ,https://cloud.189.cn/t/UJbaim3UZ7Bn
燥热：精神失常,3579964,https://pan.baidu.com/s/1Qn8QCddJNDoM1gzq1cpF8g,https://cloud.189.cn/t/je2YBrn6n2qy
掘地求财,2516332,https://pan.baidu.com/s/1dy6yj0EJxuX-mdyRn8yhuQ,https://cloud.189.cn/t/re2qYjuMrIFr
S3001,6254125,https://pan.baidu.com/s/1MjM34sEPvl9y7cZp4R5AEA,https://cloud.189.cn/t/b22uQ36ZNNz2
遵命陛下,8745445,https://pan.baidu.com/s/1zwnCfPeklwhzAJj4Jkoubw,https://cloud.189.cn/t/y2yENvIb2iAb
海底大猎杀,3258892,https://pan.baidu.com/s/1ef7oWWYxoj-O1Z9npg4fnQ,https://cloud.189.cn/t/ueQVvufYjMJf
战争之人 突击小队,3589965,https://pan.baidu.com/s/1jiM7yOllpLSk3enV3it7Hw,https://cloud.189.cn/t/mEbqueIfiyYz
三国志8重制版,5462211旧密码584222,https://pan.baidu.com/s/1ven2bd7bsc6HkXrMK6l36w,https://cloud.189.cn/t/emiyau63IBnu
足球经理2023,3268885,https://pan.baidu.com/s/1HkCBbhmfrgeuaVPtmR3MxQ,https://cloud.189.cn/t/NNjAJnZBvqYb
战争之人 突击小队2冷战,9855411,https://pan.baidu.com/s/1k4r0Iajtbl5Du7qy8PGoIA,https://cloud.189.cn/t/iMzqE36jumiu
空之轨迹 the 1st,5488755,https://pan.baidu.com/s/1-sSDBuWUcACZ_eusqOh5kw,https://cloud.189.cn/t/MRjmmyeAjAFj
雨世界,8517772,https://pan.baidu.com/s/11TOTuIln6vfosPNYkVHfNA,https://cloud.189.cn/t/7JFJfqzaY3Ar
光环：士官长合集,5644481旧密码236554,https://pan.baidu.com/s/1AEIUiFc_z8uKRYwiNmjLng,https://cloud.189.cn/t/fqQVbyJjq2iq
全面战争 幕府将军2,3265212,https://pan.baidu.com/s/1MXzP9qPvdUHwI3uM9QAfww,https://cloud.189.cn/t/JjQJJvMfyqay
渎神,5214563,https://pan.baidu.com/s/10_3JTdAqZVRb7CdGg9epeg,https://cloud.189.cn/t/yQz6bqJJf2In
诸千年,5248855,https://pan.baidu.com/s/1KVJux_hA8hGl3aoyQFijSg,https://cloud.189.cn/t/meiAfmMNRvYv
怪物圣所,1023203,https://pan.baidu.com/s/1YGQFoYqmilMh_XyPUl_yBQ,https://cloud.189.cn/t/bEb2uimiAfUf
长号冠军,6357843,https://pan.baidu.com/s/1yCTlxaeeiPSAh4FTm5s3xw,https://cloud.189.cn/t/JJFveyZFRBni
不思议的皇冠,5200003,https://pan.baidu.com/s/1ekmPIgRL9p36BPRk-OenIA,https://cloud.189.cn/t/2Y3mqq7RJrQj
堕落圣杯：征服,3579646,https://pan.baidu.com/s/1Wq8Xx0p-ht4MBYf7OAITsw,https://cloud.189.cn/t/a2QzIvfqeEFj
Y3018,3265999,https://pan.baidu.com/s/1IrAUmW4taedVJr1NpvhjHA,https://cloud.189.cn/t/VvmErqVZrAZj
整蛊邻居：归来,2547772,https://pan.baidu.com/s/1761BBY2vT1ciIbrkAL_r9Q,https://cloud.189.cn/t/Fb2E3yfUBRre
伪装生物,3203323,https://pan.baidu.com/s/1w6ScOoq2MS9ARJ8zQeNzYA,https://cloud.189.cn/t/B3U3UzYziy6v
信使,8745965,https://pan.baidu.com/s/1S0MAOPHsLsxp85t6ujtIRA,https://cloud.189.cn/t/zEnayeqiym6j
合金装备3 重制版,4587741,https://pan.baidu.com/s/1VZtjoFeKfsDdX-KhWyMKVw,https://cloud.189.cn/t/ia6Z3iN3aayy
红色的炼金术士和白色的守护者 蕾斯莱莉娅娜的炼金工房,2232100,https://pan.baidu.com/s/1rcD9PDWRATVXbLfFZIyQ1A,https://cloud.189.cn/t/BJjyyqf6FrYn
爱情 金钱 摇滚乐,3255660,https://pan.baidu.com/s/1fWqBHs64YG7lxrPbxh8MlA,https://cloud.189.cn/t/YzeMjmB3URZj
背后3阴戏,2115002,https://pan.baidu.com/s/1hTgbK65JXNIA3Q-cjbxblw,https://cloud.189.cn/t/eqqquqbimaEr
超次元游戏海王星,5265522,https://pan.baidu.com/s/17XV5G9iyzAuEW5ZLd__b0w,https://cloud.189.cn/t/Qb63uiBzAvMf
警察故事,3578493,https://pan.baidu.com/s/1dz3gt9NP0TLnTahrafrqiw,https://cloud.189.cn/t/rUZjei6JrQzm
模拟火车世界6,5545622,https://pan.baidu.com/s/1b1XhyXDqpxoilpL_4Cj5NQ,https://cloud.189.cn/t/b6zuMjYBjY3y
梅加邦克,5662220,https://pan.baidu.com/s/1cbAEVBQnTfyhzf_Sanqulg,https://cloud.189.cn/t/eEJ3Inne2umq
啦嗒铛,2315488,https://pan.baidu.com/s/1AWYP6g47cPfd4gdbyfjWpg,https://cloud.189.cn/t/yY3uqquURfaq
心跳大冒险 泰遇,7554885,https://pan.baidu.com/s/1uC7EHTqZdUiuvZeqngqCAA,https://cloud.189.cn/t/nmuARrRN36fu
猎户座,2548873,https://pan.baidu.com/s/1NfFlFXeGdkkbY3jwxpCX_Q,https://cloud.189.cn/t/yMjIBfZ7rIfq
永久与神树的祈愿者,8955663,https://pan.baidu.com/s/19RgtNoVy4hIO8LV83Oa9BQ,https://cloud.189.cn/t/RZRzIrFnqqiu
飙酷车神,3256669,https://pan.baidu.com/s/1PZO_SLkwl8RUeDFMludJqg,https://cloud.189.cn/t/QbIJ7jMfINVj
Bratz节奏与风格,6522223,https://pan.baidu.com/s/10GGLoCEb-38OQ79TqN3_CQ,https://cloud.189.cn/t/vyU32eEjuURj
乐高旅行者,6521488,https://pan.baidu.com/s/1KjQAqe_eRsef5ivKY_A7VA,https://cloud.189.cn/t/zyE7bmqEJ73y
活体脑细胞,8566635,https://pan.baidu.com/s/1ZcUiMMdoaD6BcBNSCu2qRA,https://cloud.189.cn/t/QfIj2yyYbmyy
自动化 汽车公司大亨游戏,6679965,https://pan.baidu.com/s/1i-Z4eoxw9kHzFdSJS-QSOA,https://cloud.189.cn/t/MvMVnyFj2eya
X5041,1596588,https://pan.baidu.com/s/1baq7YIGLxR9wcQaTxkH7Rw,
远星物语,2544476旧密码987778,https://pan.baidu.com/s/1A6A1t0QlyBn8uINjXgHCnA,https://cloud.189.cn/t/rMreYv3Ar6Zr
缄默祸运,6525556,https://pan.baidu.com/s/1K3iRHN3gdOx-lAOpHf5Cvw,https://cloud.189.cn/t/Yn2UJbiMBFbi
伊苏X 诺曼荣光,3254411,https://pan.baidu.com/s/1lSXKFIRG4d1kXO6CgpOA3w,https://cloud.189.cn/t/qAJ3iqeYvIVr
MASS建造者,2154443,https://pan.baidu.com/s/1lNw29dJ8iqJ5H3G0sQH4Pg,https://cloud.189.cn/t/eqUnum2M7fIj
导演 请多多指教,3255100,https://pan.baidu.com/s/1OFm7C02QXWbvi5-X1G-MzQ,https://cloud.189.cn/t/rQvqQrBjIb2a
切勿尖叫,5220004,https://pan.baidu.com/s/1sGgqJXIobhxFh4DtUjjUSQ,https://cloud.189.cn/t/iuyqA3fqui2u
欢迎来到林葬屋,9855441,https://pan.baidu.com/s/1ZdqkMnQHVxWrbqS1q0M1_g,https://cloud.189.cn/t/VJjeam32EFna
终天教团,9856669,https://pan.baidu.com/s/1daw8ef0iD27vmwrglrVh3g,https://cloud.189.cn/t/nINv6fMJrmee
时间旅者 重生曙光,1254885,https://pan.baidu.com/s/1f_IsK5qPdAxiJ9TJ1UcRfQ,https://cloud.189.cn/t/ye6JRvvimMJb
合金天使 堕入伊甸,3265596,https://pan.baidu.com/s/1ZCcC3fn6fwjX129sUH8dXQ,https://cloud.189.cn/t/EJZvmqINJV3a
丧尸围城 豪华复刻版,4558665,https://pan.baidu.com/s/19WYS35Q1Lu1avkvLUzIEzg,https://cloud.189.cn/t/uuaQZbz6RbUv
野兽传奇,3256665,https://pan.baidu.com/s/1g81mM7xek_IU-UxZ8bIuiA,https://cloud.189.cn/t/BnyeIjR77vqi
怪物猎人物语2：毁灭之翼,2548873,https://pan.baidu.com/s/1LwyHECN-5ccxaU8UxfrRig,https://cloud.189.cn/t/Y7rMRvum6bUf
炼金工房：莉迪与苏瑞的炼金工房 不可思议绘画的炼金术士 DX,5632253,https://pan.baidu.com/s/13TWUpdLBGo5pS56UcpZN6w,https://cloud.189.cn/t/eqeiqyABBfi2
陷阵之志,3587453,https://pan.baidu.com/s/1KpWnsmypMH5Y9ngkoL26_w,https://cloud.189.cn/t/qeUFze6fmi2e
雨中冒险 回归,2530007,https://pan.baidu.com/s/15WKceUUnSm2WsdfbBJiDvg,https://cloud.189.cn/t/2qumuyvi6jEj
GRIS,5521472,https://pan.baidu.com/s/17Uj3JX2WdCH5TzJ72OA1hQ,https://cloud.189.cn/t/qeARB3q6bq6v
INSIDE,5487773旧密码524878,https://pan.baidu.com/s/1tkdvKorM9oofBkL4U8B-_Q,https://cloud.189.cn/t/NjmMf2reAZva
远征 泥泞奔驰游戏,2541112,https://pan.baidu.com/s/1nQA2o9GYiZ4pLyIUMgw7Bg,https://cloud.189.cn/t/YfM3quuAfmmm
N5018,3263336,https://pan.baidu.com/s/1FjM6T7LuP4dfenAvaIlxzw,
少数幸运儿,1254873,https://pan.baidu.com/s/1cFfiQaRQh5CmN2nfRab04g,https://cloud.189.cn/t/7FJvEbYNBfem
钢铁之师2,3548851旧密码548887.548745,https://pan.baidu.com/s/10T_U6fE7tsKoX8zi9e5Dow,https://cloud.189.cn/t/IjiQrqY32q2i
S5040,3266559,https://pan.baidu.com/s/1vqWLEotAQCjcjUTDVcD1Jg,
S3042,3265585,https://pan.baidu.com/s/1Jnmj9USeKmuhN6eq7q63zQ,https://cloud.189.cn/t/mam6zijQzUry
小骑士,3265551,https://pan.baidu.com/s/1KTaC4tiRne8D7vIVRlNEeA,https://cloud.189.cn/t/eaeYRrnMfQb2
班班幼儿园8,2554888,https://pan.baidu.com/s/1B2A8I0Yct59POXjmLDKK9g,https://cloud.189.cn/t/6Zvaaq2QbMVn
持续挖掘,6587745,https://pan.baidu.com/s/1-WiRTUhnCm47fvo8pBJOZw,https://cloud.189.cn/t/jIbUfaFNbiYv
超级忍 反攻的斩击,5488556,https://pan.baidu.com/s/1GYevLWuCZmN2eFBnH2xpJw,https://cloud.189.cn/t/MVzyme7naUNj
脑怪来袭 脑晶保卫战,5466222,https://pan.baidu.com/s/1SOT_d4K7UwbS3jevttnWbQ,https://cloud.189.cn/t/MbiuquuAr2qe
这个CEO我当定了,3251144,https://pan.baidu.com/s/1BQXQCrgGScdNJ9uijOptGA,https://cloud.189.cn/t/eeqiqqyqiUFv
暗徒誓约,7885556,https://pan.baidu.com/s/1e5DTDUDuPtaiAgvrqrCPyw,https://cloud.189.cn/t/jiemEbi2qmea
滞困 异星黎明,6598874,https://pan.baidu.com/s/1X8V_qguUcmp4AIqRLjeoNw,https://cloud.189.cn/t/j6FFZvyyaaIz
战争机器 重装上阵,7485966,https://pan.baidu.com/s/17cM-MeRvGaKyUX83qcpN7g,https://cloud.189.cn/t/JZF7riU7neI3
心动恋旅 樱花篇,7458855,https://pan.baidu.com/s/1eOH0fRrJJJNQ6n4ttGxZmw,https://cloud.189.cn/t/nEnaIzEriMBz
异形战机最终版2,6589993,https://pan.baidu.com/s/1i9KP_68VwL-phMfF2LOWAg,https://cloud.189.cn/t/YJBfAv3e63In
恋爱从离别开始,2596665,https://pan.baidu.com/s/1f_Flq-_7gxiqdnxR0b3ANQ,https://cloud.189.cn/t/imyem2vEVBN3
H3001,3566663,https://pan.baidu.com/s/1LO3jF-va3aap4l-2ODKyJw,https://cloud.189.cn/t/ZZBzmyQraqA3
海市蜃楼之馆 纯真的安魂曲,8547754,https://pan.baidu.com/s/13eOg0wvzPhRdQ-YsWgYqNg,https://cloud.189.cn/t/uUBnInUrMrMv
乐客萌途,3258881,https://pan.baidu.com/s/1I1CbRrZ_HMJ4MuM5md_csA,https://cloud.189.cn/t/auimEnzMreyi
使命召唤20 现代战争3,6589965,https://pan.baidu.com/s/1lIielUswLDwTc5jVKssaQg,https://cloud.189.cn/t/MrABvyIJZRru
绿色地狱,6587441旧密码586666.654777.254123,https://pan.baidu.com/s/1boDbto-gHspgsgqTxmQPMQ,https://cloud.189.cn/t/yiM7VzMrAN3e
E3003,5642212,https://pan.baidu.com/s/16Xhi_ILv2mcM1e9K4Egivg,https://cloud.189.cn/t/muuaqyNJn6be
像素黑暗史,5488882,https://pan.baidu.com/s/12BPxMEiTJ6Ox-ZcgvA18Hg,https://cloud.189.cn/t/fmUvmq7RzUv2
心流小筑,3255889,https://pan.baidu.com/s/1XZpijgnNTb6uYeLMeDCsAw,https://cloud.189.cn/t/22A732YVrymu
S5039,2546665,https://pan.baidu.com/s/1njIHGRM12jIiMX79efI10w,
地狱之刃2 塞娜的史诗,5985665,https://pan.baidu.com/s/1a2g06KkQtzYkauWI2N-dvg,https://cloud.189.cn/t/AfaMfa2u6zIj
末日的回声,2584755,https://pan.baidu.com/s/1jQ4CKHCMldwPAMPbmR5egg,https://cloud.189.cn/t/2eUrA32QZR3m
君主 中世纪 重制版,3256685,https://pan.baidu.com/s/15H0o2YOV7kI5px2GVwv6Uw,https://cloud.189.cn/t/VRBVNviINj6r
殖民地飞船 后地球角色扮演游戏,3256698,https://pan.baidu.com/s/1qqm_uLAb6Iz6ucqmzFBnBw,https://cloud.189.cn/t/BvaYju636ZFz
异教徒与巫师,6587741,https://pan.baidu.com/s/1o6JqaX0_KbUSE3w3KPgFhA,https://cloud.189.cn/t/YZFz6nJbieuq
爱氏物语,2541156,https://pan.baidu.com/s/1LiSbX0YhuL73hEmPbFK4Tw,https://cloud.189.cn/t/bUjyUn6Jnyey
命运 虚空明镜 复刻版,6589965,https://pan.baidu.com/s/1vCo3Dn3z8S48jtsFz_bA7w,https://cloud.189.cn/t/i2eMbyBJnmmm
使命召唤 黑色行动6,3652000,https://pan.baidu.com/s/1OIY5HAKLJ0PfRQRuGzMrHA,https://cloud.189.cn/t/UFNjeimI7rei
地球战机,3251110,https://pan.baidu.com/s/1ptRz1VrII1HCK56buLYV_g,https://cloud.189.cn/t/2qARRvzEjANj
扫毒风暴 宛北往事,2558874,https://pan.baidu.com/s/1EsCPqZxRPIqdjAC_xPWByg,https://cloud.189.cn/t/ZbyIjeUZbqU3
战神5,6598855旧密码215422,https://pan.baidu.com/s/1HrVbal5ppCBmBoCBEjQQqQ,https://cloud.189.cn/t/qI7jMfrYRbmy
鬼灭之刃 火之神血风谭,2541112,https://pan.baidu.com/s/1vZfy5jqppfRsg3QW1hxRDA,https://cloud.189.cn/t/RJvIn2eY3Yni
海贼无双4,3620002旧密码852147.889745,https://pan.baidu.com/s/1bpbaxuidfCT2RQnMDR8e2g,https://cloud.189.cn/t/RfIbAnNVNzua
魔女之泉R,2547772,https://pan.baidu.com/s/1vDoTxagehXooQudTgGzQJQ,https://cloud.189.cn/t/q2iqIbN7r6B3
泳装封神榜 银魔姜子牙,2985547,https://pan.baidu.com/s/1bAhSmpMWRBzDXCasp1W4BQ,https://cloud.189.cn/t/emuuem3UFfMf
太鼓之达人 咚咚雷音祭,3256632,https://pan.baidu.com/s/1zzInNsG_WEqh_bHoKPtVQQ,https://cloud.189.cn/t/eINFRfuQjaUv
镜之边缘：催化剂,3623362,https://pan.baidu.com/s/1FstGkG1UBQWM-jzHNrwhsg,https://cloud.189.cn/t/uAB7viMVbu2m
超音速,5665442,https://pan.baidu.com/s/1WhtyYQTvFbDjxR_30tFnyg,https://cloud.189.cn/t/rquimunYjAfy
黑书,3254412,https://pan.baidu.com/s/19hc4iHePMCsDmF2CJV760Q,https://cloud.189.cn/t/VJbUJvBf2IB3
忍者外传 怒之羁绊,9854477,https://pan.baidu.com/s/1yTSpcEaj3Qo333oFGctlxg,https://cloud.189.cn/t/VNJBfmZ3IBre
司辰之书,5463332,https://pan.baidu.com/s/1kFsfunIHUA-huSXWcoc9pA,https://cloud.189.cn/t/UB7vAzfuyEvq
不 存在的你 和我,3520023,https://pan.baidu.com/s/1QUwcjAewE_6TJpomPhMz7Q,https://cloud.189.cn/t/F3qQzqzuuiqm
黄金像凶杀案再起,6552223,https://pan.baidu.com/s/1q9jzNXHudTEUmNxUlJmM7Q,https://cloud.189.cn/t/6fMnYfbqYjUr
卡普空格斗合集,2564482,https://pan.baidu.com/s/1qEOMdndctIAsqZnUjUkBwg,https://cloud.189.cn/t/Nvi22mrMveAz
Y5045,9585566,https://pan.baidu.com/s/1syulu4HdNdvCHP_CksAoSg,
后宫佳丽999,3256689,https://pan.baidu.com/s/1v6Q2vUN2MSNThmQ29dK27g,https://cloud.189.cn/t/bYZf6z2eaa2e
一袋子牛奶外面的一袋子牛奶,2541225,https://pan.baidu.com/s/1-iXGGpZEZjf76-LA8LVAtw,https://cloud.189.cn/t/A777ZvNJVFZj
一袋子牛奶里面的一袋子牛奶,9548256,https://pan.baidu.com/s/1hQNQQlYzjEVEZOz8eKcxbw,https://cloud.189.cn/t/UVn67f3qUjqe
环绕走廊,6598874,https://pan.baidu.com/s/1HDpiLcI2CmXJUjlXih7DIg,https://cloud.189.cn/t/2yu6Nb2MFRZf
新手指南,8456695,https://pan.baidu.com/s/14H_ogVY-ezBXYJKietAn8g,https://cloud.189.cn/t/rqEr6fUvMbIj
林中之夜,8475520,https://pan.baidu.com/s/1fmw43bfXgw48WmxCzri5eg,https://cloud.189.cn/t/rAR7bqfQnqia
无法成眠的伊达键From AI梦境档案,6584447,https://pan.baidu.com/s/1X0A3xPHaIYHil3UZiPIdiw,https://cloud.189.cn/t/ziUR7fYVbUV3
大恶人千金 枭雌百合战记,5879965,https://pan.baidu.com/s/14OpW18bKXGStnaBqw8OuCA,https://cloud.189.cn/t/n26RjuQfQfmm
我和未来有个约定,3265548,https://pan.baidu.com/s/1sypupH7uxbWs_2ejsmXEXg,https://cloud.189.cn/t/Qv2MNn7jaaI3
苍蓝雷霆GUNVOLT 三棱合极版,6548799,https://pan.baidu.com/s/1jrvvd1CIoASmpDi0DVYJaQ,https://cloud.189.cn/t/ZNb2eqZbEvum
PGA巡回赛2K23,3258889,https://pan.baidu.com/s/1F1j2SiGHVD3U30lZCb9dsA,https://cloud.189.cn/t/2eQrI3Vv2eeu
泰坦之旅：不朽王座 十周年纪念版,2154442旧密码698899,https://pan.baidu.com/s/1dS1_kyd6B93SuiXNpV02xg,https://cloud.189.cn/t/I3uaUrAZRFFn
和你的朋友打高尔夫,6599982,https://pan.baidu.com/s/1s10vIbVDXmvIfRu1bjKD8Q,https://cloud.189.cn/t/zauYVn7Fjqmu
致命公司,2152332,https://pan.baidu.com/s/16qvvUKT7ADi0NZwUEvyhUg,https://cloud.189.cn/t/FjEZRnVVN363
机甲战士5：雇佣兵,3654472,https://pan.baidu.com/s/1FwWLkBdEWP2MoBdHaTiT1w,https://cloud.189.cn/t/m22IzqJBBFv2
机甲战士5 部落,6563332,https://pan.baidu.com/s/1bPxFIkXjqYzdawcskPk7fA,https://cloud.189.cn/t/VFvqUzMZNFNn
洪潮之焰,3218796,https://pan.baidu.com/s/1lwEsNSsNJZHt8zEok1z8fQ,https://cloud.189.cn/t/iqIFZnUzQ7re
我的同事不对劲,3256998,https://pan.baidu.com/s/1RLJGCFAxeQTmeFRd80sSvA,https://cloud.189.cn/t/yAVv2qqIri2a
美邻街,3254888,https://pan.baidu.com/s/1_aBcMtvROxTgRw8ZfRp9IA,https://cloud.189.cn/t/36Z7Vv26R7Rv
使命召唤16 现代战争,9510022,https://pan.baidu.com/s/1cPSF2ynJY2kFyp5hidOtVw,https://cloud.189.cn/t/uQ7ziqmAJFzm
小朋友齐打交2 复刻版,5485522,https://pan.baidu.com/s/1I0Rn71R_JCr5WXfy4YztbQ,https://cloud.189.cn/t/RJfYfqm2UBvm
SCP大流行病,3548885,https://pan.baidu.com/s/1TmzH2ei4lpZgDGGtUxmkiA,https://cloud.189.cn/t/FFFNvyN7nuAb
机械战警 暴戾都市 未竟之事,9587456,https://pan.baidu.com/s/1mkbTWksgKjsiMW6tMZTG0Q,https://cloud.189.cn/t/zMfmIf2UzIFj
暗斗迷宫,5874569,https://pan.baidu.com/s/1NAcLG-EvCb5w2NabDfSm5A,https://cloud.189.cn/t/6VbAbeuaaYBz
复古浪潮,6538897,https://pan.baidu.com/s/1c-ZziifhbVAgYaSEo_L9Zw,https://cloud.189.cn/t/qmUB73feaEzm
埃里克斯霍姆 被偷走的梦,2564458,https://pan.baidu.com/s/1uwQ3ewfUyd8jhjhFkPLL3g,https://cloud.189.cn/t/emuYvyv6vmUv
半条命2,3266652,https://pan.baidu.com/s/1B_AjUAJyanl0EcerrORDxg,https://cloud.189.cn/t/Q7fiInJRv6r2
黑暗时代：背水一战,5647772旧密码587448,https://pan.baidu.com/s/1d9NZTiDuwVc4MZyK24mUtQ,https://cloud.189.cn/t/J7VR3i7reIji
遗忘但坚不可摧,9546632,https://pan.baidu.com/s/1WYnqaJSuaG8LZoyU-a6-ow,https://cloud.189.cn/t/ARfMneaa6bau
百妖试禅心,1549996,https://pan.baidu.com/s/13TekGIcnnEhwZ_476Tz1QA,https://cloud.189.cn/t/YbIBrmq2EJjm
狂热运输2,3699995旧密码452114,https://pan.baidu.com/s/11kJ5xhZ4V7nn_K-epXrdog,https://cloud.189.cn/t/biYJvq6niyAr
战略指挥 二战太平洋战场,3201156,https://pan.baidu.com/s/1lX3czDh8moFp4X0f20f3Eg,https://cloud.189.cn/t/yU7FjeyMjaui
祇 女神之道,6598854,https://pan.baidu.com/s/123avpgzKzK1-0neU1Ui0NA,https://cloud.189.cn/t/ERNRBreIVzu2
伊甸星原,5486652,https://pan.baidu.com/s/1n4dCwMbl08lHI8B87carrQ,https://cloud.189.cn/t/Ar6vIj2uQfA3
艾特丽丝,4587758,https://pan.baidu.com/s/1sL4wxScKaVe06QqABlcWgA,https://cloud.189.cn/t/vAF7beM7BzAv
天地有私 宿命之主,9554122,https://pan.baidu.com/s/1dhZKfP8QZxPShQ1xjLc3zQ,https://cloud.189.cn/t/AZbyyyZ3eA3e
适合雇佣,9548522,https://pan.baidu.com/s/16oYVYXVJmf1GjuwlW7JhYw,https://cloud.189.cn/t/bq6JBbBJN32e
DmC 鬼泣,5485220,https://pan.baidu.com/s/18Kc77KAnP45badq_lTm4sw,https://cloud.189.cn/t/BbYjiiFFN3qm
鬼泣HD合集,6598874,https://pan.baidu.com/s/1KSdYqBswGOnrvGE0gpfSMA,https://cloud.189.cn/t/BbimMfbAN77z
家族传奇 马匹养成竞技,5896662,https://pan.baidu.com/s/1am86CSEoSIoTQvTsTSWCcQ,https://cloud.189.cn/t/zEnINzimUBJv
啪嗒砰1+2重制版,3269988,https://pan.baidu.com/s/1tLgAn3MYIdOUYsF0UCkLWw,https://cloud.189.cn/t/JRfeiivmim22
专业飞行模拟12,3259998,https://pan.baidu.com/s/1fuHO-9FrdIG3pMZwIkW86g,https://cloud.189.cn/t/UfMnquJ77RN3
尼霍克职业滑板3+4重置版,7542336,https://pan.baidu.com/s/1DAp9KlJxHZM9EXUrBGo3uQ,https://cloud.189.cn/t/ZZfYRva2eYzm
前线,1201112,https://pan.baidu.com/s/1igtC_BU0CHua6_JMlFYBDQ,https://cloud.189.cn/t/FV3EVbUriuua
美国职业摔角联盟2K25,5589662,https://pan.baidu.com/s/1RrHXt28RtrETPSWlm38x2A,https://cloud.189.cn/t/juqqYrZjiuY3
苏菲亚的谎言与代价,4521889,https://pan.baidu.com/s/1V_zUx77SZD-9mR5uPVMKwA,https://cloud.189.cn/t/R7FVviRFRJVj
红河行动,5482200,https://pan.baidu.com/s/1cyqAF1OMF0i48_KklCsIhA,https://cloud.189.cn/t/MNvaMbAZjQN3
龙珠Z：卡卡罗特,2544471旧密码215416,https://pan.baidu.com/s/1IEgZ81EheMLrAGhjGg6bAA,https://cloud.189.cn/t/Nf67VjQfUVfy
披萨塔,6525552,https://pan.baidu.com/s/1LXMePpQ8hwfHTpRoCNimJg,https://cloud.189.cn/t/rQnAVj3qQj6b
短途旅行,2100022,https://pan.baidu.com/s/1YAGnwImV7qJCbpFXXkWkTA,https://cloud.189.cn/t/EBFV3mmyUvYz
夜莺传说,5625206,https://pan.baidu.com/s/1Z3yZwqp4PYKc95eKTg8YoA,https://cloud.189.cn/t/uaIfYzUfeaU3
坏结局剧院,1246982,https://pan.baidu.com/s/18SrIm-3H_PXiyGVeT1-TcA,https://cloud.189.cn/t/MjEBVviArQnu
琥珀岛,2148552,https://pan.baidu.com/s/1nqPN5IvstsJiKJZoxOZDMg,https://cloud.189.cn/t/fMFvAzMRNzmi
拉斯蒂的退休生活,5642554,https://pan.baidu.com/s/10twvtOlRkyDPWAqBVXjQrQ,https://cloud.189.cn/t/zyIJJ33UBJvq
生化危机1HD高清重制版,3265411旧密码215447.587466,https://pan.baidu.com/s/1V9XPsq2Obx2WLtfwkORuZg,https://cloud.189.cn/t/Nr6Vn2YFRBz2
S5038,1502225,https://pan.baidu.com/s/1ZJZb2QjqxclenXD3xOuHdA,
M3018,3256669,https://pan.baidu.com/s/1HdUJeQVcy8a1gFsuaz09QA,https://cloud.189.cn/t/RJ3iArnAf2Ef
模拟火车世界5,2152002,https://pan.baidu.com/s/1oxOyWi2-TI8Y23OM4esCcw,https://cloud.189.cn/t/YNJ7JzvQnU7n
Y3016,5369002旧密码587444,https://pan.baidu.com/s/1CtDIAhe56v_5DwSSno1WRA,https://cloud.189.cn/t/BRRnqmbiYz6v
A5009,3265552,https://pan.baidu.com/s/1-mitD3v8OkQlbaVCajZHpg,https://cloud.189.cn/t/VNr2ArZr6Ffy
终结者 黑暗命运 反抗,251888,https://pan.baidu.com/s/19R9ytw844Tb6dP95f5KCKQ,https://cloud.189.cn/t/BVruqqFBJVna
末日时光,6323333,https://pan.baidu.com/s/1AUIbER30Zb4u5e-pW6N99w,https://cloud.189.cn/t/niMbUr7vqqAv
A5008,2154662,https://pan.baidu.com/s/1X1hrtb2CRjnwsIkyQIC58g,https://cloud.189.cn/t/YvymEr7rmInm
同舟共济,3655522,https://pan.baidu.com/s/14OT75Z9R5Hr8zCLyTs9sPw,https://cloud.189.cn/t/3umIzyB3Unma
小黄鸭模拟器,2158962,https://pan.baidu.com/s/1RDXfjG4RX1SPF0g6eJN_vg,https://cloud.189.cn/t/aA7vIfrYvUry
斯盖尔仪式,6545552,https://pan.baidu.com/s/1SScZfVNhzGkJiewsqr9nww,https://cloud.189.cn/t/nINZ7rZBrEZj
造物主2,2154223,https://pan.baidu.com/s/1Owspe-RzsSe50lew0xa4_g,https://cloud.189.cn/t/E3umEfyqIz2u
B5009,2153303,https://pan.baidu.com/s/1KQffEpgyC2Bpv5GEpEBZEw,https://cloud.189.cn/t/fA3UNviIn6b2
Dungreed,2154442旧密码357894,https://pan.baidu.com/s/1VFY72318l2t7Eq68cjAskA,https://cloud.189.cn/t/qIjayiZje26r
J3001,2154662,https://pan.baidu.com/s/18ybOP-xJV61t0DfM41vMbg,https://cloud.189.cn/t/jmy2yyY3QbAr
J3014,3260001旧密码296885,https://pan.baidu.com/s/1Wgc3-4eeGDjj6scr8wPsjw,https://cloud.189.cn/t/Z3ERJfEbMnAb
迷宫探险,7458543,https://pan.baidu.com/s/1NCajNfNZbimSpLGyyJTQrQ,https://cloud.189.cn/t/MfURRnniu67f
超灵秘法社,2587779,https://pan.baidu.com/s/1GuK3OFFGYC9b64MvfyGp0A,https://cloud.189.cn/t/ZVfAreeyIfQb
龙崖,8522232,https://pan.baidu.com/s/1spt-4-6-LGukriGGgTeT1Q,https://cloud.189.cn/t/ryIra23qMFRr
废土帝国 人类复兴,1214452,https://pan.baidu.com/s/1BEmCffBbuWpDIhcElzBPug,https://cloud.189.cn/t/ZjAbue7RNr2y
M5004,2366662,https://pan.baidu.com/s/1RUo0VXKxNyHimaeoMKu_fQ,https://cloud.189.cn/t/reimYzrMNfYf
妹妹同居生活黑白色2：异世界幻想,5488872,https://pan.baidu.com/s/13bgqEvv05ukUE9urXQ7uMg,https://cloud.189.cn/t/AFnIBfRRfmeq
N3002,2564473,https://pan.baidu.com/s/1sQ1Zcs2_tQ7Oy11DIVFJQQ,https://cloud.189.cn/t/jiuUZrrQNbiq
请不要欺负我 大小姐们,2354411,https://pan.baidu.com/s/1rQviJfMdJKjW31sgw4Q8eQ,https://cloud.189.cn/t/67BZbmABVzM3
定制女友,6326999,https://pan.baidu.com/s/17M-ME0_qUDcVk2Ftk5tNEg,https://cloud.189.cn/t/3EZz2uVbI36z
神医西门庆,6558896,https://pan.baidu.com/s/1UL7WRkqu36yiulQPJBB59A,https://cloud.189.cn/t/beYfym3Yn63a
心之彼端,6595521,https://pan.baidu.com/s/1m4ohLs8m2EkMuRg34Ivzmw,https://cloud.189.cn/t/MFJjUn2EVjyu
工业崛起2,3258456,https://pan.baidu.com/s/1Fu-uWmsW-I3gC84vCzITng,https://cloud.189.cn/t/vmQJB3juy6Fv
最后生还者 重置版,3265222旧密码258999,https://pan.baidu.com/s/1BQjdotIDIZk-PVzHatDQ_A,https://cloud.189.cn/t/bu6feyFrqmmq
屋顶与小巷 跑酷游戏,1598755,https://pan.baidu.com/s/1wnHvoF9ODvkU2DpPD3-nLQ,https://cloud.189.cn/t/ZNNF3yvAnQRn
建筑师生活,3265895,https://pan.baidu.com/s/1oUt_vJnwnImUSxaeavJ6pA,https://cloud.189.cn/t/6fQRbqnQVNvu
石油骚动,2541992,https://pan.baidu.com/s/1ENcEAnJvTsUlWasbDYSRNg,https://cloud.189.cn/t/B7jUjyy22eiu
节奏盒子,2351548,https://pan.baidu.com/s/1_7vOeExvpidcQQPmJuunnQ,https://cloud.189.cn/t/673M3yfeyu2y
自爆无人机模拟器,3548552,https://pan.baidu.com/s/18L7JwShrds3u8LxlmBvbog,https://cloud.189.cn/t/e6VZNjbeyUZb
孤岛惊魂4,3265998,https://pan.baidu.com/s/1a8ZtMZHBVGq89xZHfdK1kA,https://cloud.189.cn/t/JvEfiaAb6bUr
DCL无人机冠军联盟,3201599,https://pan.baidu.com/s/1610CScEWi2x6Ddhi1FklAw,https://cloud.189.cn/t/Y77Zrqne2aQz
美女 请别影响我成仙,6525887,https://pan.baidu.com/s/150vUQgeIP0AuagtRO4gi8Q,https://cloud.189.cn/t/RBjeMva67Zzm
双影奇境,6995222,https://pan.baidu.com/s/196F-5EzBd8bbNsc8NhrZCw,https://cloud.189.cn/t/jmayAvrI7buy
缉私警察,5622212,https://pan.baidu.com/s/14BulopLyBINK9V_tV-BOag,https://cloud.189.cn/t/yI3meuaUzeUf
费卢杰六日,1485562,https://pan.baidu.com/s/1K0jlWgxG-fTf-DVk-XOwgw,https://cloud.189.cn/t/a6Vfy2A3iamu
汽车俱乐部2,6589663,https://pan.baidu.com/s/1MkpBUvZhf0pru9zaKGrALg,https://cloud.189.cn/t/fE7ru2NRryAz
战锤40K 星际战士大师打造版,2321547,https://pan.baidu.com/s/1fyxsmAJV9VVkn_KoKHuPxQ,https://cloud.189.cn/t/mMzYnyBRzu6r
猛将三国,1548250,https://pan.baidu.com/s/1ixz5DuldnoW3KZ0N_njuvw,https://cloud.189.cn/t/U3MvumFJzaEj
M3015,5847552,https://pan.baidu.com/s/16j5-KTAdQdbfA0njhIqQxw,https://cloud.189.cn/t/MZFraqbuyiAb
夏目友人帐 叶月之记,6584475,https://pan.baidu.com/s/1-6vv2XKGRGvcm7JaZQ00rw,https://cloud.189.cn/t/JRnmeuaYBB3e
极地煎蛋,9852266,https://pan.baidu.com/s/1gzkE9krStU-hzhUqZMPkqw,https://cloud.189.cn/t/fIRN3avYBrqq
请做coser的主人6,6598887,https://pan.baidu.com/s/1giIeNUn2wUDt55jc6WvTcg,https://cloud.189.cn/t/BV7FZ3bI3yie
虐杀原形1,5644476,https://pan.baidu.com/s/1cjjAd7fxZ5xoUy77nhXi8g,https://cloud.189.cn/t/AjiIvqbYR73m
赛博朋克酒保行动,1000232,https://pan.baidu.com/s/1-12CIulBn8BQXtjup2nv_w,https://cloud.189.cn/t/maqIz2IJbmUj
Z3014,2366654,https://pan.baidu.com/s/1Cg_vDJHeGJ9P6V-IJacRSQ,https://cloud.189.cn/t/2EVviebI3mUv
GTA5纯净版,6589991旧密码685215,https://pan.baidu.com/s/1fitK0ges7tyHPPgDoYXIyw,https://cloud.189.cn/t/mieuqabYnyu2
师父,2156693旧密码326665,https://pan.baidu.com/s/1w27P8b1Vr4Y5EswxMQYg6A,https://cloud.189.cn/t/nAVr2afU7bya
觉醒深渊,325144,https://pan.baidu.com/s/1aoauFAwP-Cn26VFh-NQ-Og,https://cloud.189.cn/t/zQNjYvq6fyAb
罪恶帝国,3521122,https://pan.baidu.com/s/1oL6CmUWpePmZJN4gNuGitQ,https://cloud.189.cn/t/b2emYzymU36f
尘埃终须落定,2152001,https://pan.baidu.com/s/1zYGlhq8Xsn4AN4X2x9eYfA,https://cloud.189.cn/t/zA3eMzbEV7Zn
异教徒模拟器,6323332,https://pan.baidu.com/s/1znUcRgaYpJjtQUf0kip5AA,https://cloud.189.cn/t/6jq2yujQFN7b
弹弹跳跳闪避人,2152002,https://pan.baidu.com/s/1FsifCfh_tYydSvgTrYZhSA,https://cloud.189.cn/t/RfIZVbuqAVN3
B5006,3266662,https://pan.baidu.com/s/11IS2xTM_RLUmgzeVkDXEzg,https://cloud.189.cn/t/naqQZzUJJJ7z
Z3021,2152223,https://pan.baidu.com/s/1DFFbIY-jeoo1obv7wOKOVA,https://cloud.189.cn/t/j2UvqiuYvYZz
B5003,2566642,https://pan.baidu.com/s/1WFoEu83Q8iGRrZffvYYpHA,https://cloud.189.cn/t/NV7ZzeVvqQNn
使命召唤 先锋,3265587,https://pan.baidu.com/s/1MtDNezI39jUc65yZLP84_Q,https://cloud.189.cn/t/NnIfIvVFjiAf
使命召唤 现代战争II 2022,6595521,https://pan.baidu.com/s/1SiyhQI6me3kyHGmBsK0qKA,https://cloud.189.cn/t/EBNBjuBBVnqi
机动战士高达SEED激斗命运 复刻版,1520222,https://pan.baidu.com/s/119N7SfJfJF0dFK-q8q2RWQ,https://cloud.189.cn/t/6RzymeM3aEN3
绝递必达,9552233,https://pan.baidu.com/s/1Vq5Lu39rIhlSBT8HljIIRg,https://cloud.189.cn/t/bIJvyeyIBvUz
消防模拟消防英豪,3265885,https://pan.baidu.com/s/1BmJdqwOj4BKL-qWL2Xqiew,https://cloud.189.cn/t/fuEZvifiIzAv
无尽地牢,9521152,https://pan.baidu.com/s/1do9K9Eg22p4fQvigMJ9zRA,https://cloud.189.cn/t/Rvi6ja3aMZve
地下城3,6352252,https://pan.baidu.com/s/1wQzux7YTrOZs1epqECK0fQ,https://cloud.189.cn/t/VJnm2qzMjqma
幻境 新维度,2154885,https://pan.baidu.com/s/1dmgqPyGEwcKJ_fOCAG6Xdg,https://cloud.189.cn/t/ue2EJnY7jquu
消失的航班 还有她她她,3587412,https://pan.baidu.com/s/1KYp3aOG_2jwe9xXySvZNrw,https://cloud.189.cn/t/I3I3uii2QnQv
时空重构,3515200,https://pan.baidu.com/s/1b4I3LxOtAWUiwfyCi_s8Kw,https://cloud.189.cn/t/UFZJnmQnuaqi
迷雾求生,3510222,https://pan.baidu.com/s/1ho36KnM9lJBQPOddRiIeDA,https://cloud.189.cn/t/3yea63m6bUne
夜下降生2,2154775,https://pan.baidu.com/s/1ulZf8keb8HYyAMR4V8zj2w,https://cloud.189.cn/t/2U3Ibi6NJRRb
猎人之路,5874412,https://pan.baidu.com/s/1wkX8v5Q9zHANXWAJSHJf8Q,https://cloud.189.cn/t/fmmINrfIvqQv
卡普空格斗合集2,6595520,https://pan.baidu.com/s/14C5xbC8BQreaQRO068Q8Rw,https://cloud.189.cn/t/NBn2i26BZ73u
花园之间,8520330,https://pan.baidu.com/s/1G9aO1RN3oC8fMmtSla--8A,https://cloud.189.cn/t/2aMVZzMBBBfe
图灵完备,9580211,https://pan.baidu.com/s/1MlFbtJU7mv0JFpgMGljZrg,https://cloud.189.cn/t/Nfi2eqYJVBRv
奇异人生 双重曝光,2587410,https://pan.baidu.com/s/1ub_c5UafM4qmgZ2OVbSf4g,https://cloud.189.cn/t/zMBz6vAZBRN3
小镇惊魂重制版合集,5649982,https://pan.baidu.com/s/1LxRbiaHZxeDa122pbmsDbw,https://cloud.189.cn/t/qamyEjyU3qui
快餐模拟器,3280021,https://pan.baidu.com/s/1lbjVNoKZo5ZZR1tLTkDbBA,https://cloud.189.cn/t/r2AnYvMvMBbq
武器之神,2546310,https://pan.baidu.com/s/1Ov7NXAg8lAexDZs4nKBkOQ,https://cloud.189.cn/t/iIzYzijqaQ3a
漫画英雄VS卡普空：无限,8552222,https://pan.baidu.com/s/1PzZpWlu4AgFJtEZ6YQdUww,https://cloud.189.cn/t/i6vUvyFbuu63
都市传说解体中心,1502111,https://pan.baidu.com/s/1bK_uT-Os6DRXyQdlmG7jSQ,https://cloud.189.cn/t/3UVJVbqiArii
东方符卡嘉年华,3584474,https://pan.baidu.com/s/1fIE6jc5AWqDwI3nTPCh1aA,https://cloud.189.cn/t/y6vMZnuYZJBz
野狗子 裂头怪,8521633,https://pan.baidu.com/s/1NOTfuME9Q_XhBpa11je2Tg,https://cloud.189.cn/t/Zji2IzeEnemu
狂野星球复仇记,9541200,https://pan.baidu.com/s/1N0aIzAomhxjfbVVocsaBOw,https://cloud.189.cn/t/2QbmEbeyMFfe
X3005,2150001旧密码269887,https://pan.baidu.com/s/14OtJpxRp8Nf3j-Jbyq_HPg,https://cloud.189.cn/t/MfM7feUvquQ3
死亡与税赋,3265110,https://pan.baidu.com/s/15j-a-HHFrDiPCjVoI0J0Nw,https://cloud.189.cn/t/fIrQBzJFvU7z
爆走次元海王星VS巨神史莱犬,7582022,https://pan.baidu.com/s/13j4aRBPykcrvKMq_ZH79KQ,https://cloud.189.cn/t/nayEjqBFRFve
联合高塔,5874111,https://pan.baidu.com/s/158fMm-1zj_HKOtC4kNZTww,https://cloud.189.cn/t/qiMNfmRZjUZz
T3013,3562213,https://pan.baidu.com/s/1m0f8uTiS0s9AqviIo8-cWg,https://cloud.189.cn/t/iQJBjamiYB7r
残酷北方 佐敦版,8410022,https://pan.baidu.com/s/1HbS6szRJCP-LYIhGDv4KwQ,https://cloud.189.cn/t/UVfyUbZrInAb
南方公园：完整破碎,5896322,https://pan.baidu.com/s/1yReJ4KDRLJfdio8-5-lt-Q,https://cloud.189.cn/t/bABrIjaUvuqe
旁观者 列车长,3202144,https://pan.baidu.com/s/1-aiwBB47n5evTrLap-_kQQ,https://cloud.189.cn/t/RvE3YjRVJnqu
罗格救世传说,3658872,https://pan.baidu.com/s/1fUGNJuAS5zvlzFBw0WBvhw,https://cloud.189.cn/t/EJrIrq3mQbai
G3012,3652151,https://pan.baidu.com/s/1K6f6LrM8oXCcZnoJWh-iGw,https://cloud.189.cn/t/ZfUbMjZJZnEb
迷雾审判,6598554,https://pan.baidu.com/s/1OV1EYiu_t0mF1rLpHbhnIw,https://cloud.189.cn/t/vMZvYvnE3uY3
传送门,3655582,https://pan.baidu.com/s/1jGF1kaTKoz9I4MTZWlW41w,https://cloud.189.cn/t/JbYFni2uEFzi
怪物火车,3266632旧密码362221,https://pan.baidu.com/s/1jH5u7eyVmXEIqXj4BSeN1w,https://cloud.189.cn/t/M3AvuqbAvMnm
地狱边境,7845582,https://pan.baidu.com/s/1l1BRZq3Fc7FXJfIQxDW2Og,https://cloud.189.cn/t/raEzUfRzMZN3
G3002,2154442旧密码635999,https://pan.baidu.com/s/1X-OzhjFbDACj_GDYglXRZg,https://cloud.189.cn/t/Eb6fa23yqaia
M3004,2154472旧密码254669,https://pan.baidu.com/s/1yxIAVmTRy69HUF1FrYoQgA,https://cloud.189.cn/t/uAvaeyEruiYf
自由战争 复刻版,658225,https://pan.baidu.com/s/1wxTT94e29Hug69l6F4cemw,https://cloud.189.cn/t/eye2ma26NVNf
主播之心,1958522,https://pan.baidu.com/s/1i0MfgLVRDVFmg6Sxn68RtA,https://cloud.189.cn/t/jYfiM3uay6n2
梦恋依心,9582100,https://pan.baidu.com/s/1k96nvh91yqRqrGryLOBtWw,https://cloud.189.cn/t/jU7jiqeiyAba
脱轨的山谷,3589974,https://pan.baidu.com/s/1ViVDQQMhiS8JQjbOp6lozQ,https://cloud.189.cn/t/BFv2mm77f6vq
开拓者：正义之怒,2546661旧密码254111,https://pan.baidu.com/s/121h3Eu2rj1mcVYP65a5c_w,https://cloud.189.cn/t/UfyUf26JzMf2
仁王2,3633332旧密码356478,https://pan.baidu.com/s/1PwObtFZEyfEmTGA_nVnncQ,https://cloud.189.cn/t/UZrQvqUv6BVb
仁王,6584872,https://pan.baidu.com/s/1H__flZ-xYH_aaotfzKLEcw,https://cloud.189.cn/t/Fjq6FfFreM7b
乌鸦国度,6585554,https://pan.baidu.com/s/1HKuN0w9fr5JsWcABoSEkvQ,https://cloud.189.cn/t/MziQFzFNvU7b
B3010,7548555,https://pan.baidu.com/s/187TB35fEvVMWui-NPstnIg,https://cloud.189.cn/t/vaQZvujuAfqy
重装前哨,8594552,https://pan.baidu.com/s/1DN7T8WMXsOmvo2R6b-nNwg,https://cloud.189.cn/t/qINj6nfY3e2i
侦探 请守护我的秘密吧,6582001,https://pan.baidu.com/s/198Oo9pu9lBIl2M7G9wjrRQ,https://cloud.189.cn/t/EFVJ7vfYfUJz
逆转命运之光,6598711,https://pan.baidu.com/s/1D8PAuZBo7o-AM3LKm2yAZA,https://cloud.189.cn/t/zmMvqu7fyEvm
露娜重制版合集,7485522,https://pan.baidu.com/s/1Oo7BwjrVnz9XCXs6S0vsIg,https://cloud.189.cn/t/JrqeMrmq6nEf
秘影曼德拉,2369955,https://pan.baidu.com/s/1517MDkL8B6oxmHpu166EEA,https://cloud.189.cn/t/zMramy6ZJJNb
蟹蟹寻宝奇遇,6521552,https://pan.baidu.com/s/1kzO1kqTluxk03Y3c8A3u1A,https://cloud.189.cn/t/MzQnuuvERn6z
命运游戏 逆时寻凶,9852166,https://pan.baidu.com/s/1sb8LQzHFjx1kUdFBRBoWxQ,https://cloud.189.cn/t/rQv6zmEJnqee
命运游戏2百年之约,6528999,https://pan.baidu.com/s/1KuZJ3UqhblMJtR3UDsd_UA,https://cloud.189.cn/t/6vqYzyN3iyIz
往日不再,3652202旧密码254887.889663,https://pan.baidu.com/s/1nWEtQkXQNO7H1vbj0RKNWA,https://cloud.189.cn/t/a2MR3iNVJFn2
达愿福神社,9563201,https://pan.baidu.com/s/1ibbmpY-u2jFEV7gCMAdtFw,https://cloud.189.cn/t/q2YRBrn6zInq
传染病,3200011,https://pan.baidu.com/s/1z6d-ZZLd0WFbMcOCmHtdCg,https://cloud.189.cn/t/nyIRraVZrqAf
塔罗斯的法则 再次觉醒,6587411,https://pan.baidu.com/s/15B4TNd1bmb1EzxnWIMtcqg,https://cloud.189.cn/t/3Mniu2eyuau2
崩溃大陆2,6589100,https://pan.baidu.com/s/1LO0qw7HBwHd5rtE7-LgDQw,https://cloud.189.cn/t/bqIVRfaUvUF3
怪物能量超级越野赛车25,8951000,https://pan.baidu.com/s/1iJscdinOHPA6hfoJ5LmnVw,https://cloud.189.cn/t/3iqEbuJNnEzm
禁闭求生,2544442旧密码357896,https://pan.baidu.com/s/1nlrS88iMqAvjoK-X-gQ_wA,https://cloud.189.cn/t/Mzu63i7jUnau
切尔诺贝利人2 禁区,6598222,https://pan.baidu.com/s/1p1KHzURpWzaRL0_MVD2wrA,https://cloud.189.cn/t/3I7FBvUNve2i
盟军敢死队2高清重置版,5466662旧密码698554,https://pan.baidu.com/s/1bsiixCowc3ryNa_3V5lMng,https://cloud.189.cn/t/N7VzAnvqIjY3
Z3025,3619885,https://pan.baidu.com/s/1TVoGygcUtzuULIogIIWNbA,https://cloud.189.cn/t/ruyQ3uz6JnQ3
雪人兄弟2Special,2598874,https://pan.baidu.com/s/1BzodvDgGeJbzfF9vjQUICA,https://cloud.189.cn/t/VFV3MfmU3a6n
盟军敢死队3高清重置版,2588872,https://pan.baidu.com/s/17Ss-6-42gfZPEF2Xxevb3Q,https://cloud.189.cn/t/QjqiEjfMzE7r
女神氪金系统,9154877,https://pan.baidu.com/s/1EE03ezC4ouvO8A5uS-S8oA,https://cloud.189.cn/t/UVFfay32M3Yf
萌萌兔耳娘的大冒险,2366652旧密码658744,https://pan.baidu.com/s/1y9hb-px-zDSkx7SDGdqjqQ,https://cloud.189.cn/t/iIRjyiiaUNjq
暗黑破坏神3 永恒收藏版,2144472旧密码325974,https://pan.baidu.com/s/1ntMSDV0woFDyPIoji7YVrQ,https://cloud.189.cn/t/v26vu2m6jERz
百英雄传,3546662,https://pan.baidu.com/s/1S8jZUjcUBLoTn52DGw4mcA,https://cloud.189.cn/t/ZvemIrrIJb2i
G3001,6325562,https://pan.baidu.com/s/1tUVx7lLrkaEZ2Vozn6Jt3Q,https://cloud.189.cn/t/a6VnIrQFruQv
归家异途,3652633,https://pan.baidu.com/s/1-KWStl5zeGgfo8cEk-kq6Q,https://cloud.189.cn/t/2uemMzai6Rrq
玩具熊的五夜后宫 陷落球池,2152222,https://pan.baidu.com/s/1308E6YBYm229_Pi8pEfl0A,https://cloud.189.cn/t/jUbUnaz6Fzye
安迪和莉莉的棺材,1487742,https://pan.baidu.com/s/1D1QUEPZqIqSqVW9LAUdEKQ,https://cloud.189.cn/t/zauQ3ar2uyQv
俄罗斯方块大师4,3985541,https://pan.baidu.com/s/1WGHKj1FFtCRz8jME6Xouqg,https://cloud.189.cn/t/nAfqm2INjYV3
龙战士4,632254,https://pan.baidu.com/s/1-M3g7j_kl7nmJRYeb15Rkw,https://cloud.189.cn/t/22UbQfUvEZJ3
午夜以南,1202556,https://pan.baidu.com/s/1WXR5dcFw4k5kzC01ONDJjw,https://cloud.189.cn/t/amamu2mmm2Iv
幻想水浒传1+2 高清复刻版,6582366,https://pan.baidu.com/s/1Rwl0NDoWhF32FWdgU75QDg,https://cloud.189.cn/t/NVvu2eyYVbue
瓦尔海姆：英灵神殿,3621142,https://pan.baidu.com/s/12ELGgSJjk4U1zvc5_rhFYQ,https://cloud.189.cn/t/UJfQna73uu2e
米塔,3265541旧密码652000,https://pan.baidu.com/s/1MUdrYBYw7miJLQySudrQgg,https://cloud.189.cn/t/eAJjEv7JreEr
王国：两位君主,8521452,https://pan.baidu.com/s/13cnpbREn1H0aIeXwmK1UTA,https://cloud.189.cn/t/jQFJ7jm2MZ3y
雷纳提斯,2152000,https://pan.baidu.com/s/1YaveBQoC8iR8Pnh9s0lW3A,https://cloud.189.cn/t/IzErAjF3UvA3
N3001,2544483旧密码265998,https://pan.baidu.com/s/1N5vWsQRZS--OnE7Od_Ttrg,https://cloud.189.cn/t/M7zYbamMryyu
去月球系列海滩特别篇,5412111,https://pan.baidu.com/s/17grHk7x4gLKxLB-MWkA2aQ,https://cloud.189.cn/t/iYbEFjRBBFFv
D3007,6598872,https://pan.baidu.com/s/12UX_hnrfZHD5UMXH3pxt4w,https://cloud.189.cn/t/byMbUffAbq22
高达破坏者4,5263333,https://pan.baidu.com/s/1vhNzezSfZpzt7TKBXvKrcA,https://cloud.189.cn/t/3IBv6bmIbuQz
M3007,5648875,https://pan.baidu.com/s/1IHUbEiRlw_o46-g-wWC5eg,https://cloud.189.cn/t/NZz2mynmAZZr
PC微软飞行模拟2020,3587744,https://pan.baidu.com/s/1-nWmDmoYZ6l2yk5bADrjdA,https://cloud.189.cn/t/NZ7JFfeIJ7Fv
伊苏8：达娜的安魂曲,5693622,https://pan.baidu.com/s/19UuETQYR16gNLugNAw2clQ,https://cloud.189.cn/t/vq6fqiRvmu2m
Z3022,3202112,https://pan.baidu.com/s/1p_A9obDYhewkYavskSk9Ew,https://cloud.189.cn/t/iU7nUfy6nQV3
寓言之地,1325872,https://pan.baidu.com/s/1pFGVNBxFsVtXCEh0ggOF2A,https://cloud.189.cn/t/EfMRRfz6B7Rf
黑暗世界 因与果,1021555,https://pan.baidu.com/s/1gdO2YhJWGCmNMtO-O63kRA,https://cloud.189.cn/t/fQfUNnuMRNfy
绝命毒师模拟器2,5415882,https://pan.baidu.com/s/1ACADGgZrjb4PJ-lpYZM1Pw,https://cloud.189.cn/t/z6Vfq2bEFzEv
Becastled,3547882,https://pan.baidu.com/s/13xIDljJT_0UHgLbPB49Huw,https://cloud.189.cn/t/22M73yMF7FFn
死或生 维纳斯璀璨假期,9653255,https://pan.baidu.com/s/1F0FaS85MsY2bxX_2Xjhwqg,https://cloud.189.cn/t/YJJzInbYBzuy
战争交响曲 尼菲林传奇,5874411,https://pan.baidu.com/s/1FL6gQIVHFcH51KFkXBTayg,https://cloud.189.cn/t/jAvu2aveaQZb
变态监狱,3265001,https://pan.baidu.com/s/1jtEeAm7vBaIvG5HR3wGU6g,https://cloud.189.cn/t/FvQF7vaABNRf
盾墙,5593200,https://pan.baidu.com/s/1dK2UdXr5vRZpYo4d1jhReQ,https://cloud.189.cn/t/aMBjM3Q3Ar6z
终点站 僵尸幸存者,4320221,https://pan.baidu.com/s/1I2hFs2fA0qYns7a2nEuCfA,https://cloud.189.cn/t/Ubimy2aeyURr
救护车生活 救护员模拟器,5879665,https://pan.baidu.com/s/1HyRBAP4QXlkf9IImTJtAvg,https://cloud.189.cn/t/nMBVf2RNfE32
魂斗罗 加鲁加行动,3258872,https://pan.baidu.com/s/1rhBbw_h_cEq50kP1gpEJbw,https://cloud.189.cn/t/zumUNrYVNVbq
R3003,3266654,https://pan.baidu.com/s/1IsnBcRqJEq6vR8MFqF3cqg,https://cloud.189.cn/t/b6RJ3uaieyay
黑山研究所,1220555,https://pan.baidu.com/s/1lFlgmvh0OijQdiuilyC3YA,https://cloud.189.cn/t/3UbuiqzemYZr
终焉之玛格诺利亚 雾中盛放之花,6254888旧密码658945,https://pan.baidu.com/s/1QPoF37Z5eZwonOit-WkIyA,https://cloud.189.cn/t/vayyqyJ7N3ma
孤岛诡影,5258893,https://pan.baidu.com/s/1LvliQJgHELM3lV96lYk_wQ,https://cloud.189.cn/t/n2eeA3aqEF3y
咒语力量 征服埃欧大陆,2315542,https://pan.baidu.com/s/1HmQfkeWCbUnvEV3RH1OxlQ,https://cloud.189.cn/t/MJFviybQBFvy
机战佣兵VI境界天火,2533336,https://pan.baidu.com/s/1p7E9sDJT7xWA8VsEiyeiYQ,https://cloud.189.cn/t/IvaqY3EzmEZj
卡普空街机合集2,3266669,https://pan.baidu.com/s/1n7ZMOmrIhfBnQs01iSpAJA,https://cloud.189.cn/t/bmuAN33amYzm
卡普空街机名作合集,5884001,https://pan.baidu.com/s/1wl4CRbXALJyv_Wc2eySj4A,https://cloud.189.cn/t/Mn2QjammAbmy
赛车计划3,5244440旧密码259778,https://pan.baidu.com/s/1y_Egn_IT0J0b563O_oznpg,https://cloud.189.cn/t/NrqmQnRnyQZb
无敌号,2165555旧密码201000,https://pan.baidu.com/s/1KllkZlj4fJgNXE84MVa_1A,https://cloud.189.cn/t/MneQFjeUNNFn
最终幻想1-6,5874125,https://pan.baidu.com/s/18Dd19mwg5jSY5UaLKun5aA,https://cloud.189.cn/t/7NBzuuRb2Mf2
半条命2RTX,3256000,https://pan.baidu.com/s/1QGd43jz5-AojmnGT21xnfw,https://cloud.189.cn/t/juiaemaqQNRb
阿西 美女室友竟然,5463224,https://pan.baidu.com/s/1CeIIy8FlWphbTCGfugPOtg,https://cloud.189.cn/t/bINbi2BNz2qu
杀戮空间,6590223,https://pan.baidu.com/s/1FNchDl5k8RVHX-Wf6mGGMw,https://cloud.189.cn/t/NJvmqueYnuYr
超侦探事件簿 雾雨谜宫Plus,3256663,https://pan.baidu.com/s/1gNeK3dt7kCNLRB_7e1xbJw,https://cloud.189.cn/t/jUV7Z3UjYBzm
铁血联盟3,2546628,https://pan.baidu.com/s/1MFqQHH-6cuUnFnQ6imFKJQ,https://cloud.189.cn/t/FV3m6fv2IvMr
海岛大亨6,5879252,https://pan.baidu.com/s/1qTv94fDf-e0wmuWCJbscCg,https://cloud.189.cn/t/RFNB7zM7ze22
SD高达G世纪：火线纵横,2155551旧密码362225,https://pan.baidu.com/s/1CgRaolSLA86wXN32D-Eb7Q,https://cloud.189.cn/t/6ruYjq3IZjYj
美德传奇f Remastered,5642155,https://pan.baidu.com/s/1qecy2MGjk_OgplsHQUpm7w,https://cloud.189.cn/t/ZZJBVfVFFN7f
第七夜 无限的终结,5802211,https://pan.baidu.com/s/1Hojt4SzM0h6cB8apbYn9Ag,https://cloud.189.cn/t/EnuUneRjArU3
时空轮回,5580022,https://pan.baidu.com/s/1DVg6FRoOYF1Gsi-HzB0VnQ,https://cloud.189.cn/t/e6f2myee2aEf
最终幻想16,9582633,https://pan.baidu.com/s/1yvUE1lc8hxGAcSPAjClrKA,https://cloud.189.cn/t/JbmeQ3jQjaAn
极品飞车20 复仇,3259887,https://pan.baidu.com/s/1qkxwBC169WT9PlhsGtFv7g,https://cloud.189.cn/t/auqYf2BjiuEv
R3001,5887741,https://pan.baidu.com/s/1XEADTvhhs-CPfbtCAeIClg,https://cloud.189.cn/t/3YJNB3aAb6Nn
极速骑行5,2569991,https://pan.baidu.com/s/1886w7F_6Ug0_xpfZTL2owg,https://cloud.189.cn/t/j2aYFnZfyIni
饥荒,6587741,https://pan.baidu.com/s/1nhCpoYEQU_vXouaBqKjdyw,https://cloud.189.cn/t/juMJze6BRBfa
S3039,6589001,https://pan.baidu.com/s/1XkAS3PxTi_7PuFU6fl4Zlw,https://cloud.189.cn/t/vEBbiefAJvea
乐高都市 卧底风云,3502111,https://pan.baidu.com/s/1099o7pIywgjklsKMavqilg,https://cloud.189.cn/t/jYJJVn3MnQFz
乐高旋风忍者大电影,2589666,https://pan.baidu.com/s/138kDDeRvt617PwosAht2aw,https://cloud.189.cn/t/jI7Z73aaQBvu
乐高 大电影2 电子游戏,6580258,https://pan.baidu.com/s/1qm-LShetq9C-Cau3Nl6o0A,https://cloud.189.cn/t/qmeyUz6ZrmAr
极限竞速：地平线4,2544441旧密码887459,https://pan.baidu.com/s/1Y0X1SzqSsp7MHe0n3VMeBA,https://cloud.189.cn/t/y2MRveZ7jY7r
游戏王合集,2598851,https://pan.baidu.com/s/1O9LaFlHBB2GhLC0I2azlTw,https://cloud.189.cn/t/ERFzYnqqYjYf
监狱建筑师,5964871旧密码741558    +1,https://pan.baidu.com/s/11Exocu4TPoFkytlbdgYD7A,https://cloud.189.cn/t/yEVNvaUfYFje
龙之信条 黑暗觉者,5639991,https://pan.baidu.com/s/1wA0Mzs79VmPcd9JLvHpXcA,https://cloud.189.cn/t/Mv6zmma6jmEb
灵魂摆渡者,3579961,https://pan.baidu.com/s/1jKdKBJ7DKJEmzcyQuHb0kQ,https://cloud.189.cn/t/r2M7ruFJb6Fj
剑士,5214441旧密码548521,https://pan.baidu.com/s/1fV9_Jq11KaYnmVWO_4Pmlw,https://cloud.189.cn/t/yUzmA3nQjmuu
迷失森林 局域网联机版,2154441旧密码548741,https://pan.baidu.com/s/1ua1H6DZ1Qi47oLrIwXEC_Q,https://cloud.189.cn/t/6nIrMzjYZnum
魔界战记7,3265881,https://pan.baidu.com/s/1OP1FVzMEdXs26QWIhWWeMQ,https://cloud.189.cn/t/QJz2m2e63MZf
骑士精神 中世纪战争,6502256,https://pan.baidu.com/s/1pFRI45OL0ST8uilTHC97Jg,https://cloud.189.cn/t/JzeUvmzQrQre
魔法使之夜,2154441,https://pan.baidu.com/s/1LL6FME8nxxnvkSjuvhb3BA,https://cloud.189.cn/t/VVveAzvuQjQf
模拟农场22,356666,https://pan.baidu.com/s/1qfz93f0V3FmbXQhmDugNhQ,https://cloud.189.cn/t/NNB7B3MRZ3ua
牧场物语Welcome美丽人生,3266651,https://pan.baidu.com/s/18FqvbOSCpZQq7GtugUmz1A,https://cloud.189.cn/t/JV7JbmaYNrqy
迷瘴纪事,8512251,https://pan.baidu.com/s/1GJE1bZ19yLHREXYHNgWMOg,https://cloud.189.cn/t/AFNBfqYrQJB3
圣剑传说 玛娜幻象,6589625,https://pan.baidu.com/s/1_E_8mgTrZ2---gE8YY-nYA,https://cloud.189.cn/t/iENZviN7vEby
地痞街区,8799961,https://pan.baidu.com/s/1DcxohnWHuLyrVYW_GoklSQ,https://cloud.189.cn/t/VVvMjmFNZjUb
拳皇13 全球对决,2541441,https://pan.baidu.com/s/1N4cSyHqHdzs-uK-WJHVGdQ,https://cloud.189.cn/t/BbYRfyeA3uaq
方舟 生存飞升,3265899旧密码214000,https://pan.baidu.com/s/1cw0rocyGf_bbMh9YZphUsQ,https://cloud.189.cn/t/QBNnieVrQbYz
全面战争 战锤2,6325998旧密码457785.259631,https://pan.baidu.com/s/1RP2D1-HqHjulCI1laVihIA,https://cloud.189.cn/t/RFbmyaq6N7Zj
红色警戒2共和国之辉,6320147,https://pan.baidu.com/s/19yH9nbPDkXCUAY9ANg1RlA,https://cloud.189.cn/t/zaaa6rRvMFVv
混乱失序,6528999,https://pan.baidu.com/s/1Z7IfWsjdIzMvVSnGW0o9lg,https://cloud.189.cn/t/6fMBVjaIfmMn
欺诈之地,6521147旧密码895447,https://pan.baidu.com/s/1TdXm6Gdd6HyOGg_axIpNEw,https://cloud.189.cn/t/J7bMzq6VVbYz
X5040,5462231,https://pan.baidu.com/s/1XP7_qcDzXGLZsZTP91o3Bw,
双点医院,5641152旧密码254444.215445.521487,https://pan.baidu.com/s/1R813GPTFdK6eeHkFZJy7EA,https://cloud.189.cn/t/YnIrEjeqIRBz
如龙7 光与暗的去向,5647854旧密码215555.256444,https://pan.baidu.com/s/1PADadlQljk6miQMupzQ2Cg,https://cloud.189.cn/t/VZjUfivM73yq
英雄传说 黎之轨迹2,6584966,https://pan.baidu.com/s/17H9158pl4RqcP332AFJRqg,https://cloud.189.cn/t/N7JZBz2In26r
人类黎明,2654888旧密码254111.548745,https://pan.baidu.com/s/1WkCeuiTWFZqPXUDZ8BYsSw,https://cloud.189.cn/t/IbEz6jFJj6Vb
如龙6 生命诗篇,9561141旧密码354777,https://pan.baidu.com/s/1HUAaLOFFDOo-Fm089kiWEw,https://cloud.189.cn/t/jYNZvqq2yq2q
古墓丽影4.5.6重制版,6874511,https://pan.baidu.com/s/1yM_wKRbgbKVFgXgDqZZsvQ,https://cloud.189.cn/t/fmeUji2euUbq
生化危机3 重制版,6598874旧密码365552.587447,https://pan.baidu.com/s/1D32Zq7dlnvnnbpL9Kj8S5w,https://cloud.189.cn/t/UfAjEn67FfEj
伊苏X 北境历险,9584445旧密码215000,https://pan.baidu.com/s/13C3NH23puQEsL8y4o-Y_QQ,https://cloud.189.cn/t/qMZ3merYRzUr
荣誉骑士2 君主,5418877旧密码526669,https://pan.baidu.com/s/1jvuXcczcLBqY-fIlQF_FxA,https://cloud.189.cn/t/rIRzaeeEJ3Qr
杀戮空间2,3265521旧密码202222.236666.587447.32633,https://pan.baidu.com/s/1CIBUqx6t9Jsb7BW-b4rgOQ,https://cloud.189.cn/t/jumIj22eamA3
生化危机2 重制版,1547585旧密码212336.544487,https://pan.baidu.com/s/1r6yUadhqjyBmmbAXRjR7_w,https://cloud.189.cn/t/qQna6n6veEJr
死亡循环,3251477旧密码258749,https://pan.baidu.com/s/1kFVYA4VOPT5Tughy-6daBA,https://cloud.189.cn/t/rAnqUvEFZRrq
生化奇兵 重制版,3215554旧密码589665,https://pan.baidu.com/s/17JexC4kNX78_ZC7zXIXHvA,https://cloud.189.cn/t/am2QnufUVz2i
三角战略,2154877旧密码231558.633366,https://pan.baidu.com/s/1XNvcIk44ai2318koCQghHw,https://cloud.189.cn/t/YjauErfUnQja
生化奇兵2 重制版,3254111旧密码145222,https://pan.baidu.com/s/1ow9dPZgWahkDZfN3FC-Q8Q,https://cloud.189.cn/t/m6fUNneMZ7zi
生化奇兵3 无限,6598874旧密码548777.548744,https://pan.baidu.com/s/1PuznP7TrJ74B-zk8q1cIAQ,https://cloud.189.cn/t/qAfQBvJfErUf
忍者龙剑传2 黑之章,3520145,https://pan.baidu.com/s/1b34sEHfPUif2Clvq8venzA,https://cloud.189.cn/t/6N3A3uZFzi2u
上行战场,2548887旧密码256444.632548,https://pan.baidu.com/s/1GhFQH2CTYgDvhpyy2R39RQ,https://cloud.189.cn/t/yMnqArmimaIr
SD高达激斗同盟,3265511旧密码154447,https://pan.baidu.com/s/1sZKxwZkSFuir-2P-QwBwew,https://cloud.189.cn/t/bQN77zQfYbmq
游戏无损缩放,6587445,https://pan.baidu.com/s/1QO_Wluya32Ymm-BWJjQplg,https://cloud.189.cn/t/aYR7RjbuaAje
S3037,6598881,https://pan.baidu.com/s/1otjrZErI4LqLFnRd5ouf6g,https://cloud.189.cn/t/ami2Enb6vIZv
地平线 零之曙光 重制版,2549963旧密码255444.357445,https://pan.baidu.com/s/1_ysSo6baZjFUEcIR6xgwag,https://cloud.189.cn/t/vYNF3iRbQJRr
星际争霸2：虚空之遗,3265521旧密码321698,https://pan.baidu.com/s/1MdFyYZT0i21KXUPy4wugAQ,https://cloud.189.cn/t/m2mMJ3MvUJBn
不朽者传奇,3254111旧密码215444,https://pan.baidu.com/s/1JLBfKh8qve0-wdvclPVYLA,https://cloud.189.cn/t/zEvyaueE3uEj
真三国无双8,3265554旧密码215496,https://pan.baidu.com/s/1_hgOxoMWWWS-W1RGpiTEJA,https://cloud.189.cn/t/ENvmQnaMjaae
网球世界巡回赛2,6598874旧密码659888,https://pan.baidu.com/s/13ikYb1RB0S0df6c3VWHM-g,https://cloud.189.cn/t/AFfAJnYRJV73
以撒的结合,6598874旧密码554777,https://pan.baidu.com/s/117oYhSzUgbXP9dS-7K9YuQ,https://cloud.189.cn/t/MZNjMbaIN3Qj
审判之眼 死神的遗言,2154888旧密码251444,https://pan.baidu.com/s/13cYLMw7oPyuyjneDmv1oEQ,https://cloud.189.cn/t/fUNvym6N3im2
苏菲的炼金工房2不可思议梦的炼金术士,6598874旧密码256448,https://pan.baidu.com/s/14AoiF1mLh3Lb8iOo_xFBKA,https://cloud.189.cn/t/VBJNFfuIn6Fv
神话时代：扩展版,6325874旧密码546666.658774,https://pan.baidu.com/s/1vKLwxgDAQhPaeXDGv0qRnA,https://cloud.189.cn/t/faQBjqMvIrIj
神偷4,6528954旧密码265887,https://pan.baidu.com/s/10BGdmqR6zTMV6Lw3hx2Mgg,https://cloud.189.cn/t/j6B7BnVneIZn
逃出生天,3265000旧密码587459,https://pan.baidu.com/s/1S_0VZQjOUTRg4171UCo8gw,https://cloud.189.cn/t/uMnQRrvmey2u
孢子：银河大冒险,2315455旧密码658877,https://pan.baidu.com/s/1mtDt9dtubSeXKiKYW1bA-Q,https://cloud.189.cn/t/Ib26NzQbMV7r
模拟人生2经典合集,6589547,https://pan.baidu.com/s/1KvM1OCtVQdtfq0_kDz_RlA,https://cloud.189.cn/t/VbMRj23eueEn
模拟人生 经典合集,9587456,https://pan.baidu.com/s/1EWSDLQucpNFxZ9r9C0KUBA,https://cloud.189.cn/t/zIBrU3jmYzqq
谁是你爸爸,6582201,https://pan.baidu.com/s/1gHb3QdSbOp5tWJYErW-kIw,https://cloud.189.cn/t/VfiUrqFbUB3e
异界异闻录序章,,https://pan.baidu.com/s/1cpFCHnO-8N87iVVaMpt0lQ,
心灵杀手2,3260251旧密码154778,https://pan.baidu.com/s/1tDoT4RrMvUZmHsySbOWpqQ,https://cloud.189.cn/t/meQBVjf2Qnia
X3019,6587451,https://pan.baidu.com/s/17sabxume8BScPPAE6KV02Q,https://cloud.189.cn/t/YzuiQ3eYrEfa
世界大战 西方战线,6592215,https://pan.baidu.com/s/104LS8IGje3LhojekME3zdQ,https://cloud.189.cn/t/N32eiiiMZzYz
疯狂之石,3256300,https://pan.baidu.com/s/1b17rYQVwbPLFy3BnKgpPBg,https://cloud.189.cn/t/YRZFBvAjiyea
兽人必须死 死亡陷阱,6589965,https://pan.baidu.com/s/1NQI12UX66a6w8sgP2AX-Zw,https://cloud.189.cn/t/eYZVZjERNBbi
永恒之链,6593201,https://pan.baidu.com/s/1EyYahx_J9sTV_nEwgrFcjQ,https://cloud.189.cn/t/qyyyyyBBNz63
自杀小队 消灭正义联盟,6582556,https://pan.baidu.com/s/1gcOuDLObSdOSqEWO6dA-wg,https://cloud.189.cn/t/7JZzy2nINjAf
随身摄像机,6582215,https://pan.baidu.com/s/1Z68vDhzqcHns28NODcyoHw,https://cloud.189.cn/t/bUBf6vjMbuau
女巫,6521447旧密码154777.632333,https://pan.baidu.com/s/1e-3Oco1zjOX58RoTuGJ6gg,https://cloud.189.cn/t/NJjqamaaUV7r
王国英雄,6523365,https://pan.baidu.com/s/1PvHGgxEpGDIf-nrNtPkhSA,https://cloud.189.cn/t/iuiuumqiA3ym
王国英雄2,3265554旧密码102133,https://pan.baidu.com/s/1gmlozEbSkZJWpDQhEWBdvg,https://cloud.189.cn/t/J3uUBf7NfAje
王国英雄 失落传说2,9854752,https://pan.baidu.com/s/12Rk-gRLQLnZyYsrV8nL4Mg,https://cloud.189.cn/t/6veUBzMVbINz
王国英雄3,5214858,https://pan.baidu.com/s/1pQclZ1_9fAcBhADdEjHsdQ,https://cloud.189.cn/t/BzA3IjuaENVb
巫师2：国王刺客增强版,6521441旧密码326554.357884,https://pan.baidu.com/s/1_NUNwt-ZrJmlSRgaw508Vw,https://cloud.189.cn/t/URJFNnYjQZFj
蔚蓝,3265221旧密码541214,https://pan.baidu.com/s/1Ppa6KSiuLg0i7XHsVPmyFg,https://cloud.189.cn/t/Ub2E3iAbE3Ef
挺进地牢,3265221旧密码548896,https://pan.baidu.com/s/1v8BSHwWzYNimgBDkJik3mg,https://cloud.189.cn/t/emQRZ3FvMfay
龙腾世纪 影障守护者,6525544旧密码255211,https://pan.baidu.com/s/16r4vyamN7Eo-0gDhgfo4dw,https://cloud.189.cn/t/RjumuiQz6fuy
地球防卫军6,3652231旧密码325666,https://pan.baidu.com/s/1GV_9SCZatPl79S-0ig_OZQ,https://cloud.189.cn/t/EFF7nijieY7n
曼岛TT 边缘竞速3,"=""0322231""",https://pan.baidu.com/s/1VvvDdOuTHKhf4DzotxTb_Q,https://cloud.189.cn/t/2mIFfmEfEFBf
NUKITASHI,6523361旧密码163336,https://pan.baidu.com/s/1fHJmdmmpDhfJAt8sHcI4hQ,https://cloud.189.cn/t/NBveEjnQVvYv
主播生活模拟器2,3265555,https://pan.baidu.com/s/1gta3UBK6k9tyajimZzDg-w,https://cloud.189.cn/t/qIzeMvnUF3eu
口袋妖怪合集,2365521旧密码748556,https://pan.baidu.com/s/1xC6Svp-2QamN-HBbHfMU2g,https://cloud.189.cn/t/7zeueizIrIz2
星球大战前传1 幽灵的威胁,6528996,https://pan.baidu.com/s/1fHQ2O6b9YQshAyJU8myy0A,https://cloud.189.cn/t/qqyYRnbUbmaa
佣兵哀歌 巫女与七煞星,6528855,https://pan.baidu.com/s/1K7oaDAOJHizxvLewkwxQmQ,https://cloud.189.cn/t/ju6rieYJ7Bza
英雄传说 界之轨迹 告别塞姆利亚,3587744,https://pan.baidu.com/s/15b_bLhPmDkarcwyjjtgGnQ,https://cloud.189.cn/t/qa6R3qJ777Nn
狙击手：幽灵战士契约2,6524111旧密码254887,https://pan.baidu.com/s/1eibj54QsOybkW2A0z7JN6w,https://cloud.189.cn/t/zErEb2bIbiQj
主播女孩重度依赖 网络梗打字通,3526666,https://pan.baidu.com/s/1p5H2LACnM02dfJD0hAdazA,https://cloud.189.cn/t/YVviQnEz2EJ3
A列车 开始吧 观光开发计划,6521451旧密码320001.632223,https://pan.baidu.com/s/1ihJJ8BYtEBjCeT_MtSPLjQ,https://cloud.189.cn/t/Frmai2JFrQnm
要塞 决定版,6584744旧密码254666,https://pan.baidu.com/s/1uVfMLnYlkHm_kiHz2E4SuQ,https://cloud.189.cn/t/ZfUVR3juaiai
T5022,3256999,https://pan.baidu.com/s/1DpddxtWAzfEg0HAhCE3UrQ,https://cloud.189.cn/t/ZjE3eyEzyu2m
边境猎人 艾尔莎的命运之轮,6587441,https://pan.baidu.com/s/1kkBijfic1TFE3wWWdCZc0w,https://cloud.189.cn/t/B3yyu2UZjIFf
丁丁历险记 法老的雪茄,4512255旧密码215033,https://pan.baidu.com/s/1pD3B75phzRtKs6G-X0su_A,https://cloud.189.cn/t/INZBV3eaaqiq
Q3005,3258774,https://pan.baidu.com/s/1BskO9c119kFwP6QVxt0T_w,https://cloud.189.cn/t/2Aj2mimyMFJ3
模拟人生3终极版,2658871,https://pan.baidu.com/s/1pATsHBriq4w7oLYFc6SjDg,https://cloud.189.cn/t/eEnEJn2QJVVr
方舟时代,3250021,https://pan.baidu.com/s/1puhi9Ymy7tc269HESAWDRw,https://cloud.189.cn/t/veAjeaN7FFVz
俄罗斯人生活模拟器,6554411,https://pan.baidu.com/s/1IDn3hZTcfItkpktOChwD2w,https://cloud.189.cn/t/AjIVfaE7ZRvy
G5016,3258991,https://pan.baidu.com/s/1eh7uNXL3AvWf5tEUWGNnMg,https://cloud.189.cn/t/imEZVrryIVZf
台北仲夏夜之梦,5894455,https://pan.baidu.com/s/1SToK00rob6KzJu6t8BQLjw,https://cloud.189.cn/t/iaQnieEZjeMf
请做coser的主人2,215874,https://pan.baidu.com/s/1mpN3rQXssBwho8JsWt3H-w,https://cloud.189.cn/t/yqUZrmMVVRNz
请做coser的主人3,3258455,https://pan.baidu.com/s/1ZB_IfUvDfxGhoGLwA3mYIg,https://cloud.189.cn/t/MnAFzeAFRB7v
纸嫁衣4红丝缠,3200021,https://pan.baidu.com/s/1Vk2iVx8Dv8P9mHYha0y0Ig,https://cloud.189.cn/t/MzaM7bRFNVRb
Z3008,3696631,https://pan.baidu.com/s/1qGcC0EUT0IXbpfT1NmFGLA,https://cloud.189.cn/t/VzuyMnV7ZFVf
纸嫁衣,6523366旧密码210330,https://pan.baidu.com/s/1cSizlUICu_dWrQWCSr2_zw,https://cloud.189.cn/t/Zzuueqb26fuu
纸嫁衣2奘铃村,1021000,https://pan.baidu.com/s/1uPHEXIlnftpiWWnv4J50tg,https://cloud.189.cn/t/INbINbNJZ3Uz
纸嫁衣5来生戏,3265551,https://pan.baidu.com/s/1NllC6B2h1noDpHg_lMm15Q,https://cloud.189.cn/t/nuyIFnINn6j2
Z3023,5874521,https://pan.baidu.com/s/19m_FSDKgFgyN6zcKVp5Jmg,https://cloud.189.cn/t/ABBVneyuY3iq
耻辱2,326588旧密码035268,https://pan.baidu.com/s/1ZTlIpa2aL0MUU2Gx7zauKg,https://cloud.189.cn/t/InyEfaiuueuy
英雄连2,965102旧密码654778.698599,https://pan.baidu.com/s/17bzK--FHYEYNFLUZUtD9JA,https://cloud.189.cn/t/i2umY3VziI3m
耻辱：界外魔之死,358999,https://pan.baidu.com/s/1ag-8nY_CiQhxf1kyYa2azQ,https://cloud.189.cn/t/JbyaEfJJNbU3
耻辱1,784652旧密码354778,https://pan.baidu.com/s/1xY7NKYcH8SHoCigB3lAu2g,https://cloud.189.cn/t/fmANJnfa2yau
无主之地2高清重制版,325147旧密码359632,https://pan.baidu.com/s/12nfVcJJWs9lIsCuKodIqmw,https://cloud.189.cn/t/yUVBfyBFnyEn
细胞分裂6：黑名单,746215旧密码587996,https://pan.baidu.com/s/1wnhKeAaPcQxCueF4G3KAYA,https://cloud.189.cn/t/vE3mi2eeiErq
光明破坏者,258475,https://pan.baidu.com/s/17dyrXVyyTDs1uP1vof9dYQ,https://cloud.189.cn/t/M77nIj3IRVJz
S5037,5842211,https://pan.baidu.com/s/1WnR6TTolYtM9_QAcyroT2g,https://cloud.189.cn/t/VjIzUv73Ibqi
王国风云2,658475旧密码587458,https://pan.baidu.com/s/1IWhp6YFnJaDAhTjEFaiVkQ,https://cloud.189.cn/t/FBZjUzRvQFfu
S3012,326587旧密码328885,https://pan.baidu.com/s/1sQ8JgArx-OLQ3MDqro9E1g,https://cloud.189.cn/t/rEzaemvMJnIj
星球大战绝地 陨落的武士团,652637旧密码963336,https://pan.baidu.com/s/1Bq5zQMj359wRv9pRkzRNKQ,https://cloud.189.cn/t/2mqYjuyemuMj
影子战术：将军之刃,365877旧密码544487,https://pan.baidu.com/s/1l3CMlEOHqFNacxverGxE8w,https://cloud.189.cn/t/JfQZVnEn6ZNr
旋转轮胎：泥泞奔驰,854211旧密码665474,https://pan.baidu.com/s/1DZjL8IowBwaUop79dREOVw,https://cloud.189.cn/t/QjIF3qmmei2a
英雄传说：碧之轨迹改,652336旧密码251112.635587,https://pan.baidu.com/s/1vm4RkQC3W0_-AJwfI01y_Q,https://cloud.189.cn/t/VbyAfe3uqqMb
武士零,548100旧密码653269,https://pan.baidu.com/s/1c0IY7nTJvdCbFGjQzZ196Q,https://cloud.189.cn/t/aqaUviMFnIF3
我的朋友佩德罗,329855旧密码635887.587444.745874,https://pan.baidu.com/s/1NLWKCd-eqFYGbfe4bHwomg,https://cloud.189.cn/t/An6V7jUzmIVn
星之海洋6神圣力量,652330旧密码124441,https://pan.baidu.com/s/1XxPUtbwqVJFLK6rmZc1XvA,https://cloud.189.cn/t/ju2EBjmM7Vvy
邪恶冥刻,653220旧密码587777,https://pan.baidu.com/s/1-FhSAKXz7HFB_qEUNHF4TA,https://cloud.189.cn/t/qAVJZ3ZBRzYb
幽浮2,369526旧密码215444.548888.547888,https://pan.baidu.com/s/1CcS0VQCfrMFoPgHK66Okhw,https://cloud.189.cn/t/umQ3i2A7Z7je
星界边境,564778,https://pan.baidu.com/s/1TPLxyWQA4Zii-iI-7cBL8w,https://cloud.189.cn/t/2QVbe2NVJN3e
循环勇士,129633旧密码215558.354665,https://pan.baidu.com/s/1pakDVc_0jwlIDSsGoUvcsw,https://cloud.189.cn/t/IR7fIrA7367j
寻找天堂,652330旧密码258555,https://pan.baidu.com/s/1UlGM0bxQVsljS9BWPdLdEw,https://cloud.189.cn/t/mym2qeUjmuYv
离魂界 校怨,659045,https://pan.baidu.com/s/1BEZ1sHXmjsNrnn-BwGHA9w,https://cloud.189.cn/t/BziIvmZ7Rz2m
幽灵行动：荒野,215554,https://pan.baidu.com/s/1Ge65NJ8UJnT21vrJoD-_Yg,https://cloud.189.cn/t/vm6RjiaymIVb
雨中冒险1,587999,https://pan.baidu.com/s/1i7ylQWXrWQDLfN8EepZUaw,https://cloud.189.cn/t/nIRRfqeIvEne
无名九使 觉醒,689554,https://pan.baidu.com/s/1g86us3kwAu98ygGKpUbtYw,https://cloud.189.cn/t/fARvqiAz673e
幽灵行者,657444,https://pan.baidu.com/s/1LukEkOWD35xR7F171SKDuQ,https://cloud.189.cn/t/E32QVvEjMZne
最终幻想7 核心危机 重聚,652330旧密码526669,https://pan.baidu.com/s/1OpjVp_c7I6VJl-TOGhQHyA,https://cloud.189.cn/t/BzUVF3ieqEFz
一起玩农场,635222,https://pan.baidu.com/s/1WozsK0aPiKTz7tm_F2yKQg,https://cloud.189.cn/t/NbuUVzAJv2iu
幸运房东,326558,https://pan.baidu.com/s/11RnsWyUUnDchkhix4rPsnA,https://cloud.189.cn/t/uEjQj2y2A7Fz
S4U 都市朋克2011与爱的重拳,653002,https://pan.baidu.com/s/1Vz-P5cPOS9jL8vOeL74ANA,https://cloud.189.cn/t/ZvY7BzJ3mqia
合金装备5：幻痛,652333旧密码744885,https://pan.baidu.com/s/1-DHd5Pjitd5TFRDX2szrfg,https://cloud.189.cn/t/JZ73EvfQRVJv
烟火,326333,https://pan.baidu.com/s/1zTYlSInaKdIF8kV52Q7IPQ,https://cloud.189.cn/t/IV32qmi6zye2
S3032,215483,https://pan.baidu.com/s/1s1I8wu_T5cnKnBoi27K8hQ,https://cloud.189.cn/t/yMZRZnRNNf2m
传送门 进化,785422,https://pan.baidu.com/s/1UZHHQ6rFPPBzz1hxQLIZpA,https://cloud.189.cn/t/q6niArjqQFbu
正当防卫4完全版,"258777旧密码364778,525263",https://pan.baidu.com/s/1gvG5jRfVetgX50X3CotiZA,https://cloud.189.cn/t/rmUF7jBBRZ3m
正当防卫3,326333,https://pan.baidu.com/s/19wovOWjLpDedDvCuV2nR0Q,https://cloud.189.cn/t/YnqURveAjqQb
中土世界：暗影魔多,521597,https://pan.baidu.com/s/1zdb84wL-YFPV97TvJu5plQ,https://cloud.189.cn/t/VjIjmuUVBBru
最终幻想起源：天堂的陌生人,215444,https://pan.baidu.com/s/1oGCsI63FPjhI49gShiwQmw,https://cloud.189.cn/t/qMNVFfrqqyIz
M5027,652333旧密码847555,https://pan.baidu.com/s/13NjMyoVUh2SAmj_JAPdXBw,https://cloud.189.cn/t/yeuEFfMRb2e2
T5021,322033,https://pan.baidu.com/s/1H4Ec558oDygah6SnoPA6BA,https://cloud.189.cn/t/QNr63q7FRjIz
只狼：影逝二度,632996,https://pan.baidu.com/s/1lCScJT08DADSyEmFG2WAdA,https://cloud.189.cn/t/qIZvQjnQjuIv
战地5,215554旧密码554874,https://pan.baidu.com/s/1whWYuIaBfc0itxD37O0QpQ,https://cloud.189.cn/t/aQBRfqiQZ3Ev
英雄传说 黎之轨迹,256447,https://pan.baidu.com/s/1Pg_YOiynABActSOEHZy0zQ,https://cloud.189.cn/t/Y3QrMbeQn6n2
煮糊了2,548777,https://pan.baidu.com/s/1NEhke8WxniL3G56wjS09mA,https://cloud.189.cn/t/2uaaUjeI36Bb
英雄传说 黎之轨迹2 绯红原罪,548877,https://pan.baidu.com/s/1z6lDphAZbuHcDG_ytJR9sw,https://cloud.189.cn/t/mMVFfqbeEnYn
怒之铁拳4,236665旧密码321445,https://pan.baidu.com/s/1hzcQF8pdYGcihVS8WiGvlg,https://cloud.189.cn/t/bMJfuqA7b6Bn
最终幻想10,541256,https://pan.baidu.com/s/1iJixU34A4prrEDgWM-kNzQ,https://cloud.189.cn/t/iQvqiuueu6Vj
真三国无双8帝国,231554,https://pan.baidu.com/s/12uc8Uk_nTP5uG2Qr6eXQlg,https://cloud.189.cn/t/N7RZjiVjaMvi
Everhood,325877,https://pan.baidu.com/s/1Jti0O2rJN3XQwp1solbV0w,https://cloud.189.cn/t/iIn6VjzIJzae
战地：叛逆连队2,554874,https://pan.baidu.com/s/1oCI4nKHbp4qn-BUpHUWFow,https://cloud.189.cn/t/uEjm6v3eua6v
下一个就是你,652003,https://pan.baidu.com/s/1VVnRUqU2PE9Y8dZgAOY2gg,https://cloud.189.cn/t/zQrMf2aiIVBn
战争机器5,236666,https://pan.baidu.com/s/1AQ8jXqv2LmY3awqLmOOVXQ,https://cloud.189.cn/t/IvAbMfRfMvEv
鬼灭之刃 争当最强队士,320200,https://pan.baidu.com/s/1rH6emt0YKhO_AiieRTt53A,https://cloud.189.cn/t/v6b2iqb6vMnu
专业模拟飞行11,357958,https://pan.baidu.com/s/1sHsB5nfPv3DcmH-igdsx-w,https://cloud.189.cn/t/YNz2ArmQvQV3
再刷一把2 金色传说,320230,https://pan.baidu.com/s/1yI94l4L25ri0b7OULxEJXQ,https://cloud.189.cn/t/qI7f6jbiYvye
Aseprite,548555,https://pan.baidu.com/s/1JjtF9C8gB0mn2P5d7oStQw,https://cloud.189.cn/t/fyaiYj2IJfia
史丹利的寓言,678994,https://pan.baidu.com/s/1lbi9QlENcRIe067OQjqMXQ,https://cloud.189.cn/t/VnQJJ3QZB7Nb
W3002,215445旧密码748778.854769,https://pan.baidu.com/s/14EPyJ-oDne4YApErKqv3EA,https://cloud.189.cn/t/muuABnFvmm6f
B3002,254115旧密码521447,https://pan.baidu.com/s/1giBv_0uE3NVIuipcT857iA,https://cloud.189.cn/t/eEvMv26z2uEv
S3038,652000,https://pan.baidu.com/s/1azHhojhi2_7BZlEvM_6t-A,https://cloud.189.cn/t/QruIbm7famqq
雪人兄弟特别 周年纪念版,256448,https://pan.baidu.com/s/1lWOv83LQcEtoOZfXPNRxTA,https://cloud.189.cn/t/UFb6Bf6ZNryq
双人成行,632554,https://pan.baidu.com/s/14MOdMiSMNjdCenJ1xo3a5Q,https://cloud.189.cn/t/ARZfQn3yEZVj
蝙蝠侠合集,254444,https://pan.baidu.com/s/1KMk5jr1wgI191REA3wCHmw,https://cloud.189.cn/t/QZrIJvRRVBN3
宝可梦传说：阿尔宙斯,265998,https://pan.baidu.com/s/1gVVRrZ85LSrcmSsONq-xDw,https://cloud.189.cn/t/BbAvEfAjamUz
宝可梦晶灿钻石明亮珍珠,524111,https://pan.baidu.com/s/1SHUzU45vdFg5KUbUGJ-rnw,https://cloud.189.cn/t/26NRzijEvMNb
半衰期 爱莉克斯,586225,https://pan.baidu.com/s/1ukHXMpxZKt089xp0s-AYoA,https://cloud.189.cn/t/aQ3AZnzyQj6f
超杀：行尸走肉,548745,https://pan.baidu.com/s/1etGlzVk5q1VHvwG0c3ST5w,https://cloud.189.cn/t/EbArIjfe63ey
地铁：归来,789654,https://pan.baidu.com/s/13pIT2pGL9w_L4HMf47xyGg,https://cloud.189.cn/t/fYnIZfQV7ze2
FIFA 合集,488595,https://pan.baidu.com/s/1Wlk8Y6_mkytDAmwlBvm_4g,https://cloud.189.cn/t/BreUzyf6faMj
F1 2020,254887,https://pan.baidu.com/s/1nlqdMPC3DPl71W8aIaMp3w,https://cloud.189.cn/t/bYZRfmA3YJJr
GTA侠盗猎车手三部曲终极版,326554,https://pan.baidu.com/s/1lvy_-Q3iXkfo2PTyNVkScQ,https://cloud.189.cn/t/vIzQNbvAZruq
GTA4侠盗猎车手4MOD版,685215,https://pan.baidu.com/s/1Y7DGYVTB_HDTA3HyXfj2EQ,https://cloud.189.cn/t/B3uAN3vI7bQr
光环：无限,254221,https://pan.baidu.com/s/1t-N1WFYLiPgM4sNIkNiD0w,https://cloud.189.cn/t/2e6vmyzm2eYb
毁灭战士4,210002,https://pan.baidu.com/s/14Nf9XGfamYqJaGrYustJKA,https://cloud.189.cn/t/miE7ri7fqqyu
合金装备5：原爆点,326699,https://pan.baidu.com/s/1q068xPC1UhKu7czGIjKjtA,
红色警戒合集,"=""000000""",https://pan.baidu.com/s/1uvDQy7qLa1VP1nXhJUQSaA,
还愿,546665,https://pan.baidu.com/s/1IUgezRqDYXgzyYqObGMiCw,https://cloud.189.cn/t/B7jy2iFFnQny
哈迪斯：杀出地狱,321114,https://pan.baidu.com/s/1mzhmbnChIl1xM8NA82rzww,https://cloud.189.cn/t/6RfYRj7ZRzMz
海绵宝宝争霸比基尼海滩重置版,236554,https://pan.baidu.com/s/1rRTFV69AT8GUPPfRG0CiiA,https://cloud.189.cn/t/JZJ7jyYRzeym
街头霸王5：冠军版,659874,https://pan.baidu.com/s/1zOsmXKZ7GD3lAN5bHFiffA,https://cloud.189.cn/t/naaumi2EBjmu
寂静岭5：归途,215469,https://pan.baidu.com/s/1rn2NRp44QiFT-zs93FON5Q,
Jump大乱斗,365558,https://pan.baidu.com/s/1c2N0Y2PJtmMfNpnHsiFOrw,https://cloud.189.cn/t/6FRbqiJJzmQf
看门狗2,215555,https://pan.baidu.com/s/116NlJ2D1oovlOHn2XjK7lw,https://cloud.189.cn/t/EVfumq3IvyIf
看门狗3：军团,231554,https://pan.baidu.com/s/1BoxpgsnEyVvtxZWXHMGW4w,https://cloud.189.cn/t/7VjiI3mMfuIn
看门狗,352144,https://pan.baidu.com/s/1GSZfbzoB0XYGrYZfhKoZyg,https://cloud.189.cn/t/MbAbAzn22IVn
开拓者：拥王者,215444,https://pan.baidu.com/s/1YKs4M_laPYZtFuc4cjwxnA,https://cloud.189.cn/t/VZvIfiJ3a2Av
开罗物语合集,326669,https://pan.baidu.com/s/1GlRdvmsJV8KC9evLgVAxvw,https://cloud.189.cn/t/2ERfAj3IRZ7n
龙腾世纪3：审判,658777,https://pan.baidu.com/s/14uDYmn0nbx_4MYo8RJW1Qg,https://cloud.189.cn/t/iYbIVj2qyEru
莱莎的炼金工房3终结之炼金术士与秘密钥匙,542155,https://pan.baidu.com/s/1TMnX29fOoO71lpOzqD3IzA,https://cloud.189.cn/t/BVvYrunmqu22
莱莎的炼金工房2 失落传说与秘密妖精,215420,https://pan.baidu.com/s/16v4C0ksRI8nSTLGXZeBCfA,https://cloud.189.cn/t/ym6BN3equURb
模拟人生4绅士版,"=""000000""",https://pan.baidu.com/s/1aR59GUK4p3ASOhSNzO-2Qg,https://cloud.189.cn/t/fAbaMjZ7Bjai
尼尔：人工生命,325444,https://pan.baidu.com/s/19KX3XWvS-5foUlk1KPFRpw,https://cloud.189.cn/t/A7Nvmqv6bqEz
NBA2K20,587444,https://pan.baidu.com/s/1RJVre5PcTrvQO7Sr68eBrg,
NBA 2K21,548774,https://pan.baidu.com/s/1Xxmb3R9ElJlVsIevqaiB4w,https://cloud.189.cn/t/FzaUBryYrYvy
NBA 2K22,266544,https://pan.baidu.com/s/1OhrlHpR-awWL63jrpIGErw,https://cloud.189.cn/t/eeA3MzZZZzAn
NBA 2K23,326665,https://pan.baidu.com/s/1jXhcwnNcrEYlVPbC7ZLjOg,https://cloud.189.cn/t/v6jYjmfmqAna
脑叶公司怪物管理模拟,874569,https://pan.baidu.com/s/1pMlSaW4jZ7Zp4xeSHmWiLA,https://cloud.189.cn/t/v2MBVfEziaaa
拳皇14,235444旧密码254144,https://pan.baidu.com/s/12o_VvgRbJjzIHfyx9NFcLQ,https://cloud.189.cn/t/UfInAnIv2ie2
旗帜的传说1,528779,https://pan.baidu.com/s/1xeCl1S7TmthESpvnjb2Kbw,
热血无赖：终极版,587456,https://pan.baidu.com/s/1IcrF_RrZCx__SHRJ7MzFpA,https://cloud.189.cn/t/RzaquqyI3maa
生化危机6,548888,https://pan.baidu.com/s/1U-P1A3p4R2-hFuZILSIkKg,https://cloud.189.cn/t/uURnyeZfum2q
生化危机5,215447,https://pan.baidu.com/s/1-dWQFFlWlZ5sMdaux-jnjA,https://cloud.189.cn/t/FZ3imqEzMFva
三国志14威力加强版,256333,https://pan.baidu.com/s/17n47Jpf4EONQAAXzvOMP4A,https://cloud.189.cn/t/ryIbUjbqauAn
使命召唤9：黑色行动2,325666,https://pan.baidu.com/s/1YGz53CjLyogXqZ7Zl5OV8g,https://cloud.189.cn/t/QFzuq2nIziYf
使命召唤8：现代战争3,258741,https://pan.baidu.com/s/1YiKbbAf8cFhKmsBnVDexMA,https://cloud.189.cn/t/QBZNZzjaqYzu
使命召唤7：黑色行动,258777,https://pan.baidu.com/s/1GyKe5E1AVi_KDQzEEYnzPQ,https://cloud.189.cn/t/fQNJNfRJra6v
使命召唤6：现代战争2重制版,365999旧密码587777.587415,https://pan.baidu.com/s/1oSFIbSljfRUjAIWO1k89zg,https://cloud.189.cn/t/mEFnu2MbIZze
使命召唤17黑色行动 冷战,254777,https://pan.baidu.com/s/1qo4YSi8EgBEaDzScEnsKwg,https://cloud.189.cn/t/yeQvIjUv2eY3
上古卷轴5：天际MOD版A,521447,https://pan.baidu.com/s/1eRVf8shPbT_nE_HFxckJ1A,
上古卷轴5MOD整合版,521447,https://pan.baidu.com/s/1Djn7QXGlKJa183qS4bTvKQ,https://cloud.189.cn/t/bMNrEbf2YnIz
上古卷轴5：天际传奇纯净收藏版,748556,https://pan.baidu.com/s/1E4YLqJFq0ln5Qh2vqMaO3g,https://cloud.189.cn/t/nIjiayN3Q7ba
神界：原罪2终极版,259637,https://pan.baidu.com/s/1O0bkjp06rmGmTXine28P-A,
塞尔达传说：荒野之息,569998,https://pan.baidu.com/s/1rlhYd22tU1TYGBe0rEjgbg,https://cloud.189.cn/t/7zMramzmUJJj
守墓人,254447,https://pan.baidu.com/s/1Gn1y1EzZvrjPd2AD7Y2pkA,https://cloud.189.cn/t/Mf6rqqBRrYj2
死或生6,578996,https://pan.baidu.com/s/1KlxjOm10cONxNl2kAhhxFQ,https://cloud.189.cn/t/ruIVVj7jInem
逃生：完全版,256448,https://pan.baidu.com/s/1gSBWXI2l9Xm7fI_jhWYjCA,https://cloud.189.cn/t/VVvYjmy2Qbui
文明6,834666,https://pan.baidu.com/s/1rCntzhuKpS5GAaAWyqoCCg,https://cloud.189.cn/t/EbQz6zv2YnEr
无主之地：前传,542221,https://pan.baidu.com/s/13Xit4MVT8zq2vLpznSt7uA,https://cloud.189.cn/t/VZBJZvFbMRbq
小骨 英雄杀手,321445,https://pan.baidu.com/s/1KmrkwBXH7Thx4c9AvXezqw,https://cloud.189.cn/t/2euuIbbaiUFf
心灵杀手复刻版,789666,https://pan.baidu.com/s/175oihoxbh8gzxVHxyL3Ydw,https://cloud.189.cn/t/MRRjqyABRzUn
X3001,236558旧密码632554.256444,https://pan.baidu.com/s/1gRT1YVP3iWfICmjCPL5m0g,https://cloud.189.cn/t/vIjmmebueMFj
最终幻想13,521447,https://pan.baidu.com/s/1hYfOkn7Cci4C4cUGBga6iQ,https://cloud.189.cn/t/3AjAnyjQZBJj
足球经理 合集,236665,https://pan.baidu.com/s/1YZdaN-yRI02jRi6CHsIDUg,https://cloud.189.cn/t/rYriUvyQ773y
荒野大镖客2救赎2,215448旧密码254777,https://pan.baidu.com/s/1Vh95d7njqNTfkxYJRnAOFA,https://cloud.189.cn/t/2Q3mUf3AFJFn
漫威银河护卫队,587441,https://pan.baidu.com/s/1prhWZw8rHQ56VKeeoOx0MQ,https://cloud.189.cn/t/36NrI3riIfaa
异形 隔离,562000,https://pan.baidu.com/s/14oXOeB8iHZOjCfA98L9l8w,https://cloud.189.cn/t/6bQBZvY77FFz
质量效应1 重置版,215412,https://pan.baidu.com/s/1z7NfjP21LQJ34Q0DQ0TPlA,https://cloud.189.cn/t/eEbmyiE7VbIb
战神1加2合集,555666,https://pan.baidu.com/s/1pHgr00qQSloTHQBta55JVw,https://cloud.189.cn/t/faI3eizMnMne
战神3,259665,https://pan.baidu.com/s/1OHJGJ1jl5-U1hCNDtdPEaw,https://cloud.189.cn/t/6JNFzaRryyma
质量效应 传奇版,325633,https://pan.baidu.com/s/138cATb8NAvXh_ktN8WNnUg,https://cloud.189.cn/t/UVnmaqzmIFzu
刺客信条8：奥德赛,101542,https://pan.baidu.com/s/1BtIFVSv89lSpR5YId6hwMg,https://cloud.189.cn/t/FvUJZzURFV7n
盗贼之海,325996,https://pan.baidu.com/s/1XDhHUA39X6U_MsNfwBt0Ow,https://cloud.189.cn/t/MrEzMrJJvmMz
皇牌空战7：未知领域,231115,https://pan.baidu.com/s/1-_Ho7zbNb10e0EZ-jdKVXw,https://cloud.189.cn/t/FZ7FBjbA3AZj
极品飞车21：热度,548777旧密码556987,https://pan.baidu.com/s/11zUHqgVP5tPhI0R1qEpJbQ,https://cloud.189.cn/t/F7NBr2JFFNRf
极限竞速：地平线5,357777,https://pan.baidu.com/s/1H3eO7EHgD-YsF9iifCSvyA,https://cloud.189.cn/t/fERjiuriQbmu
乐高星球大战：天行者传奇,547887,https://pan.baidu.com/s/1dTobhPXusVNgtJ-ls8DMOg,https://cloud.189.cn/t/2aeeiiAfMZFv
罗马2：全面战争,564877,https://pan.baidu.com/s/1twF_X3j1wEggJV2hWSJQzw,https://cloud.189.cn/t/NRzaI3uame6z
尼尔机械纪元,"=""001214""",https://pan.baidu.com/s/1p6DH-SBmVGESKp7WebYxrA,https://cloud.189.cn/t/jmiIjmyeUNNz
仁王2绅士整合,325552,https://pan.baidu.com/s/1Rq4boEDaWsA0nHaMAheaLg,https://cloud.189.cn/t/36NRVn2YNfQn
使命召唤12：黑色行动3,215447旧密码659774,https://pan.baidu.com/s/161UsaftuCI_l9zkwWSk3rA,https://cloud.189.cn/t/3IbemeFJ3MJb
星球大战：战争前线2,963336,https://pan.baidu.com/s/1E8jRIBUGQh05zfkiuYKaTg,https://cloud.189.cn/t/miauUneqq6f2
最终幻想7：重制版,200333,https://pan.baidu.com/s/1mIAwV8Q6YNrAg4dvBbu1Qw,https://cloud.189.cn/t/rumQzaue2MZj
阿提拉：全面战争,215444,https://pan.baidu.com/s/1fPNkFmy3zaCtqVqTj1u8Wg,https://cloud.189.cn/t/MRnQzmN3iEJj
八方旅人2,254887,https://pan.baidu.com/s/1aFv32_RL2XAy-94nkuJn_A,https://cloud.189.cn/t/vMjMJv3UBv2u
动物园之星,254111,https://pan.baidu.com/s/1FgFx2Ln6-Hmimma-3UZ4fg,https://cloud.189.cn/t/nYZ7bma6RvMv
地平线 西之绝境,218745,https://pan.baidu.com/s/1aiK_GOGxQbKgZmYsCZoNeg,https://cloud.189.cn/t/QvmmqmfI7b63
孤岛惊魂5,784777,https://pan.baidu.com/s/1RiF1eaBWYA4zTfHk0NI21A,https://cloud.189.cn/t/3mUVZz2i2emi
古墓丽影：暗影 克劳馥版,"=""032665""",https://pan.baidu.com/s/1JqoGArGLlR8vLZGsPxwc9Q,https://cloud.189.cn/t/mua6ryq6BR3y
古惑狼：三部曲重制版,854777,https://pan.baidu.com/s/1qrBBQxN9fVAqBZNOCBYKhQ,https://cloud.189.cn/t/vAvmymUR7rYr
孤岛惊魂5,784777,https://pan.baidu.com/s/1roVpaUKVcMmmBiGUWynRLw,https://cloud.189.cn/t/7jmmM3mqAfIz
合金装备崛起：复仇,744885,https://pan.baidu.com/s/1IhoDC7a3wLpIalByLQnvhw,https://cloud.189.cn/t/YrUBBnuQVJVv
海岛大亨合集,215444,https://pan.baidu.com/s/15cBOd3cWiiQ7oW12dZ3WZQ,https://cloud.189.cn/t/ryqQvej22yay
僵尸末日DayZ,336632,https://pan.baidu.com/s/1E-rxKr-tCZOatphPG43BiA,https://cloud.189.cn/t/2yaE32YnMJV3
噬血代码,632547,https://pan.baidu.com/s/14TgUBcUsM-YUa3A6cydmqQ,https://cloud.189.cn/t/mEFvmqJBfiEn
铁拳7,"=""033222""",https://pan.baidu.com/s/14oOz5rPHMbmSR_nO-QzIUA,https://cloud.189.cn/t/7FvqQv73ii6z
瘟疫传说：无罪,854775,https://pan.baidu.com/s/1okxIbTFu_gaqSq3tCd3qXw,https://cloud.189.cn/t/Nj6nQve6nqIj
瘟疫传说 安魂曲,326333,https://pan.baidu.com/s/11e0jV33_goE6HhWCqjvf3g,https://cloud.189.cn/t/qUNJVrqe6bqe
行尸走肉：终极系列合集,124154,https://pan.baidu.com/s/1o_H29oB-IwYLA73yJRbRDQ,https://cloud.189.cn/t/yYvaM3MNNn2q
小狐狸冒险TUNIC,325554,https://pan.baidu.com/s/1byeNYcBSU5-5iTahVHZtkg,https://cloud.189.cn/t/MBNjiqaEZfMj
遗迹2,256221,https://pan.baidu.com/s/1SxiutbsK9hyzDbZm6XBghg,https://cloud.189.cn/t/AFbMZvzaqUJn
最终幻想15,541222,https://pan.baidu.com/s/1fInEcJMNu5ltNzJVc0s5fg,https://cloud.189.cn/t/yi2QryUBJVbe
暴战机甲兵,698569,https://pan.baidu.com/s/1hgoFg0IV-6sANQ2w3K4Rcg,https://cloud.189.cn/t/FfmQBvBbquum
刺客信条6枭雄,659887,https://pan.baidu.com/s/1JAmc4LLJ66BJ_-lAWreMsA,https://cloud.189.cn/t/vEfYbu7v2qMb
采石场惊魂,230114,https://pan.baidu.com/s/17SN9i2UAzhUQ0DAIkrtItw,https://cloud.189.cn/t/vYJZJzrIFRzu
地狱潜者,889745,https://pan.baidu.com/s/1PpZobAP0pI4zpUZKpRq0Mg,https://cloud.189.cn/t/63uMB3MB3IJf
弹丸论破V3大家的自相残杀新学期,632599,https://pan.baidu.com/s/1Ea3ofyvMgWhmTSl4OrbMfg,https://cloud.189.cn/t/rYZjmujimYji
废墟图书馆,548555,https://pan.baidu.com/s/1-VqNvQSm3nB2INvV7tQgWw,https://cloud.189.cn/t/B3ErMnYbqmmu
孤岛惊魂：新曙光,562221,https://pan.baidu.com/s/1pXRDHJR0lA-v85whcVLCmA,https://cloud.189.cn/t/ZNZnim6by22a
鬼泣5,352666旧密码251114.587456,https://pan.baidu.com/s/1eJtDBzsfD7yqnT9poJ1JPw,https://cloud.189.cn/t/iAnMZ3ieAV73
狙击精英4,521111,https://pan.baidu.com/s/1FfAC0GLk7ZoQCd0toPivcg,https://cloud.189.cn/t/BJ7jaueMrINb
JOJO的奇妙冒险 群星之战 重制版,852322,https://pan.baidu.com/s/1tHN558ZlhidAeLdDH9h3lw,https://cloud.189.cn/t/NfEFzuvi2A7v
全面战争：战锤,254888,https://pan.baidu.com/s/1deGhrg3zyV-6EpPyRy9A3g,https://cloud.189.cn/t/aYBfqy2263Qr
奇异人生：本色,231554,https://pan.baidu.com/s/1C0o-2M4oxAUwdYMD0ucA8g,https://cloud.189.cn/t/m6NbInVVfyYv
泰坦陨落2,647889,https://pan.baidu.com/s/1LsLX99xIpX0qXbjFtSlZkA,https://cloud.189.cn/t/naIvyuraiymi
勇者斗恶龙11S：寻觅逝去的时光,598777,https://pan.baidu.com/s/1_FG5ZCrYrhA0rpujEEvyeQ,https://cloud.189.cn/t/vAbMj2qMveUj
幽灵线：东京,235554,https://pan.baidu.com/s/133kOycg_GXzzzeH88Tu2_w,https://cloud.189.cn/t/73IrYnfUbYBf
野餐大冒险,215011,https://pan.baidu.com/s/1TPrPO7eyBs-MjG-g0vSSFQ,https://cloud.189.cn/t/nYbABvJzqeqe
侏罗纪世界：进化,215447,https://pan.baidu.com/s/1z_n8qaYvkeUVslOr_Ugjyw,https://cloud.189.cn/t/Zn2Ina2uimE3
侏罗纪世界：进化2,235441,https://pan.baidu.com/s/13NnBDv7eHOhevwikUT5VeQ,https://cloud.189.cn/t/vYJFZ3Zv6Jri
真人快打9完全版,362544,https://pan.baidu.com/s/1EA6O15ts5skL-fyk7Dc81A,https://cloud.189.cn/t/RRbQnaMrM3Af
真人快打1,326300,https://pan.baidu.com/s/181HslYgmUz9x-n42r7lGfA,https://cloud.189.cn/t/BjaINfR3IZFr
真女神转生5 复仇,253666,https://pan.baidu.com/s/14nvKmj87tGSyy2g4lOc1xg,https://cloud.189.cn/t/R3I7n2qeUJ3y
暗黑破坏神4,125632,https://pan.baidu.com/s/1He_aNbXraVCdWYRqEjgTzw,https://cloud.189.cn/t/3A7BZzAZBnau
刺客信条：英灵殿,565444旧密码564778,https://pan.baidu.com/s/19XiY1p_R17pqjPPjofxllA,https://cloud.189.cn/t/N7VniiVjeAJz
超次元游戏海王星姐妹对决,320333,https://pan.baidu.com/s/1oC9Eaf7loHNDxxzJJgMP1g,https://cloud.189.cn/t/b2YfQv3YBfam
地铁离去,215444旧密码256444.521453,https://pan.baidu.com/s/1Z5wVPvavs-NoYVcWjSF4Mw,https://cloud.189.cn/t/uU3EjynUZvIz
大逆转裁判：编年史,854744,https://pan.baidu.com/s/1xwEtvIk8BS175doSj2AS3Q,https://cloud.189.cn/t/jm2aQb7zYrUv
底特律：化身为人,578887,https://pan.baidu.com/s/1dWWKb0yZZjoyNQn8ITebRA,https://cloud.189.cn/t/RNbyyujeueam
喋血复仇,251200,https://pan.baidu.com/s/1M8dLVj4rbFwRQFLyytWjDw,https://cloud.189.cn/t/7363M3YJfAry
D5018,254155,https://pan.baidu.com/s/19MfrxGmKU7ORXBOSFQ4WFg,https://cloud.189.cn/t/AzIR7bqQZVZr
恶灵附身2,221541,https://pan.baidu.com/s/1QqIouUMyiM5Jocy_vtyR3Q,https://cloud.189.cn/t/7NvAbmniAjqa
二之国2：幽灵国度,564889,https://pan.baidu.com/s/1uxVmdk3sTxio-D7iSjca3A,https://cloud.189.cn/t/yaimyuR7Jfaq
二之国：白色圣灰的女王重制版,669875,https://pan.baidu.com/s/1ro6RdTv5uCnHO2LGn_prxw,https://cloud.189.cn/t/RzyiQrjArq6v
绯红结系,548744,https://pan.baidu.com/s/1Uss52JQ5yuXyd-a9Mr2Wlw,https://cloud.189.cn/t/jMV7Fjqyi6Nv
孤岛惊魂6,365221,https://pan.baidu.com/s/19UIX6HLNObJhViMtjjKI4w,https://cloud.189.cn/t/VBv6Jr3IRV73
古墓丽影10：崛起,215554,https://pan.baidu.com/s/1NsCvVvDd39zvQPaCiJqaAQ,https://cloud.189.cn/t/z6NfInbU777b
港诡实录,526663,https://pan.baidu.com/s/1wqTjy1A3ihfHK8vMbq_3Kg,https://cloud.189.cn/t/7F3Q3eA7jmum
黑手党2002,254477,https://pan.baidu.com/s/1TexSeoVUenqJIYGbpOukUQ,
海绵宝宝The Cosmic Shake\海绵宝宝宇宙摇摆,352665,https://pan.baidu.com/s/1tG_UvdiCIdowHw1qXT1ZIg,https://cloud.189.cn/t/Q3UbaivQRze2
极速骑行4,566669,https://pan.baidu.com/s/1pG_a1NrKMQgqMldDP-3BAQ,https://cloud.189.cn/t/UnmINfqqY3An
灵魂能力6,512333,https://pan.baidu.com/s/143MchtrX_NgXXlDIYeEJww,https://cloud.189.cn/t/qU7BryI7rQva
灵魂能力5,236666,https://pan.baidu.com/s/1A-fCTZRVQPATwqZfTBhsug,https://cloud.189.cn/t/zU3mIjVVFJnq
灵媒,231447,https://pan.baidu.com/s/1mn0-Sww0XsYXAbo1uU4syg,https://cloud.189.cn/t/UN32A3Bna6ji
命运 创世 连接,985444,https://pan.baidu.com/s/1TxfWGtxQjCjMbv2V4F8rUA,https://cloud.189.cn/t/b6rMZrNr2e63
牧场物语：重聚矿石镇,654778,https://pan.baidu.com/s/1z-2YX6W0fpHyD9xa_j_Ezg,https://cloud.189.cn/t/ia677vyaiuUj
虐杀原形2,547777,https://pan.baidu.com/s/1vo5_msHlKL4iJn4SFbZQSw,
逆转裁判123：成步堂选集,874478,https://pan.baidu.com/s/1qNfwodAIZ2rmRnf4lqFRvg,https://cloud.189.cn/t/B3y6zmr22yim
逆转检察官1&2 御剑精选集,213520,https://pan.baidu.com/s/1WxcOHBNo5nDnICI5WMmlmA,https://cloud.189.cn/t/uu6FFr7V3yYj
破晓传奇,632265,https://pan.baidu.com/s/1iHJ2JEwiIeqFyaGCmzi8fw,https://cloud.189.cn/t/RzyAJb7f6Bni
奇异人生1重制版,356664,https://pan.baidu.com/s/1VDfIcU18ezUXm5rnYB9cYw,https://cloud.189.cn/t/FVZjAjZjeYru
圣剑同盟,132333,https://pan.baidu.com/s/1r4C0hAI5347mdwEzX3yChQ,https://cloud.189.cn/t/vIBjyi2E7r2i
数字战斗模拟世界,215666,https://pan.baidu.com/s/1Sl1GV84luvq_N2BO7Kr8IA,https://cloud.189.cn/t/VFNVzmZNzae2
圣杯战争 盈月之仪 命运之夜,251000,https://pan.baidu.com/s/1uGrUpO-xgGqh6FRlHrToEw,https://cloud.189.cn/t/q2AZFrR3yqYb
圣兽之王,325466,https://pan.baidu.com/s/1V-aRTrQbK9rcoiPTaGhDRQ,https://cloud.189.cn/t/RFj6rqVJRzMj
文明时代2,874954,https://pan.baidu.com/s/1bb_-tT2zwGco-QIE5TRNQQ,https://cloud.189.cn/t/IZje2yaUfaqy
王国之心HD1.5+2.5ReMIX,651555,https://pan.baidu.com/s/1an8BI1kQ53XUAKNEBaHEqg,https://cloud.189.cn/t/vyyYNf3uYjUf
意航员2,896555,https://pan.baidu.com/s/1Su5EExs4RVNeTVEWFwdvLA,https://cloud.189.cn/t/zANJbqBjeUvy
勇者斗恶龙：创世小玩家2,548777,https://pan.baidu.com/s/1S_RTE5pyF5EZ4dTIlmmbWw,https://cloud.189.cn/t/QVRNzyMRf6Fb
幽灵行者2,254778,https://pan.baidu.com/s/1ojXAfnwXcQMN7gOcDWXbyQ,https://cloud.189.cn/t/jY7FFrIrmEry
最终幻想12：黄道年代,526663,https://pan.baidu.com/s/17oLpEGphj3spP-B1ZpsXug,https://cloud.189.cn/t/BvuQbyFbMBB3
战锤40K：战争黎明3,254111,https://pan.baidu.com/s/103q_OQTwyNRRyOtKsTaEsQ,https://cloud.189.cn/t/mYNbEbj6re63
战锤40k：机械神教,254666,https://pan.baidu.com/s/1hzZqePGZI8AhQWJpnLyjrA,https://cloud.189.cn/t/Vbm222riUb2q
战锤40K 枪声 鲜血和铁拳,258774,https://pan.baidu.com/s/1mhumrwIr07eg-dfXxMNR7w,https://cloud.189.cn/t/fIveMzqENNFj
战锤40K暗潮,"=""000000""",https://pan.baidu.com/s/1HAW_g-mQTWcf7d3R6IkgQA,https://cloud.189.cn/t/VjQRbmvyaUVn
植物大战僵尸,587445,https://pan.baidu.com/s/1fZOjqaYQw2raqAFL1spIFA,https://cloud.189.cn/t/R7nYbqr2A7Nj
战锤40K 审判者 殉道者,251205,https://pan.baidu.com/s/11mhGmkIXwAn-YU4cIcVNXA,https://cloud.189.cn/t/BjaUFbqQnYje
植物大战僵尸杂交版,215488,https://pan.baidu.com/s/1IC13e6BID3ZoPkOcowgl8w,https://cloud.189.cn/t/mQrUNvVFBjmu
战锤40K 战争黎明2 大师收藏版,652666,https://pan.baidu.com/s/1Fv2CnPwXQvToXOM9MDIkEA,https://cloud.189.cn/t/YnAnI3ryMrya
碧蓝幻想Versus,254448,https://pan.baidu.com/s/1K00i15sRpVuFtgD60ommdA,https://cloud.189.cn/t/bmYB3yJZnYJj
超级机器人大战30,356445,https://pan.baidu.com/s/1djJn5rtteaRUk8Q0w9iGwg,https://cloud.189.cn/t/nqmiauUZnaIb
刺客信条 幻景,655222,https://pan.baidu.com/s/1vLqYw2iGU3sM4TPe_ydiow,https://cloud.189.cn/t/aa677briYbY3
德军总部2：新巨像,659887,https://pan.baidu.com/s/1P31iusq_2H0NTWQgYA0oTw,https://cloud.189.cn/t/IB7JVzR3Ejay
地球防卫军5,744775,https://pan.baidu.com/s/1xjW6ZUgAsGEWr_pIrBKpSg,https://cloud.189.cn/t/n6VzumbEJRJv
木卫四协议,218577,https://pan.baidu.com/s/1GC-udp9zMUO-_1MlgUlgew,https://cloud.189.cn/t/nAF7faANjIju
女神异闻录4黄金版,874778,https://pan.baidu.com/s/14LL7EvWwj6P_AL7FY8RKAQ,https://cloud.189.cn/t/iaIBFzy2uEji
逆转裁判456王泥喜精选集,256447,https://pan.baidu.com/s/1I59mpFoW9qM-oZC9rbzwgw,https://cloud.189.cn/t/7N3eMrnIVzem
情热传说,652225,https://pan.baidu.com/s/1AAOdtLH58eBslJYGwkMsNQ,https://cloud.189.cn/t/6ZBfIrnyIRzi
驱灵者 新伊甸的幽灵,215447,https://pan.baidu.com/s/1kshL36hM1YUYGJ2dSFn92g,https://cloud.189.cn/t/amqIryZnq67z
使命召唤10：幽灵,365874,https://pan.baidu.com/s/15ul6abwexqfmJIo2r5brMw,https://cloud.189.cn/t/JZR3QfiMZrIj
噬神者 合集,524669,https://pan.baidu.com/s/1vFGyOYwWkS9LHePFgjYtiQ,https://cloud.189.cn/t/UjEvyaiUv2m2
无双大蛇3终极版,125887,https://pan.baidu.com/s/1b3B-Vz9o_M8DRWyWxo06Yg,https://cloud.189.cn/t/QzMJBjiqMvAb
血污：夜之仪式,236985,https://pan.baidu.com/s/1HIt14FkqOdqZyORu0XzCVg,https://cloud.189.cn/t/3qU3eu7VBzIn
小缇娜的奇幻之地,352666,https://pan.baidu.com/s/11NEQQZhdAs7tA3Mk5i0AsQ,https://cloud.189.cn/t/E3A3ieaaimeu
侠盗猎车手 罪恶都市重制版,995441,https://pan.baidu.com/s/1dSUpRoK0jjETmC7HxrouZA,https://cloud.189.cn/t/7VBZFvv222iy
侠盗猎车手 圣安地列斯重制版,545522,https://pan.baidu.com/s/1aLGiTZ51uILS5nGGqXU-TA,https://cloud.189.cn/t/IBnuQjIJNrqe
异形 坠入黑暗,563999,https://pan.baidu.com/s/17tbkdhfxQHFevzJoLyh0XQ,https://cloud.189.cn/t/7JRrEnMJnyee
质量效应：仙女座,254666,https://pan.baidu.com/s/1lA2Bn7R0mVzXVorxLvtP2g,https://cloud.189.cn/t/ieyaEn7zEja2
战场女武神4,655887,https://pan.baidu.com/s/1UaH2J1zc2-klrdsX92fsAQ,https://cloud.189.cn/t/Nf2EJjyEjYv2
暗邪西部,633336,https://pan.baidu.com/s/1cvBCjyTwjdhPbNBkwWYpxQ,https://cloud.189.cn/t/yuiErenqAVBb
阿玛拉王国：惩罚重置版,254666,https://pan.baidu.com/s/1nEUbtBKfi8LEvkEBRMbhOQ,https://cloud.189.cn/t/JzaaQ3EjMf6n
薄暮传说：终极版,254121,https://pan.baidu.com/s/1uJncn0UcVy8JV1hylLaxJg,https://cloud.189.cn/t/feieYn3U3mum
刺客信条5：大革命,325887,https://pan.baidu.com/s/1o1Ui8b48l5ERYY3BvgRKDQ,https://cloud.189.cn/t/RneQf2iIfQfa
传颂之物 二人的白皇,632147,https://pan.baidu.com/s/1Q_umJgbgy88wLe851BsiBA,
刀剑神域：虚空幻界,597441,https://pan.baidu.com/s/1IoTnQqUSvlIaYoGn4b57nw,
地狱之刃：塞娜的献祭,965874,https://pan.baidu.com/s/1ZER26zbpj7pVwUdLorVWwA,https://cloud.189.cn/t/q6veaerYbINb
大将军：罗马,566326,https://pan.baidu.com/s/1kaM9oeEoHBOgA0EkwLirPg,https://cloud.189.cn/t/y63Mj2QjqMJz
风之少年克罗诺亚1+2乘风归来,587777,https://pan.baidu.com/s/1QU7qAmQc1s8vjW4XNRxPrA,https://cloud.189.cn/t/qe2uaemUfqqq
风火轮释放,215558,https://pan.baidu.com/s/18RRZXT29_hDkaRdgcbS5Mw,https://cloud.189.cn/t/B3YbeaMrAZJn
风火轮释放2,215888,https://pan.baidu.com/s/1Lk_LTBVwbQvpS0nJkW4eSg,https://cloud.189.cn/t/FbY7Nnf2YrEn
GTA5mod可剧情版,685215,https://pan.baidu.com/s/1MmK89pOSj6tp6ZJTaW_bSw,https://cloud.189.cn/t/JZRrYrMJfiIn
GTA5 MOD版A,587444,https://pan.baidu.com/s/13vTe0MrfIA2SfQhNYWBLNg,https://cloud.189.cn/t/BbIVfyUbUVby
GTA5纯净版163,685216,https://pan.baidu.com/s/1gjTRrpnWlaLMlvPFScsn0w,https://cloud.189.cn/t/N7nyMrZfq2An
古惑狼4时机已到,251111,https://pan.baidu.com/s/1A2ZJOOO4Yeha_S9kjq37AA,https://cloud.189.cn/t/32aEn2nEbA3e
黑手党：最终版,356477,https://pan.baidu.com/s/1JVB7TOC6qZX-ZEIiTMCXtg,https://cloud.189.cn/t/6JRRZfBnmqme
海贼王：世界探索者,548756,https://pan.baidu.com/s/1n0djJGpyKjzg4OMqp4g-EQ,
骇客时空：最后的记录,258999,https://pan.baidu.com/s/1TuN6HCqpuQkqVL2u0QM0fQ,https://cloud.189.cn/t/jM3EN3YnqEZz
毁灭全人类：重制版,685447,https://pan.baidu.com/s/1jnEdeU_9AOE9hAuFdZHR_A,
僵尸部队4：死亡战争,259444,https://pan.baidu.com/s/1vCYD7H7ZN5IGKCAQE2nrFQ,https://cloud.189.cn/t/fe6jum3IvAv2
剑风传奇无双,256441,https://pan.baidu.com/s/1MmCn55-1kpRBf8OEg7LoKw,https://cloud.189.cn/t/jEfqmmrmI3Ij
极限巅峰,555266,https://pan.baidu.com/s/1q0zNymZcAT5K6cCsBpSRnQ,https://cloud.189.cn/t/nuiuEn3ARZNj
零：濡鸦之巫女,569987,https://pan.baidu.com/s/1tYF8rR6pgSsN6mpgX1CP1g,https://cloud.189.cn/t/zYJNRfb26NNj
麻布仔大冒险,325552,https://pan.baidu.com/s/14nczFgyT0VgcdB03WzRhnQ,https://cloud.189.cn/t/bA3iemJjaMra
迷走深空：碎舰师,564887,https://pan.baidu.com/s/1VMxy8kqbQqWBx6qWfMmXjg,https://cloud.189.cn/t/jIRbuiBfmUfa
奇异人生：暴风前夕重制版,215447,https://pan.baidu.com/s/1lJpPUgpukYCr-K1x04F-Qg,https://cloud.189.cn/t/yQnq2ere2INj
使命召唤13：无限战争,652114旧密码587415,https://pan.baidu.com/s/1NWl2ERMPYlrw5tVXhIbyIw,https://cloud.189.cn/t/eYziyiUbERRf
使命召唤11：高级战争,854799,https://pan.baidu.com/s/1DKhRqWgXI_Bueo4dFIn3dg,https://cloud.189.cn/t/RzyMjqvAfAz2
使命召唤5：世界战争,658777,https://pan.baidu.com/s/1ml543NG2BbOSuuJ1r-lIQg,https://cloud.189.cn/t/e2iAjuii6nEf
死或生6 MOD版A,102114,https://pan.baidu.com/s/1HpIIm1uQjRqmsQKd4MC_5A,https://cloud.189.cn/t/MZNnEznuuiI3
赏金奇兵3,254889,https://pan.baidu.com/s/1nXQMJaL40gHLBOd-KondEg,https://cloud.189.cn/t/zYze6nQBrAfu
无双大蛇2终极版,969859,https://pan.baidu.com/s/1EIEcrhXeD2C1DR4Gy0aiiQ,https://cloud.189.cn/t/EJ3ARnV3uYFv
王国之心3+Re Mind,632587,https://pan.baidu.com/s/1PK74cPzCxaCr_cSAimE-6Q,https://cloud.189.cn/t/QNrU7nFFvIBz
小小噩梦2,258774,https://pan.baidu.com/s/1V6m9-jm-dol1s9hgfsPo2A,https://cloud.189.cn/t/aQFnQjauYfqi
英雄连,154778,https://pan.baidu.com/s/1YyC9TEyNxTUTMJcPsX8nUg,
英雄连MOD版合集一,326558,https://pan.baidu.com/s/1aEvvEXX9z8gjUPV54rPa_A,
伊苏9怪人之夜,215444,https://pan.baidu.com/s/13CmIc2nYNo-Z4nju_ioonA,https://cloud.189.cn/t/bqaYZzVz6RV3
遗迹：灰烬重生,874558,https://pan.baidu.com/s/1ZzYyibF1Tx0SIWpwgbf3wg,https://cloud.189.cn/t/quiYr2UzuYre
渔帆暗涌,222145,https://pan.baidu.com/s/1gHTDt_DV_FUy16ewmDJlTg,https://cloud.189.cn/t/6ZN7f2naUFN3
不义联盟2,448758,https://pan.baidu.com/s/1IVY-qpHPoDUdLWUrmXYgLA,https://cloud.189.cn/t/uyae2mzEbm2u
八方旅人,748547,https://pan.baidu.com/s/1YQ0nOoND9I4BdNpAtBPn7g,https://cloud.189.cn/t/q6ryAvf6BVBv
超级机器人大战X,854447,https://pan.baidu.com/s/1AuM2sgMnf-B7rzcBZcCX2Q,https://cloud.189.cn/t/IRZJr2ZN3Ifu
传颂之物：虚伪的假面,632147,https://pan.baidu.com/s/1av2G3_aZ-recAm7zbdM9bw,
传颂之物：给逝者的摇篮曲,254447,https://pan.baidu.com/s/1qeYZebfgAlNibLn4PvfAgQ,
刀剑神域：夺命凶弹,548777,https://pan.baidu.com/s/1ijRzO7KOiu0ocpDPbV-NaQ,https://cloud.189.cn/t/ARvmEnIjIZVj
帝国：全面战争,658741,https://pan.baidu.com/s/12dtrt9KNRi7e9-Pw8f6nag,https://cloud.189.cn/t/aUvIza326Jna
队长小翼：新秀崛起,378965,https://pan.baidu.com/s/1RHw586Sz0KLLP1nfn4iRoQ,https://cloud.189.cn/t/rMbeuqfuiQJj
符文工房4特别版,852223,https://pan.baidu.com/s/1MA26LwgnwXh8uUJRTtL54g,https://cloud.189.cn/t/FjAbiqNFFVzy
符文工厂3豪华版,326002,https://pan.baidu.com/s/1KredqmCuykRzU1Z9v3QrGQ,https://cloud.189.cn/t/BNzmiazuEbMn
福尔摩斯 觉醒 重制版,228777,https://pan.baidu.com/s/10bNRnm6WRHGK9_v-oJrg2Q,https://cloud.189.cn/t/nMRRbeMNJNJf
废土3,256666,https://pan.baidu.com/s/1FvprR6MItVG5neoX7bloDg,https://cloud.189.cn/t/iY7FVrmAJjUz
古墓丽影9,587466,https://pan.baidu.com/s/1GE3SkmIWNgXG3O2jrgc9Wg,https://cloud.189.cn/t/eI73Ev3Yr2qm
怪物猎人：世界 冰原,787444,https://pan.baidu.com/s/1V9DvrI65_9G6Yqj0mvVvbQ,https://cloud.189.cn/t/URZRnuZ3uQJr
海贼王 时光旅诗,254447,https://pan.baidu.com/s/1uGIY0QJBIx2OPQerTyB1og,https://cloud.189.cn/t/Y3Y7JvmyQJfa
黑相集：灰冥界,256331,https://pan.baidu.com/s/11rCxPZ3M9CsVzWfw1PLyBA,https://cloud.189.cn/t/jIFfEvEJnuqq
嗨嗨人生,356666,https://pan.baidu.com/s/1VsubddQqyYhJSxWP_c17xQ,https://cloud.189.cn/t/EB7nYni6BBFz
海参2,569888,https://pan.baidu.com/s/1G2iT_LEhoJ9wJ8xCWglwkg,https://cloud.189.cn/t/ne6nmyaiqq6v
极速骑行3,514487,https://pan.baidu.com/s/1_R33xQR9E16EUaAZAn0lVA,https://cloud.189.cn/t/22Mv2umqArYr
纪元2205,548966,https://pan.baidu.com/s/1bEpgzKLPBYZt3vSbFtdY3w,https://cloud.189.cn/t/YJ3yMnAfQRba
零 月蚀的假面,365999,https://pan.baidu.com/s/1X7T4MQksOp_-DEB4Cn9uEg,https://cloud.189.cn/t/eQreAzBFZRJj
模拟农场19,215421,https://pan.baidu.com/s/1s86VuoHw4Jp8azCyxwgpqg,
迷失,215412,https://pan.baidu.com/s/1NvIctv-3BIUXEUj7luA7tQ,https://cloud.189.cn/t/VNRRz2U3MVnu
魔法气泡特趣思俄罗斯方块2,635874,https://pan.baidu.com/s/1iWMUbHHITk-H5PgHWHWQog,https://cloud.189.cn/t/eyyIbi7jaEZv
全面战争传奇：大不列颠王座,215447,https://pan.baidu.com/s/12AZOvtqWYI-ceTD8wwrLnA,https://cloud.189.cn/t/7ZVriaYR7ZRr
忍者龙剑传 西格玛,548777,https://pan.baidu.com/s/1Zmo14roIxOu7m1OHo5miQQ,https://cloud.189.cn/t/7fyIr2R73IV3
逃离塔科夫,236666旧密码656565.652899,https://pan.baidu.com/s/12H4Q3htnretRI9F0oZXDlA,https://cloud.189.cn/t/QzeMBfnYnANj
玩具熊的五夜后宫：安全漏洞,230222,https://pan.baidu.com/s/18ewjI0JgOevEDbY9uW7X4Q,https://cloud.189.cn/t/jMjIJvbEbmie
我的世界,564448,https://pan.baidu.com/s/1zhdvlY59NaVb1CkmWkb-aw,https://cloud.189.cn/t/zYBbmaJzQbEf
我的世界：地下城,362114,https://pan.baidu.com/s/1jEahuBCIzm1Yc4_WawkmHQ,https://cloud.189.cn/t/7jeURvIJjAry
新美妙世界,326665,https://pan.baidu.com/s/1wKp2en-0FN7rNgKPP54aPQ,https://cloud.189.cn/t/e6vm6fQ3iQZj
夏洛克 福尔摩斯 觉醒重制版,652111,https://pan.baidu.com/s/1gZU0bBS_5BYnCUGJsWv4SA,https://cloud.189.cn/t/RBNjqiyQnYnu
消逝的光芒 仇恨,325022,https://pan.baidu.com/s/1rgZ2RNYhlFpQeGQ6jL9KBg,https://cloud.189.cn/t/yqEfYbi26rmy
永恒之柱2：死亡之火,889659,https://pan.baidu.com/s/19oNZjJjfoSGhbaVjPOiDjw,https://cloud.189.cn/t/qQFRfuEnaY3u
永恒空间,225416,https://pan.baidu.com/s/1IkxLkyhz9-35NjPUNQUefA,
永恒空间2,256665,https://pan.baidu.com/s/1o4lAcZMXhn0Y3xL1_94GaQ,https://cloud.189.cn/t/AryeMfFnqyEn
幽灵诡计 幻影侦探,215477,https://pan.baidu.com/s/1o6hbSa4OIq1SWAJ1THuzwA,https://cloud.189.cn/t/fm6Z3in2e63i
勇者斗恶龙3重置版,633200,https://pan.baidu.com/s/12OHpuZhwu6YbpTQcq0Uvrw,https://cloud.189.cn/t/vIneMrny2ea2
战地2,587449,https://pan.baidu.com/s/1VbtRnacIXlITpfLu1vvnIw,
战争游戏：红龙,589994,https://pan.baidu.com/s/1aI8YfPw0zrmbWMXIBpc1zg,https://cloud.189.cn/t/ZjeI73FjyU3m
遨游中国2 内容少,215441,https://pan.baidu.com/s/1GbZihLOffjt8eRc0bm_iaw,https://cloud.189.cn/t/2e6nm2aq6j2m
遨游中国2 v1.20稳定版,326325,https://pan.baidu.com/s/11DDD7o7B-X147cVfT_B8_w,https://cloud.189.cn/t/VVjaQnRzQfem
遨游中国2 v1.20稳定版A,254887,https://pan.baidu.com/s/1B6tMKFMMq_HdomCC9Kl1XA,https://cloud.189.cn/t/ArUzQfZB3QVb
遨游中国2 v1.35限定版,254447,https://pan.baidu.com/s/1GTzJM6khH1h1jdIhp1m2dA,https://cloud.189.cn/t/qaYvqinIbAzm
奥日与鬼火意志,965874,https://pan.baidu.com/s/15v347SGv08SfLELT0nsitA,https://cloud.189.cn/t/NBzqAbieEjQj
A5001,256415旧密码487745,https://pan.baidu.com/s/1VZFWlV8OkAkyKPuYE2dzew,https://cloud.189.cn/t/B3Qru2YNBj6f
板球2024,325666,https://pan.baidu.com/s/12Igg1ns0nzR26BYoZTFuNA,https://cloud.189.cn/t/bQNNVbqUbEre
B3001,524998旧密码254963,https://pan.baidu.com/s/15vXTka5Ian1zertpjxI17w,https://cloud.189.cn/t/BrIbymV3MzYb
超级龙珠英雄：世界任务,254888,https://pan.baidu.com/s/1S1BvIcZZCv1aidHV1OGXBg,https://cloud.189.cn/t/F3IRZbbAJJ32
铲子骑士 无尽宝藏,365999,https://pan.baidu.com/s/1GtZg3MPf2UGd_n0aO4-AJg,https://cloud.189.cn/t/MvIBriqQZJFr
冲就完事模拟器,256332,https://pan.baidu.com/s/1_ivBHeuwvYlYNprKAn8phA,https://cloud.189.cn/t/Qveu2mEbi2yu
哆啦A梦：牧场物语,632554,https://pan.baidu.com/s/1AvgcGOjytHLrgVvS667NWQ,https://cloud.189.cn/t/M7JVva3meeui
渡神纪 芬尼斯崛起,256666,https://pan.baidu.com/s/1TEPR67OB2uPUySvWTPflrg,https://cloud.189.cn/t/Q3aUVnJN32ym
福尔摩斯：恶魔之女,587777,https://pan.baidu.com/s/1fTaNelQfSM5EElRxXR0K-g,
符文工房5,254444,https://pan.baidu.com/s/12wT72D2GZRlN_9-4kTFFiQ,https://cloud.189.cn/t/ARreUzn63m2q
疯狂连杀,251001,https://pan.baidu.com/s/1ZtIjSgdoa9musFASPvtAYA,https://cloud.189.cn/t/J7VfeiVziYBj
过山车之星,369863,https://pan.baidu.com/s/1dR4R7PVEJDbYuUbUJWPUgQ,https://cloud.189.cn/t/byIBNfr6rIVv
怪物猎人崛起 曙光,263335,https://pan.baidu.com/s/1-I4T7nDCtMOKR1PFI9d8qg,https://cloud.189.cn/t/rI3Inueai6Bv
GTFO,525554,https://pan.baidu.com/s/1I0-bSJo3RjVQJJquvsyirQ,https://cloud.189.cn/t/uMVRNr7Nne22
寒霜朋克,663259,https://pan.baidu.com/s/19bRl5UfrzR53IHVpByKQAg,https://cloud.189.cn/t/rQF3UjbamQZb
火影忍者：究极忍者风暴4,475889,https://pan.baidu.com/s/1pniK0cqBfor2NcX49OHxtg,https://cloud.189.cn/t/MRVr2ira6j22
皇家骑士团 重生,258996,https://pan.baidu.com/s/1Vf_6-Hmfhn5w4AlcmLnn7Q,https://cloud.189.cn/t/QB3eIrvQnei2
龙珠：超宇宙,587996,https://pan.baidu.com/s/11lhMovHi53Q90MCZHPeV-Q,https://cloud.189.cn/t/FF7BfuQnQzue
猎天使魔女2,326532,https://pan.baidu.com/s/1efFzlXpD1JSZg_bMqCG0XA,https://cloud.189.cn/t/EBJRNjInQfim
猎天使魔女,748778,https://pan.baidu.com/s/1TH1QoIUbQLUKBLR4KDZt3g,https://cloud.189.cn/t/BVNjuyvuEf6z
猎天使魔女3,326333,https://pan.baidu.com/s/1jhGrhL8YueYvsk7ZFL3eIw,https://cloud.189.cn/t/BV7zqy3Mvyuu
来自深渊 朝向黑暗的双星,365998,https://pan.baidu.com/s/1FxmLfQ2h3AhIXg1LWwPnag,https://cloud.189.cn/t/mARr6znmMbEn
炼金工房：苏菲的炼金工房 不可思议书的炼金术士 DX,546887,https://pan.baidu.com/s/10hCp1G2sEDdpYbkNt80wDw,https://cloud.189.cn/t/NZjIV3EVRVZ3
魔咒之地,250333,https://pan.baidu.com/s/1rb9-MI63IaEaCMVOmCWg9Q,https://cloud.189.cn/t/2InaMj67RVNj
骑士精神2,265559,https://pan.baidu.com/s/1XPbrygmsfXku5wBFgoyZbQ,https://cloud.189.cn/t/7bEn2iAjiYVv
杀手6,214556,https://pan.baidu.com/s/1_uWtku7sAs2KsqrUEdmYmQ,https://cloud.189.cn/t/F3uMfeq2MJNb
杀戮尖塔,326665,https://pan.baidu.com/s/1c_WqtQNevSYHkaBrv7m76A,https://cloud.189.cn/t/YnQniiqEbMfu
圣战群英传：解放,201952,https://pan.baidu.com/s/1-IMDcvNM5YxYdzjchjJ5PQ,https://cloud.189.cn/t/VRjiInjEjeQr
收获之星,365222,https://pan.baidu.com/s/1x6rWuXr6ha3St87jpOhdbA,https://cloud.189.cn/t/EZ7jMzENFRbe
世界摩托大奖赛24,625455,https://pan.baidu.com/s/1yJ9IS26SnaqBnrsUXCxjGQ,https://cloud.189.cn/t/2ei6bqfQfUzu
沙漠大冒险,654212,https://pan.baidu.com/s/1o9bchY47sjJYf3lEy7Qpgw,https://cloud.189.cn/t/rIF7jamiEfq2
天穗之咲稻姬,363323,https://pan.baidu.com/s/1fCWK-9F_zT0Rpmd9O17SQQ,https://cloud.189.cn/t/YjqIjmEr2Qra
突变元年：伊甸园之路,566699,https://pan.baidu.com/s/1Z5HXy5DquWgirrVR62jlKA,https://cloud.189.cn/t/uiMBVfBRFRzy
贪婪之秋,632547,https://pan.baidu.com/s/1qFb7Ze-VRHopRa5Wv5Sq2w,https://cloud.189.cn/t/qQJfUrNRvEBr
团队索尼克赛车,359663,https://pan.baidu.com/s/1el5XhnwgXePVo9wmk6mFVA,
铁路帝国,124554,https://pan.baidu.com/s/1i1CayCb2yd_mcNZxE7b-Ig,https://cloud.189.cn/t/fyaeUvIreMr2
Voyage,325411,https://pan.baidu.com/s/1wH1E1ZX7anhd3SAOR6L6Ng,
物质世界,326666,https://pan.baidu.com/s/12BYL1WC6O0Tc9aCXEgJzkg,https://cloud.189.cn/t/RvQbMbumABZz
侠盗猎车手3重制版,652255,https://pan.baidu.com/s/1fGu1tnclx9pkzanTieF-xw,https://cloud.189.cn/t/U7NNN3YjAzau
英雄传说：零之轨迹改,635587,https://pan.baidu.com/s/1Piv1eA6zYM42R8bP3AZraA,https://cloud.189.cn/t/u6VFvaJFZb6b
月姬格斗：Type Lumina,215423,https://pan.baidu.com/s/1YPGKKk-C9PUiPVTcrUiBaQ,https://cloud.189.cn/t/IruI3emimiQ3
幽港迷城,663323,https://pan.baidu.com/s/1vLWLPzIzKlYYfYYtdKtsuA,https://cloud.189.cn/t/RFB7zyyA7Fjm
伊拉图斯：死之主,854778,https://pan.baidu.com/s/1hA_Z98wdDyGUmFrJyAeflA,https://cloud.189.cn/t/J3UNvmZjaE3m
勇气默示录2,748556,https://pan.baidu.com/s/1HBnPPymafayNrAXC0Zo3jw,https://cloud.189.cn/t/Afyuaq2QRVfy
勇者斗恶龙 创世小玩家 阿雷夫加尔德复兴记,352144,https://pan.baidu.com/s/1LiVzucRSiBsEbCeRghBA-w,https://cloud.189.cn/t/2EBF73iAVFfy
影子武士,547885,https://pan.baidu.com/s/1gm5xU55SjFz_IAAo7TBFew,
英雄萨姆4,587774,https://pan.baidu.com/s/16m6nctQlCK4M7N9VkLKN8A,https://cloud.189.cn/t/eE7FRjZZNRBb
远征军：罗马,215448,https://pan.baidu.com/s/19lPurxfvJAgIO-Q1j7SxTQ,https://cloud.189.cn/t/rIBjmeaU7Zvu
亚利桑那阳光2,623555,https://pan.baidu.com/s/1nVAmaSOB7Dn5QbbL5tly4w,https://cloud.189.cn/t/n6BZNrBBNF7r
Y3013,548887,https://pan.baidu.com/s/158c3uLl_3agibzPIZBnnQQ,https://cloud.189.cn/t/y6JjaqFbQvm2
重金属 地狱歌手,658887,https://pan.baidu.com/s/1m8VQrvZKQ8W2aFfb5hh4ZA,https://cloud.189.cn/t/q6z6J3MbiI7z
战争召唤,365558,https://pan.baidu.com/s/1xHG_FDl1iSDZjhz-gLX8Bg,https://cloud.189.cn/t/za26VrNvYzYn
终焉之莉莉 骑士寂夜,254855,https://pan.baidu.com/s/1yDqzOVVjCgSBkeAPegqdYQ,https://cloud.189.cn/t/zm2Mn2vQRFnq
Z3001,356448,https://pan.baidu.com/s/1v1YikLhdr_GMKzoQ91nOYQ,https://cloud.189.cn/t/6R77rmiIfmQv
艾迪芬奇的记忆,635999,https://pan.baidu.com/s/10rXKxw_RQGn8dvLzdD6uyw,https://cloud.189.cn/t/yeyUre73IR7r
暗黑破坏神2：毁灭之王v1.14d,215445,https://pan.baidu.com/s/1aT8FVY7oE2eje-QTUIN8Aw,https://cloud.189.cn/t/INNZfaneyQrq
暗黑破坏神2 v1.13c,632654,https://pan.baidu.com/s/1ImnzQVGRmKjJWDSsiW2JTw,https://cloud.189.cn/t/rUz2AjZbQRnu
蝙蝠侠之阿卡姆疯人院年度版,254887,https://pan.baidu.com/s/1QsWe6KELj05m4r8k0EziTQ,https://cloud.189.cn/t/NryiymyAJvay
Baldr Sky,652114,https://pan.baidu.com/s/1iYjobmk9heDfOnkTXaolSA,
被遗忘的我们,254663,https://pan.baidu.com/s/1xx-eVTsZ5htCGT3C9zXdQg,https://cloud.189.cn/t/aYfaqey636fq
尘埃4,587441,https://pan.baidu.com/s/1BCi8PA_omQxzLVfXCip4Uw,https://cloud.189.cn/t/mYn6zqBNnaay
超级情圣3,365214,https://pan.baidu.com/s/1lyz7UmC5CL95SRoNf95XMA,https://cloud.189.cn/t/f6rIzm3eqEZj
超级机器人大战V,854447,https://pan.baidu.com/s/1O30f_RiA4p7OJHMW1GiiMg,https://cloud.189.cn/t/MrQFbevqmI7b
电脑装机模拟器,254132,https://pan.baidu.com/s/1n2s9ac2GxUOmVX_7vM9SAA,https://cloud.189.cn/t/F3euQfb2M3em
刀剑神域：彼岸游境,654778,https://pan.baidu.com/s/10_m27-XJseQKOqKRHx6cGw,https://cloud.189.cn/t/VRRj6faYfima
德军总部：新秩序,326666,https://pan.baidu.com/s/1QqtdjXA5lK7eOt92IUvxkw,https://cloud.189.cn/t/rYneMvERFb6z
蒂德莉特的奇境冒险,587779,https://pan.baidu.com/s/1DqR1P8QEJj9bjCDg-Wud9Q,https://cloud.189.cn/t/jUbeQn2uEJjm
ELEX,564887,https://pan.baidu.com/s/1-UC2myryQqbW6gtRgRF9wA,https://cloud.189.cn/t/eIZZfaaYJ3Mj
ELEX II,215445,https://pan.baidu.com/s/1N2dBqSteieM-EMwyhqORIA,https://cloud.189.cn/t/3iyyyeF7JBJ3
腐烂国度2巨霸版,154778,https://pan.baidu.com/s/1yEKZWlRSlPTF0IDnjhG-1w,https://cloud.189.cn/t/VfUjYrvIJrU3
GTA4侠盗猎车手4纯净版,685215,https://pan.baidu.com/s/1PF56HCT5SmjjUooxb62YNw,https://cloud.189.cn/t/yMNb6nBZBNne
古剑奇谭,254778,https://pan.baidu.com/s/1Vdcl-TDYvS1hnMR5YDZ6Vw,
古剑奇谭2,587447,https://pan.baidu.com/s/17Q89Se8dNN9AJFWEVXBzsQ,
G3011,258997,https://pan.baidu.com/s/1WOEreNEsUnAOkveamu1myw,https://cloud.189.cn/t/bURbUbyUz63a
火影忍者：究极忍者风暴3完全爆发HD经典传承遗产版,587445,https://pan.baidu.com/s/1Ud9ThAMExnZiu6RvX4M2wQ,https://cloud.189.cn/t/3yaui2Nfy2y2
火影忍者：究极忍者风暴革命,748889,https://pan.baidu.com/s/1D75mViacgWcce-7XfXAsyA,https://cloud.189.cn/t/Y7N7nqUj2MZb
合金装备 大师合集Vol.1,325666,https://pan.baidu.com/s/1r3WIKlmNeSTfJy_kmmX3yg,https://cloud.189.cn/t/EJjmaiU7jqqu
黑暗欺骗,655448,https://pan.baidu.com/s/177GFYLzExUS-T7dbsmreuQ,https://cloud.189.cn/t/iaMfM3YVNFnm
黑山 起源,5628882,https://pan.baidu.com/s/1HuRgOlQ_eIqH7c80ilKwhg,https://cloud.189.cn/t/Y7VvEbvArEfi
僵尸部队三部曲合集,364887,https://pan.baidu.com/s/1Jbiy43CKHSBOIekYvRZyZQ,https://cloud.189.cn/t/UvArMbAbqYni
极限竞速：地平线3,"=""000000""",https://pan.baidu.com/s/11l1Vthxw2SBmO_h0n5oNaw,
精灵宝可梦 朱 紫,215478,https://pan.baidu.com/s/1wycg4ok1jRmzcTHpq7v43Q,https://cloud.189.cn/t/imyYbieUzAre
极限竞速 赛车运动,302111,https://pan.baidu.com/s/1xxdZb-cgBV-LR0KglcC_iw,https://cloud.189.cn/t/NBfMV3ZvIfuy
狂怒2,874115,https://pan.baidu.com/s/1lj8yCErbxg8EcDUhX7aXzQ,https://cloud.189.cn/t/MVFfiqvQvMNb
口袋妖怪剑盾,354789,https://pan.baidu.com/s/1Sx8lHGVjTiae0AA-w9evOg,https://cloud.189.cn/t/eqq6JjVRn2am
罗马：全面战争重制版,254888,https://pan.baidu.com/s/1MXInp78LIVz3uAs1ipJkyw,https://cloud.189.cn/t/eMNFjarqaANz
龙腾世纪2,759664,https://pan.baidu.com/s/1kpwM52E-RL-JeDPfXJY2HQ,https://cloud.189.cn/t/NFbQfiFjeUnm
洛克人11,546666,https://pan.baidu.com/s/1_8LTE9FmItMmumx4u3AywA,https://cloud.189.cn/t/f673ua2MFBri
莱莎的炼金工房 常暗女王与秘密藏身处,564777,https://pan.baidu.com/s/1RYVnNvF62G1Y6k80Q3TOfw,https://cloud.189.cn/t/ZrqInqjU7r2q
炼金工房 黄昏之炼金术士三部曲 DX,651749,https://pan.baidu.com/s/1FM7_RI99UwwkWj6fLM-8Kg,https://cloud.189.cn/t/eMnMveyIJvma
蓝色反射：幻舞少女之剑,652336,https://pan.baidu.com/s/16ELrn_NC4i6Dj0jh2AmfnQ,https://cloud.189.cn/t/zaiEjqNfYNJn
灵异视界 本所七不思議,547555,https://pan.baidu.com/s/1fK1I1JrrdbLpqHYd2w-GBQ,https://cloud.189.cn/t/yEjI7jr6riQv
灵视异闻 FILE23 本所七大不可思议,545222,https://pan.baidu.com/s/13qGF36_GuhgLVyeBWn2C7w,https://cloud.189.cn/t/AZjaAbnaee6v
迷失森林,548741,https://pan.baidu.com/s/1FGIA4dp1TwDDdJaG1JoIpA,https://cloud.189.cn/t/aquiE3ame263
模拟火车2019,215888,https://pan.baidu.com/s/1S8H65_JEUlTtv69JIJlgeA,https://cloud.189.cn/t/RjmYja3u2eue
模拟火车2022,354448,https://pan.baidu.com/s/1Lrs4SGH47ToeRYfxzfW3tA,https://cloud.189.cn/t/vYva2qimqIni
模拟城市5未来之城,548775,https://pan.baidu.com/s/1z2ukwmI_W2iHOynWPtAmEg,https://cloud.189.cn/t/ue6VJrrM77zy
马克思佩恩3,323332,https://pan.baidu.com/s/17TXMavf8weyTQ2FT-L4CbA,https://cloud.189.cn/t/uMfMrymU73Uj
命运石之门0,654888,https://pan.baidu.com/s/1rNhbATi1cQQsNTA94hKrmA,https://cloud.189.cn/t/A3MJVzIjUVje
蔑视,326333,https://pan.baidu.com/s/1rAp4YcIZqn9Pl8j8OFaX-g,https://cloud.189.cn/t/uuMz2y3Ejii2
你好邻居,548777,https://pan.baidu.com/s/1J8TKUKxuUQVvz7eJLi8f4g,https://cloud.189.cn/t/uMV7F3ABf2En
偶像大师：璀璨之季,236554,https://pan.baidu.com/s/1hKxqz94lUqPO8dyGZGYV5g,https://cloud.189.cn/t/ENfuayAz6nEn
奇异小队,632547,https://pan.baidu.com/s/1M-HtE8X0mqHAa-nSsRRQ9g,https://cloud.189.cn/t/MF3UBb3MJFBb
全面战争模拟器,215444,https://pan.baidu.com/s/1lR_f_ZVsoXl1ohrL7aRpoQ,https://cloud.189.cn/t/euIvmyviQjMv
奇迹时代3,236558,https://pan.baidu.com/s/1oJVP20YiH99Jij9884tePw,https://cloud.189.cn/t/mQRVB3yMN3Qf
Q5002,263554旧密码144785,https://pan.baidu.com/s/1TU_nH-3BxFtwaXOSiRPjkw,https://cloud.189.cn/t/Iz26jqeeEzIz
Re从零开始的异世界生活 虚假的王选候补,254998,https://pan.baidu.com/s/1J30N8WDz0ABEaiPNH83EwQ,
人见人爱的块魂 安可 国王大人的小小回忆,215033,https://pan.baidu.com/s/1Ikat05JoFTzG0RmfjtkAOw,https://cloud.189.cn/t/3IfYruqqyIvi
生化危机0高清版,215444,https://pan.baidu.com/s/1Okgvk9-Cc15K4mF8qUnAgw,https://cloud.189.cn/t/QZ3aYbiUrQBb
使命召唤14：二战,325494,https://pan.baidu.com/s/1hG-Q9fAY1mQhRiCHsy0WWw,https://cloud.189.cn/t/6rAjyuiUzEBr
丧尸围城3：天启版,658774,https://pan.baidu.com/s/1NuJOgl4kU_SnCS9jAEY6Kw,
上古卷轴5少女MOD180G,521447,https://pan.baidu.com/s/1TcEZb2y0Q4-AlHVYbtpopg,https://cloud.189.cn/t/UFVRRj7vuQRj
上古卷轴5：轮回之歌,256664,https://pan.baidu.com/s/1EHAmypr5irprPMtiHxHWhQ,https://cloud.189.cn/t/vY3qIbYNvmea
神界3原罪,365221,https://pan.baidu.com/s/1H_w4hxoIDcQj4zokA_cLJQ,https://cloud.189.cn/t/r6ZrMbNVfUrm
史诗战争模拟器,663225,https://pan.baidu.com/s/1od0TAyLqkIu2OkKZQZeTtw,https://cloud.189.cn/t/Af2YNffQNFfe
死或生5：最后一战,785216,https://pan.baidu.com/s/1KzSOdtqvs_qa-C7yXR8Nlg,
时空勇士重置版,632541,https://pan.baidu.com/s/1AsHh1pB6p9SZcvYzBOLCIQ,https://cloud.189.cn/t/j2qqIrvIBZ7b
三位一体4：梦魇王子,215558,https://pan.baidu.com/s/1e2FF_ZeEHuzHO2_Fv_61ug,https://cloud.189.cn/t/BbA3MjEfm6fi
数码宝贝物语：网路侦探骇客追忆,625554,https://pan.baidu.com/s/1haa9448-b98t0xJRyPW3aA,https://cloud.189.cn/t/ZfQ3uqbqAnM3
苏打地牢2,789555,https://pan.baidu.com/s/1jG0WhipuMFZpXL4tAxZfGw,https://cloud.189.cn/t/YNZZvyNJFJFv
索拉斯塔：法师之冠,562221,https://pan.baidu.com/s/1A47OnURgRuwCJ8To9RrLjw,https://cloud.189.cn/t/Fby6VvUZJ3Qr
苏军游击队1941,352666,https://pan.baidu.com/s/1oAK9x-sMyjl8AirAO_qsmw,https://cloud.189.cn/t/Bryy6rviaUZf
S3002,548362,https://pan.baidu.com/s/1WNDTfIkP5T9y2Ibi68sKdQ,https://cloud.189.cn/t/3uQVZfvuqEnu
讨鬼传2,365224,https://pan.baidu.com/s/1s3V4N3DnQoLrvOzdp8jbHQ,https://cloud.189.cn/t/EFRNJbmER7J3
脱逃者2,647887,https://pan.baidu.com/s/1v4nRa8SpE99kIo-3O5uqdg,https://cloud.189.cn/t/qYJj2q2Uf2Qj
脱逃者,326333,https://pan.baidu.com/s/1TGQfLWPFfm6IcfzHBNUykA,https://cloud.189.cn/t/I3EnUzJ3iYNb
恸哭奇机,253002,https://pan.baidu.com/s/1gj7HsiLfkq1xDgDGrb5NKQ,https://cloud.189.cn/t/AVNZnqe2Ibeq
塔罗斯的法则2,215423,https://pan.baidu.com/s/1FEyt7rxPmxJMsSCHofpVgQ,https://cloud.189.cn/t/BFzummUNfAf2
T5009,254887,https://pan.baidu.com/s/1oy0GvTESG9ZCL7MscGa9rw,https://cloud.189.cn/t/7riUzqQJruqi
巫师 导演剪辑增强版,658999,https://pan.baidu.com/s/1lSZ9GNd2cJlYZ4H9NghA6Q,https://cloud.189.cn/t/jUJjUvIFRriu
WWE 2K23,214777,https://pan.baidu.com/s/16QwWJgaIcteMyYxqKF1Pqw,https://cloud.189.cn/t/UFzEZjzMJRBf
五等分的新娘 与你一起度过的五个回忆,258655,https://pan.baidu.com/s/1ZPDaL9Hpq5EberykgZoeQA,https://cloud.189.cn/t/yQ3yAz6Nf2If
旋转轮胎,326666,https://pan.baidu.com/s/1s8h-k68JxuoHz8mplgAhcQ,https://cloud.189.cn/t/YNZBvuQRra6n
小魔女学园：时空魔法与七大不可思议,698547,https://pan.baidu.com/s/1_vkyavRmuvYJq12iDlxVpg,https://cloud.189.cn/t/vEJBRrNv6jmm
小偷模拟器,546666,https://pan.baidu.com/s/1wdFEI7n02MQ_Lu5s4Jjh5Q,https://cloud.189.cn/t/YbeU73veaQNv
血腥剑斗,365214,https://pan.baidu.com/s/1Odpdfry8V4Bwqyaft-V7Kw,https://cloud.189.cn/t/NVrq22Z7J7ru
星际拓荒,326554,https://pan.baidu.com/s/1MLSuOQ2K3mXCGhW6FQXwFw,https://cloud.189.cn/t/RVJrYzBj6NRj
虚实之间：军团崛起,658745,https://pan.baidu.com/s/1-SI2iBJyykgkMsKBVm7IOw,
X3004,254887,https://pan.baidu.com/s/1wmEymYuIsykmbWGIuXEsCA,https://cloud.189.cn/t/Yza6FfYZN3em
X5010,365221,https://pan.baidu.com/s/10eErvScAKY0Pyr0MuNeSNQ,https://cloud.189.cn/t/QJBbiqAJRbUn
X5015,215663,https://pan.baidu.com/s/1XOhtDeQ46-RDDGyHClHg6g,https://cloud.189.cn/t/RfQB7zMN7Bju
亿万僵尸军团,252541,https://pan.baidu.com/s/1fAYmlP-Ot3DM9uR6D6RZFw,https://cloud.189.cn/t/UFNnaiaeeeQ3
英雄传说：创之轨迹,215478,https://pan.baidu.com/s/1N6OuAP4oWhMSK2S3hXuiJA,https://cloud.189.cn/t/uYR3EfFnMFzm
100%鲜橙汁,748555,https://pan.baidu.com/s/1XBK4FiYAT0H_UC0RxWRmkQ,https://cloud.189.cn/t/JfUBriYzIV7f
异形 火力精英,201114,https://pan.baidu.com/s/1Vd58wTFoUuyt3xMFtKXsbw,https://cloud.189.cn/t/VBF7nurAVV32
妖精的尾巴,792584,https://pan.baidu.com/s/1hIGe23OV4cQEwHcc6uQA6g,https://cloud.189.cn/t/umqUBnj6FRNz
亚瑟王：骑士传说,325554,https://pan.baidu.com/s/1cmadxOOZ6lXgW1WaTCvaTg,https://cloud.189.cn/t/VfERFzeUjuMj
影子武士2,356666,https://pan.baidu.com/s/1TUkgGybYlOnUqEVX6PyKOQ,
妖精的尾巴2,325600,https://pan.baidu.com/s/1DQNvc2mUJlsY1GmGC03_Pg,https://cloud.189.cn/t/NRfeUzJryi6r
Y3015,586663,https://pan.baidu.com/s/1cA566wTXZikxaP6OYZZDCg,https://cloud.189.cn/t/jYfeAn3y22y2
Y5009,256664,https://pan.baidu.com/s/1IMB3OTJPwQAEe-ImhhEZzw,https://cloud.189.cn/t/INJJj2aueInu
最终幻想9,784447,https://pan.baidu.com/s/1AFFcseux2TJkY2UIbe425A,https://cloud.189.cn/t/Iz6RRjbaeYfe
战国无双 真田丸,632221,https://pan.baidu.com/s/1j7IXuZGpbTsXS3qdehV44Q,https://cloud.189.cn/t/qIbUnuj26FJj
折磨x惩罚者,357889,https://pan.baidu.com/s/1KpPW4dh2iJZmoYzuiRF0Eg,
奥伯拉丁的回归,369744,https://pan.baidu.com/s/1_kTmWIxVaIzT7G3G5yVvxw,https://cloud.189.cn/t/eqQJvqmIJRji
百战天虫：战争武器,963236,https://pan.baidu.com/s/18WfnrgitIGkCL9eIqkUYcw,https://cloud.189.cn/t/BRVfai6FRvyu
布兰博 山丘之王,256444,https://pan.baidu.com/s/1VdJCZxXcOH7hzgB8DDxMaA,https://cloud.189.cn/t/yiem6zfM3uMz
Balatro,546333,https://pan.baidu.com/s/1D2houFRalPPeRRZslAyvqw,https://cloud.189.cn/t/ueUrAbBvQVRf
班德尔城物语 英雄联盟外传,587433,https://pan.baidu.com/s/17S3O3yFLJXSCYp82-IfzSg,https://cloud.189.cn/t/JV36ZzVjM3am
百万吨级武藏W WIRED,254885,https://pan.baidu.com/s/15m3AM3o5luk2vqtV8cV-MA,https://cloud.189.cn/t/JvuQFbZFzi2q
尘埃拉力赛1,256444,https://pan.baidu.com/s/1cF7p2kJ87RTS_QvAIsh8HQ,
尘埃拉力赛2.0,548777,https://pan.baidu.com/s/1eDPAWcDv9r65h8hUHn2P6Q,
尘封大陆,148854,https://pan.baidu.com/s/1yX5kB3sou1U6DMQ9H4JHxw,https://cloud.189.cn/t/3eY3YzZFvaqu
吃豆人吃遍世界,326665,https://pan.baidu.com/s/17RiiCncYnGNfRbmgAZl2eQ,https://cloud.189.cn/t/uiQBZfFr6BJb
超级弹丸论破2 再见了绝望学园,256664,https://pan.baidu.com/s/1S629sFRU93v0GCKq44CIzA,https://cloud.189.cn/t/iAFvqaVfuiuq
哆啦A梦牧场物语 自然王国与和乐家人,652221,https://pan.baidu.com/s/1R7feppixuSzPNTCx4rHI3Q,https://cloud.189.cn/t/JvEzIveQ7j6r
达贡 致洛夫克拉夫特,385477,https://pan.baidu.com/s/1PQxplbfoWaxfBwKJCwfAOQ,https://cloud.189.cn/t/vMn6FbRJRb2a
动物之井,251021,https://pan.baidu.com/s/10R16hgvqVx7tYFgZsB9cBQ,https://cloud.189.cn/t/32QBbqRRrIVj
疯狂麦克斯,632669,https://pan.baidu.com/s/1NC76iCwo76LQoJ1zbbpw3A,https://cloud.189.cn/t/MZ3Ybqrueqey
光明之响：龙奏回音,668749,https://pan.baidu.com/s/1CWkh3RHLaEmb3qvKNH32iA,https://cloud.189.cn/t/3IVNnqnauUZv
归途列车,215331,https://pan.baidu.com/s/18eSXqEgDNLz5Mna-YL8GiA,https://cloud.189.cn/t/AfMvQzqAnEvu
火炬之光2典藏版,569745,https://pan.baidu.com/s/19LqYrHYjz2WqWxE25b1pmA,
火炬之光3,574855,https://pan.baidu.com/s/1TVDm1czJ_n7KOCR_tcB8bA,https://cloud.189.cn/t/ERZBbuAVjuAr
黑相集：棉兰号,874558,https://pan.baidu.com/s/1B1boJemoGdlsOsoLqROISw,https://cloud.189.cn/t/3qU3Q3VnuEJb
黑相集：棉兰号 A,215447,https://pan.baidu.com/s/1qLlg2X0OdHuedqWZ4epTkw,https://cloud.189.cn/t/m2MjUjaAZBNn
黑相集 心中魔,254887,https://pan.baidu.com/s/1jgsox8yW9otw7YEu4QVZdQ,https://cloud.189.cn/t/UbeAVrnAF3Ir
红怪,632778,https://pan.baidu.com/s/1DuKxFytuyaN4PjPC047-mQ,https://cloud.189.cn/t/m6Vn2eRfAvi2
黑色五叶草 四重奏骑士,587999,https://pan.baidu.com/s/1pZB6ykWMIWLCF-4Q9MYucw,https://cloud.189.cn/t/EbiEraIzIrau
幻日夜羽 湛海耀光,215444,https://pan.baidu.com/s/163JBTKr9jJ1WD1jBEPXEmQ,https://cloud.189.cn/t/ruIN7jziiIFv
狙击手：幽灵战士契约,215445,https://pan.baidu.com/s/1IWVpkIOB6IPe0nFeFCNsiA,https://cloud.189.cn/t/UBreEnueuQnq
机甲战魔 版本A,874559,https://pan.baidu.com/s/1gFsnT6U0TUqeheL-aZlDMQ,https://cloud.189.cn/t/Z3uI7jz263Ij
机甲战魔,365232,https://pan.baidu.com/s/1M7xsQNtgfWTQmVQerU30tg,https://cloud.189.cn/t/6Zz2Ebi6RrIn
家园 卡拉克沙漠,326665,https://pan.baidu.com/s/1N7_gmq2URW6M_IIJ_c-VVQ,https://cloud.189.cn/t/IzYvEzy2IJre
凯瑟琳：经典版,256664,https://pan.baidu.com/s/1h6JvzWEftqpizJlSUfgHBw,
看火人,698547,https://pan.baidu.com/s/1D6fGpic9f_pjCZXr2fUuIw,https://cloud.189.cn/t/Ufa6ZrUbIBBn
克苏鲁异闻录2,214888,https://pan.baidu.com/s/174zD2_77KZgcd0_aMSQ6Mw,https://cloud.189.cn/t/n6nu6bb6b6Bn
乐高DC超级反派,332653,https://pan.baidu.com/s/1tQhGsXj7KQ62S-E0-O0Jww,https://cloud.189.cn/t/YBvYFnVB7fmm
僚机计划,655895,https://pan.baidu.com/s/1_uzWp6PfNxxxxtQjac1k9g,https://cloud.189.cn/t/MVNNVjuY7vee
L5001,587774,https://pan.baidu.com/s/15RnfJEsojY-4axtQMY3Y9Q,https://cloud.189.cn/t/NNzmmiB3Avya
魔兽世界110级单机版,215666,https://pan.baidu.com/s/1HuAdISTvEaD1hfJjk3QLeQ,https://cloud.189.cn/t/u2ErUjZR7v2i
魔兽世界120级单机版,254666,https://pan.baidu.com/s/1SK4jEQcWXbTMOqZW8_yP1Q,https://cloud.189.cn/t/QNZNVzaeY3ye
魔兽世界80级单机版,569874,https://pan.baidu.com/s/1qZF9332Z9JWE3wB8AZzYgA,
魔兽世界60级单机版,"=""000000""",https://pan.baidu.com/s/1y2OIXE82hKWNBqJ89mgOhA,
魔兽世界90级单机版,256664,https://pan.baidu.com/s/1wqArP-G_I2heohY6aRADUw,https://cloud.189.cn/t/ruMB3iQNzMfe
曼岛TT 边缘竞速 合集,215447,https://pan.baidu.com/s/1Lf3Ng-W95_9kw3ZihBCkqw,https://cloud.189.cn/t/niquuqaIBv2y
木筏生存局域网联机版,259473,https://pan.baidu.com/s/1Jps2l7W6-VtRSl6_13Zy2g,https://cloud.189.cn/t/2mmMnmQ7RfIb
魔兽争霸3：冰封王座合集,336522,https://pan.baidu.com/s/1qpfA1cbdVr2u4grl74rqyA,https://cloud.189.cn/t/FBjumyr6ZJna
魔兽争霸3：重制版,584441,https://pan.baidu.com/s/1ewvntJB85ILe8QRc5LSe3g,https://cloud.189.cn/t/qaMnemIfaaQr
魔卡地下城,165221,https://pan.baidu.com/s/13fz2qRlTnBsR9OSs9sxhqg,https://cloud.189.cn/t/2Ar2Ef7RfEVz
玛莉的炼金工房Remake萨尔布鲁克的炼金术士,215448,https://pan.baidu.com/s/1acCfz93hGnVeljbX9xT7XA,https://cloud.189.cn/t/nEnqQrbAvQnm
魔兽争霸1 重制版,652555,https://pan.baidu.com/s/1Exk34sYi3cpTuFwOxhSwEw,https://cloud.189.cn/t/ymqaI3ZZFR3u
魔兽争霸2 重制版,326222,https://pan.baidu.com/s/11LgTrqPZTZqJ_KqQiQ6iUA,https://cloud.189.cn/t/2YzaiuqqEFve
M5017,215330,https://pan.baidu.com/s/1fvGdJdRbkHj1Gvr6yXwC_A,https://cloud.189.cn/t/ay6Z3euaANze
你和她和她的恋爱,322232,https://pan.baidu.com/s/1r_PRvySxqnBg40QTtEcdPQ,https://cloud.189.cn/t/AJ77naBFZbau
匿名代码,141221,https://pan.baidu.com/s/1K62RnDwWob_HPJuf9zW1XQ,https://cloud.189.cn/t/2QZ3qifieIBr
涅克罗蒙达：赏金猎人,254447,https://pan.baidu.com/s/1dDhokMlkgTA111i7BtWVIg,https://cloud.189.cn/t/Y36ne2FNFjAr
OPUS龙脉常歌,236666,https://pan.baidu.com/s/1unym1ubuUqWR9OfPxHThSQ,https://cloud.189.cn/t/aqA3UjVJRVJj
欧米茄工匠,958744,https://pan.baidu.com/s/1ECl0eBXV2FCMX1odji77cg,https://cloud.189.cn/t/yiMrYrBv2YFn
破败王者：英雄联盟传奇,548888,https://pan.baidu.com/s/1gw3SS3QDJrhrUvhQ4So0UA,https://cloud.189.cn/t/2amUFrjYVVFz
汽车修理工模拟2018,874888,https://pan.baidu.com/s/1w1EkMDEofj7i3adGiQ05rQ,https://cloud.189.cn/t/nYNFjujiYvyu
奇迹时代：星陨,789665,https://pan.baidu.com/s/1Bq1LtredprVgF2N33qN6PQ,https://cloud.189.cn/t/rm6f2m2uuMRv
千变的迷宫 风来的希炼6 蛇蜷岛探险谭,563101,https://cloud.189.cn/t/VrIbyaZ7F3Uv,https://cloud.189.cn/t/VrIbyaZ7F3Uv
如龙4重制版,254117,https://pan.baidu.com/s/14aIV_1KwjAgJLbjwuUAF5A,https://cloud.189.cn/t/f6J3airaYbii
Roboquest,321887,https://pan.baidu.com/s/1Hj4MTZ69kLFnJQu6cZQFlA,https://cloud.189.cn/t/26F7nu7VRjqu
沙丘：香料战争,236665,https://pan.baidu.com/s/15EtNfVvaS0joOZBjyiYeWg,https://cloud.189.cn/t/6nmAjmRJNj6z
世界树的迷宫,152116,https://pan.baidu.com/s/1B0vOCqgZWg3bXCSLpXw-qA,
世界摩托大奖赛22,254114,https://pan.baidu.com/s/1uxmrrGww5WfbtQvawMnHCg,https://cloud.189.cn/t/fyu2Iv63MjMr
世界摩托大奖赛23,320154,https://pan.baidu.com/s/1E5KJq6Lf8mxXojEtsZuaPw,https://cloud.189.cn/t/y67FfuFb2que
杀死公主,215022,https://pan.baidu.com/s/1HfC4Fss6-GxCGf-PQDxhKA,https://cloud.189.cn/t/Y32Ajumu2mmi
深夏时光 二十世纪的暑假,212333,https://pan.baidu.com/s/1yfR-tOMF2kJxsj8EaLbFSQ,https://cloud.189.cn/t/mEVnauyIfi6r
赛马娘Pretty Derby热血喧闹大感谢祭,321222,https://pan.baidu.com/s/1ds1F9miz__xaHsfJXP2fxA,https://cloud.189.cn/t/3ABVN3a2emEb
S3016,"=""033325""",https://pan.baidu.com/s/1qB6FO03CCnuEfX3AdzNOFg,https://cloud.189.cn/t/YZnA7bumUzQz
S3019,635554,https://pan.baidu.com/s/1-S1gkk1Z1FW0eBDzDQs8oQ,https://cloud.189.cn/t/7Zr6BrMRfiu2
逃生2,221541,https://pan.baidu.com/s/1GN9B7q9SwmaevQOtiEf2og,https://cloud.189.cn/t/2Qz6j2EBFZne
武装原型,365888,https://pan.baidu.com/s/1_YZwKShtWVFEubRwot_30w,https://cloud.189.cn/t/V3qyMvJZF3Mr
玩具熊的五夜后宫：需要帮助,748558,https://pan.baidu.com/s/1dfo7RMY7D2F-Wc_JMutmRg,https://cloud.189.cn/t/EJZvueZZZZRf
王国之心2.8 终章高清版,320221,https://pan.baidu.com/s/182r5y2FWh1fYa80lDW19wg,https://cloud.189.cn/t/EFfm2amEZn6r
我的世界 传奇,254889,https://pan.baidu.com/s/179lMA56hvCqOr2pKE6Y6zg,https://cloud.189.cn/t/ueMrmee6VFby
玩具熊的五夜后宫 求救2,254888,https://pan.baidu.com/s/1A6AnPJvw8XOeKShKm2K3uQ,https://cloud.189.cn/t/zIVBberAf6Fr
星际争霸重制版,158745,https://pan.baidu.com/s/1Lk5gQkdu1kR7R8bzyreVFQ,https://cloud.189.cn/t/VZfYRzjqI7j2
星际争霸1母巢之战,"=""000000""",https://pan.baidu.com/s/10-S3E_B194-L-EAHbrQKng,https://cloud.189.cn/t/e2aqqueEjAzq
小魔女诺贝塔,324665,https://pan.baidu.com/s/1MfHPoFgo7yrrGKK267w_WA,https://cloud.189.cn/t/rE7f6zUBFjuu
信号,215554,https://pan.baidu.com/s/1jmqAOJ5x2Jlsm8ujfZFrhw,https://cloud.189.cn/t/mqMvIfj2eqIb
英雄无敌1234567,"=""000000""",https://pan.baidu.com/s/15zTXUu1QSnbakZJj9QWRDA,
英雄传说：闪之轨迹3改高清版,264789,https://pan.baidu.com/s/1NHIsh7ACVEMZWnfq-9ciOQ,https://cloud.189.cn/t/jABrqufA3yUf
亚兰德炼金术士三部曲DX,256448,https://pan.baidu.com/s/1d48CFb4XGBIoTRE7559emg,https://cloud.189.cn/t/nqmqMriaQ7vu
伊克西翁IXION,635558,https://pan.baidu.com/s/1i88-hRyFj0WAGya-1YIJ6w,https://cloud.189.cn/t/JRRvqiVnYjua
遗忘之城,215444,https://pan.baidu.com/s/1iMIJVE-9L1kiGbXHgblrEw,https://cloud.189.cn/t/vIzaMrviIzI3
英雄不在 特拉维斯再次出击,852114,https://pan.baidu.com/s/1wRrFyVyVqbABWJ77mTobog,https://cloud.189.cn/t/RzQf63BZnq6v
勇敢的心 世界大战,541555,https://cloud.189.cn/t/RvYFZvAzmQJn,https://cloud.189.cn/t/RvYFZvAzmQJn
羽袈流,231555,https://pan.baidu.com/s/1zPFtyPs8sjfE2Avk766klQ,https://cloud.189.cn/t/Mb67fqy6BRVr
最终幻想6像素重制版,254887,https://pan.baidu.com/s/1CsAcuQubIKkX6Tc1YnUByg,https://cloud.189.cn/t/iUfIvmaYFNZb
最终幻想：世界,215444,https://pan.baidu.com/s/1KmaRacBhkvHa3Vd0cciSMA,https://cloud.189.cn/t/ZfeyqqZJJ7N3
咒术回战 双华乱舞,251899,https://pan.baidu.com/s/1gtv76bwWm5bsnpxQCBioLg,https://cloud.189.cn/t/UjErambuUrui
战国无双4DX,525666,https://pan.baidu.com/s/1AwkDkV9TmD5HigyiqihDHA,https://cloud.189.cn/t/JrQZniUBfu6b
ABZU,256444,https://pan.baidu.com/s/14jFmfT6071v3Q96OYC3USw,https://cloud.189.cn/t/nqUBbmA3uyIr
迸发2,545566,https://pan.baidu.com/s/1JophEELvcMo4C0yx3nS31w,https://cloud.189.cn/t/RVbMj2NzuIzu
迸发,587777,https://pan.baidu.com/s/13-lLemt6Yd9HH2NsmwCjXA,https://cloud.189.cn/t/aIjAfeIfymEz
博德之门增强版,215666,https://pan.baidu.com/s/1VYkItvuWEYHVm_fcY2_Xmg,https://cloud.189.cn/t/a2E7F32uQVNf
百万亚瑟王：秘术之血,256448,https://pan.baidu.com/s/1d4GRg4SpRxA525AzqoMloA,https://cloud.189.cn/t/MjeYNfvaaiUv
堡垒,965374,https://pan.baidu.com/s/1dnBib1l28J1txR_OGG7NKQ,https://cloud.189.cn/t/7FJzYzYrmYza
彼岸花,546999,https://pan.baidu.com/s/1iPwmSQXkj3AEnBrB1ebVYg,https://cloud.189.cn/t/MjqMfuFjAvUv
北欧女神 极乐世界,259666,https://pan.baidu.com/s/13rgucnr-FgMQ9G5TKL4z4A,https://cloud.189.cn/t/BRVVBfYneuiq
波斯王子 失落的王冠,215666,https://pan.baidu.com/s/1z-hoERLkVbMYJsc5V11xDQ,https://cloud.189.cn/t/zeMR3qqMzeUv
班迪与墨水机器,215002,https://pan.baidu.com/s/1bHiVf9aQHt3LwPJ21_7r4g,https://cloud.189.cn/t/yam6Vj6BFJBz
饼干点点乐,652200,https://pan.baidu.com/s/1IKob60RNqt9vfXImNwXYCQ,https://cloud.189.cn/t/3Mn67jaEfuEj
传说之下,357487,https://pan.baidu.com/s/11HEGUuWaar_642iikNEVag,https://cloud.189.cn/t/bYRrua2qq2ym
超凡双生,887996,https://pan.baidu.com/s/1_ZO8iXE_X4llqCFWdT5NtQ,https://cloud.189.cn/t/63Qv2qbEZZNr
超时空之轮,258774,https://pan.baidu.com/s/1pvcrFJRgFZIhnbakEzZ5kQ,https://cloud.189.cn/t/iqY3A3za6Zrm
德军总部：旧血脉,548774,https://pan.baidu.com/s/1cqZeTCfmpfT6JnGlhhtzdQ,
大神：绝景版,365444,https://pan.baidu.com/s/1rw87k0muik-4UKy_oHEcxg,https://cloud.189.cn/t/EbIJZ3NfMV7f
洞窟探险2,355887,https://pan.baidu.com/s/1UP3CGzOB-X_yOK3AalN_nQ,https://cloud.189.cn/t/reiYfqUJfIne
盗贼遗产2,658774,https://pan.baidu.com/s/1r16lvfVvAobuOdXbjW00-g,https://cloud.189.cn/t/QJFJ3qYbym6r
灯塔守护者联盟,250000,https://pan.baidu.com/s/14krylvXcDp6iwRWNOoC7-A,https://cloud.189.cn/t/mmIBvezmAfya
地下城争夺战,215200,https://pan.baidu.com/s/1p24oBBPtyLoNbFihiRDwYg,https://cloud.189.cn/t/UVRziy6VJfmi
地球再次变四方 数码方块地球防卫军2,215455,https://pan.baidu.com/s/15MqFvmQudkwuMyWW-nOQaw,https://cloud.189.cn/t/qyUfYnBBbmiu
D3002,254669,https://pan.baidu.com/s/1Kxln3Nu09mJurMBHga3JDQ,https://cloud.189.cn/t/i6Zf22jIjiam
恶灵附身1,215422,https://pan.baidu.com/s/1jhOnh_2yevoGcWUewr7NsQ,https://cloud.189.cn/t/FrqmimiAryYn
辐射 合集,256666,https://pan.baidu.com/s/1evqhKpZ_7Rv-VRjyUapyRQ,https://cloud.189.cn/t/AbyeEnjQzYnq
辐射4终极整合144G绅士MOD,854968,https://pan.baidu.com/s/1GOAHgwu3X3UVzpqN6141Mw,https://cloud.189.cn/t/UNvU3y2QVnEz
浮岛物语,632233,https://pan.baidu.com/s/11am0OkRDWnelPYQ6lGUOKw,
风之旅人,362215,https://pan.baidu.com/s/1iOu8xg5tF0gDN813xtmeLw,https://cloud.189.cn/t/rAbE32ZjuEri
范海辛的奇妙冒险：终极剪辑版,658779,https://pan.baidu.com/s/11k-m_8BkyaVza5ogbI649Q,https://cloud.189.cn/t/aQzUVr6VBfua
凡尔登战役,652887,https://pan.baidu.com/s/1HrHWNP9Vv5JIN1ebFEmFCQ,https://cloud.189.cn/t/MvAbyq7VfaM3
疯狂游戏大亨,857996,https://pan.baidu.com/s/12OcYRwKY1oHTDJZxj1dasQ,
钢铁之尾,6325993,https://pan.baidu.com/s/1qQ0oo7_mdH-ONBFL1iUzSQ,https://cloud.189.cn/t/UJBjuyzMvYJz
诡野西部,748545,https://pan.baidu.com/s/1KtBvbmYAfDHOf2s_qR_-fA,https://cloud.189.cn/t/67zeM3fE7jiq
黑手党2：最终版,778549,https://pan.baidu.com/s/1l4sNEqQJEwHPcimYBwl68A,https://cloud.189.cn/t/e2IR3iVf2Yrq
海商王4,636352,https://pan.baidu.com/s/1PJlpEe2Q6OFP9Gu9mEbmMQ,https://cloud.189.cn/t/bEbMzyqquu2i
幻灵降世录,658887,https://pan.baidu.com/s/1Ly1xRcY2FpQCfLAh98W6QQ,https://cloud.189.cn/t/NNnQve67jaMn
黑相集：希望渺茫,215447,https://pan.baidu.com/s/1X8SrttjJ43_s-HB9R5qdPA,https://cloud.189.cn/t/r6vyU3Jf2yEv
火线迈阿密1+2,266332,https://pan.baidu.com/s/1FJtTRUmCJbbl6xsDN3yRWA,https://cloud.189.cn/t/22IRnyBz2iYb
H3013,588774,https://pan.baidu.com/s/1lPD_RXyX1F9TVx7w7ZVxJg,https://cloud.189.cn/t/RRj6Vv3IbEvm
九十六号公路,125487,https://pan.baidu.com/s/1Y17fXmz4lzGtWf4enanfMQ,https://cloud.189.cn/t/aYVZ73vIfMbm
绝对征服,362541,https://pan.baidu.com/s/1CTE5btw6LkQXHkhzwkycXw,https://cloud.189.cn/t/QRnMFfUZJry2
茧,254777,https://pan.baidu.com/s/1GbcNx_PhdIyAxDMeCr2PGw,https://cloud.189.cn/t/FBNfmi6NBZVb
家园3,215002,https://pan.baidu.com/s/1AaeBiBKbppiwxg2P37ydTg,https://cloud.189.cn/t/YZ7Rji7R7VRz
卡里古拉：过量,632154,https://pan.baidu.com/s/1S-YVOs04QmGJsvVsZIBE3Q,https://cloud.189.cn/t/3iyABb2AbeAb
骷髅女孩 二度返场,256664,https://pan.baidu.com/s/10D0KxcMRib4OCebbnClOAA,https://cloud.189.cn/t/NniQ7raIVN3q
炼金工房：菲利丝的炼金工房 不可思议旅的炼金术士 DX,254658,https://pan.baidu.com/s/1vPLJWNcpLhPq7nUT-9rpaQ,https://cloud.189.cn/t/ammumui2EZbe
蜡笔小新 煤炭镇的小白,589665,https://pan.baidu.com/s/1waSykt9ko_993lqEHHg3VQ,https://cloud.189.cn/t/RBVBFnYv632u
L3001,263558旧密码587441,https://pan.baidu.com/s/1ZvWqval9hdciTrcxaEOgAA,https://cloud.189.cn/t/6JZvyaY7VJ7j
模拟火车经典版,214445,https://pan.baidu.com/s/1HX87RcT2tZMhB4rLAelzLA,https://cloud.189.cn/t/jUfMbyNfa6Vf
莫塔之子,266665,https://pan.baidu.com/s/1m2tsLS0FrWuqIEPo3zSHCQ,https://cloud.189.cn/t/UbUNnmz22Yjm
模拟狩猎2,548999,https://pan.baidu.com/s/1bCQw-1tU0MvcAX8CH_WWCg,https://cloud.189.cn/t/ZzmuaaBFF7vi
命运之夜重置复刻版,215422,https://pan.baidu.com/s/1BTNS0sO-ARUlOu668MllQw,https://cloud.189.cn/t/73aIre7Rriy2
M5029,589774,https://pan.baidu.com/s/10JCudrNHSbY56ezf3Y-d0A,https://cloud.189.cn/t/m2IfyyaeEJ3i
女巫来了 网络联机版,652335,https://pan.baidu.com/s/1DlzVA9CVwgKOChwH4HTDow,https://cloud.189.cn/t/VfmmIb7FRF3i
尼克儿童频道全明星大乱斗2,156987,https://pan.baidu.com/s/1TPp4GXLwr-IQ9fuxFE5O_g,https://cloud.189.cn/t/67jAnmBJbemu
PC微软模拟飞行10,256666,https://pan.baidu.com/s/1c3S67DgPrLFLuDTciyevxQ,https://cloud.189.cn/t/yQzaAj6zEbYj
乞丐模拟器,254121,https://pan.baidu.com/s/1s_l0ylT8gjtH1RsVILvZ7g,https://cloud.189.cn/t/aqYbiaEBZ3ui
求生之路,250220,https://pan.baidu.com/s/1iWgvRgnRJEDxRs6D52-vpA,https://cloud.189.cn/t/6bY3yuUzIvIj
如龙5重制版,854777,https://pan.baidu.com/s/1FpM1l1a7Haat5jiV2QnE5Q,https://cloud.189.cn/t/zEveM3mYbMvu
深岩破裂者,302222,https://pan.baidu.com/s/1HoyX72cEKH13ttsaqj6O9w,https://cloud.189.cn/t/IZBfiyzmu67n
死亡之门,963236,https://pan.baidu.com/s/1R2FEucUqmb9vFj2Ri1wg1Q,https://cloud.189.cn/t/aQZbMrqaQjeq
世界汽车拉力锦标赛10,236555,https://pan.baidu.com/s/1luA383nb7OzMdCmeB-BQOw,https://cloud.189.cn/t/Ef2UVjuIjyiq
收获日：掠夺,854778,https://pan.baidu.com/s/1ZiX76vZWZyAD8JrjYiADCQ,
生存联盟：HD重制版,587445,https://pan.baidu.com/s/1HSR5v0fhbKYp-fk9xyG2Wg,
世界树的迷宫3星海的访客,215447,https://pan.baidu.com/s/1lN3asNYHJrvDvkoC85bPsQ,https://cloud.189.cn/t/uueAraQJNZv2
史诗战斗幻想5,748577,https://pan.baidu.com/s/1FV4cgZ6ifA71K7a6XS-VaQ,
塞伯利亚之谜：世界之前,256441,https://pan.baidu.com/s/1W-JyR5xyVLUWeJooJxLPTA,https://cloud.189.cn/t/zIZraaFVnqAv
侍魂NEOGEO合集,599877,https://pan.baidu.com/s/1znGT7Nn6cOJlB9rN_c8E8g,
生化危机 启示录,326002,https://pan.baidu.com/s/1mLR59XvWtpKmny-bFDxWRA,https://cloud.189.cn/t/ZFv6BfbqYRNb
SPY×FAMILY 间谍过家家 日记大作战,545665,https://pan.baidu.com/s/1y4GOLK83HOy9ji7NdadshA,https://cloud.189.cn/t/naEVNzQrYN3u
太空战舰：死亡之翼,254125,https://pan.baidu.com/s/1Uv2sx1vfVKCNhQLdPcQdmA,https://cloud.189.cn/t/aAjMRniiMZR3
泰拉科技,548777,https://pan.baidu.com/s/1JbjuJhs2hsYGlmuPKDLjAg,https://cloud.189.cn/t/vYn6vyzMVfEb
TOEM,854778,https://pan.baidu.com/s/1xGiJ4YMkwoCkybxu_Dnqkg,https://cloud.189.cn/t/aiQvEfJJJBZr
退潮,210222,https://pan.baidu.com/s/1KBJ7zVR85gnshCgvqPTnjg,https://cloud.189.cn/t/InuuiyqMriiu
无主之地：年度加强版,235666,https://pan.baidu.com/s/1jKuftYB8m7qMdmGKDILJ1A,https://cloud.189.cn/t/ayUzquii6Rny
无尽传说,521648,https://pan.baidu.com/s/1HX7M4WpqbqdSnB_VUZqIiQ,https://cloud.189.cn/t/INbIFjYnuqM3
"Warhammer 40,000 Boltgun",215887,https://pan.baidu.com/s/18Zy2LRBImVKQWN8upzHewQ,https://cloud.189.cn/t/emQzY3raiuua
无尽时光,579666,https://pan.baidu.com/s/12o-wYULqxu_hK4-OxRtloA,https://cloud.189.cn/t/zM7je2yIzUja
响灵冥思,236554,https://pan.baidu.com/s/1qdK_MiBTDvrhqpWItZ5d4w,https://cloud.189.cn/t/vEVf2inyYNZb
小小噩梦,698599,https://pan.baidu.com/s/1E7SIfKfSyLRzr5MbFed-Hw,https://cloud.189.cn/t/aiQzeqFJBFVz
X3002,548777旧密码321445,https://pan.baidu.com/s/1ulQ_-wliBjs1PsHAn0Zrlw,https://cloud.189.cn/t/YbqeU3Vr63ae
X5030,325485,https://pan.baidu.com/s/1tolCIPhBgIV_MhoXMcdW0Q,https://cloud.189.cn/t/v2yIJn2qaYb2
夜下降生ExeLateClr,549862,https://pan.baidu.com/s/1Ea5OBOjIn5LtaYbF6pyKcw,https://cloud.189.cn/t/IvMnyqvE7ja2
一次机会,256669,https://pan.baidu.com/s/1qOKlzEmQsFMnYRzmupO2ig,https://cloud.189.cn/t/jQ3aQjYNJnAr
勇者斗恶龙X 觉醒的五种族 离线版,542002,https://pan.baidu.com/s/1Cqb7FMMOZfClyQswFPk3MQ,https://cloud.189.cn/t/uUfmUfjaqEfq
祖先遗产,698574,https://pan.baidu.com/s/1bcXHWfH2eeKfGNSIPRe2wQ,https://cloud.189.cn/t/uYV3i23ENjma
质量效应3,256447,https://pan.baidu.com/s/1tOB5KRMHj4Ol1vYU_XFxzg,https://cloud.189.cn/t/mmmEvaBjARve
战锤：混沌祸根,854125,https://pan.baidu.com/s/18acoHh73Hfq5JIrweV280w,https://cloud.189.cn/t/IJfemmQ7Zbqa
祝你好死,326521,https://pan.baidu.com/s/1EBlYb4cKWLYXYAdsecwMJQ,https://cloud.189.cn/t/Mz2i6raeMRNj
罪恶装备 启示者2,256447,https://pan.baidu.com/s/1INlegLi6hvZwnTZnfXs69w,https://cloud.189.cn/t/aEfIbmFR7Vvi
真人快打X,784796,https://pan.baidu.com/s/1HMb8KqpPW0hXBrU2w3prVg,https://cloud.189.cn/t/QvyUVvAFj6Zr
揍击派对,587963,https://pan.baidu.com/s/1IhoRLC2OYjoSK_06SG8fQQ,https://cloud.189.cn/t/z2qMjq3yEJrm
致命频率,215801,https://pan.baidu.com/s/1BP9wesYuGdH5IOsxFho9TQ,https://cloud.189.cn/t/jEzammnMZnmu
憎恶之影,523665,https://pan.baidu.com/s/1eDlHqKcKA02UHKOJaeERfw,https://cloud.189.cn/t/7JZbMn3MZVNr
终极将军 内战,653000,https://pan.baidu.com/s/1XSHgmMP6ChGyez7OJqA7JA,https://cloud.189.cn/t/2UBF3mzIRZvu
Z3006,265554,https://pan.baidu.com/s/1cMCv3GpcAYrZ-0VPD8Xdlg,https://cloud.189.cn/t/6bIFzqMB3uua
暗影：觉醒,554158,https://pan.baidu.com/s/1KQ7_5_BaERryet7-EQjSJA,https://cloud.189.cn/t/ri2quuv2auY3
暗黑血统：创世纪,548774,https://pan.baidu.com/s/1HOmS0T5HApKNJhQgXhec2Q,https://cloud.189.cn/t/f2IJRzmUNVb2
AI梦境档案 涅槃肇始,522214,https://pan.baidu.com/s/17Ktmx6E7NomQk0N5O_ZNqQ,https://cloud.189.cn/t/7rUzYnjYZ3Uf
AI：梦境档案,854996,https://pan.baidu.com/s/1pk-DXj42T0k-4KilAqDMkw,https://cloud.189.cn/t/IBZryaf2q2E3
爱丽丝：疯狂回归,879665,https://pan.baidu.com/s/1f8OrfGf7H3cc3ceqsZFhdA,
博德之门2增强版,326588,https://pan.baidu.com/s/1OCwUjSUoZCj004VCCc94GQ,https://cloud.189.cn/t/bY3IVbYJjQni
班迪与暗黑重生,366655,https://pan.baidu.com/s/1L9fCa8YvqFC_WcrbhTyUaw,https://cloud.189.cn/t/ay2mIf2MbUJ3
暴雨,632223,https://pan.baidu.com/s/1c5EC14rvvbLntNIp9nuupw,https://cloud.189.cn/t/a2MFfuuQbamy
巴士模拟18,236554,https://pan.baidu.com/s/1HbmQ4Eqns9kbhOmanWW1sA,
碧蓝航线 交汇的航迹,748774,https://pan.baidu.com/s/1-z7GRe8T7kMLeGOf9xCUjA,https://cloud.189.cn/t/qaqAFrZb6BR3
波兰球 编年史,214788,https://pan.baidu.com/s/1O-6cJwKYVLgIEzHexKkatA,https://cloud.189.cn/t/AVBJFj7jUbyu
拔天海拓史ⅠⅡHD Remaster,321544,https://pan.baidu.com/s/1aNHAJrne2uwdlEuahSV2nQ,https://cloud.189.cn/t/yeemMzJFRf2i
超级冲锋：开箱,874965,https://pan.baidu.com/s/11jukYu7RkALBotPVuxpO5g,https://cloud.189.cn/t/baQ3amMzuqe2
查尔斯小火车,566665,https://pan.baidu.com/s/1MI0evHTgGd6Ok1PJxteUKg,https://cloud.189.cn/t/zyQvyuMnqEva
C5003,"=""032114""",https://pan.baidu.com/s/1VeBxB_PZs0ZP7OVpLzUPkw,https://cloud.189.cn/t/2ieAfyzuMNju
东方月神夜,215412,https://pan.baidu.com/s/1LPv6bKKsziPZeVs1QhbeQg,https://cloud.189.cn/t/B7n6zijINzey
第七位访客VR,546222,https://pan.baidu.com/s/1mUFAMk1-kBHO2klSHXW-aw,https://cloud.189.cn/t/nu6nIfIj22uu
恶魔之书,447854,https://pan.baidu.com/s/1-mwiXZygUoOmrhnmWB7yYA,https://cloud.189.cn/t/YRfauufARriy
恶霸鲁尼：奖学金版,357884,https://pan.baidu.com/s/1ngRpflKwDclEOLWitSVQ5w,
恶魔轮盘,215000,https://pan.baidu.com/s/1DaCgAqjVs8hVVo0kUW4ckg,https://cloud.189.cn/t/yeANJ3BN3uMj
封印 仲裁者之印,847966,https://pan.baidu.com/s/1jYa3PwJK_FTLu8fugrLGMw,https://cloud.189.cn/t/me6nequYVNRj
芙蕾德利卡,250000,https://pan.baidu.com/s/14xFQjyzRDA2TkIL6aPF5bQ,https://cloud.189.cn/t/yIJBfmfAni63
F3004,658887,https://pan.baidu.com/s/1vSVQzBwZtNKLLYvcCQWbsg,
光之子,547847,https://pan.baidu.com/s/17mUzyafS07WspLPgfC-I8A,
孤岛危机2重制版,215447,https://pan.baidu.com/s/1qO3TaHnxIArbzrpF_WdEFQ,https://cloud.189.cn/t/UJFVfiviuYva
钢之崛起,326666,https://pan.baidu.com/s/1_ZY6A0mAzsObxxBFR-iwoQ,https://cloud.189.cn/t/jiuIVzAZ3Ebu
嘎吱作响,789666,https://pan.baidu.com/s/1tyjzL8Q_PFKgpcjd-VC0Yg,https://cloud.189.cn/t/ENfuuqbY77ba
国家的崛起：扩展版,489665,https://pan.baidu.com/s/1r-v4CwRtmCr6vGrxPgw3iQ,https://cloud.189.cn/t/2mE3UbauMNZz
火影忍者：究极忍者风暴2经典传承遗产版,854777,https://pan.baidu.com/s/1rHd8I7_--SHwoJWwx5wsWw,https://cloud.189.cn/t/YrURV3QnUZZf
荒神2,632556,https://pan.baidu.com/s/1dc1dkeANFsjtTBB7oxvdFA,https://cloud.189.cn/t/uQ7ZfmUz6rEj
呼吸边缘,214447,https://pan.baidu.com/s/1MiGfcrUhlsRrQMp4lAKDmA,https://cloud.189.cn/t/67ZRraqIfQRz
毁灭战士+毁灭战士2,215266,https://pan.baidu.com/s/1X_a0XY-6gwOvhRY_JB-WQw,https://cloud.189.cn/t/eA7nYjY73aQf
狙击精英V2重制版,854996,https://pan.baidu.com/s/1RMNVwg_ht-O57cVnGUjKbA,https://cloud.189.cn/t/3EvqMbiUVJzq
角色扮演游戏时间 光之传说,365558,https://pan.baidu.com/s/14_TM-PjLu1W7L9FulT8ziw,https://cloud.189.cn/t/uyI3iaFveeie
绝体绝命都市4：夏日回忆,485697,https://pan.baidu.com/s/1Z4xKanp6jBrc3U95k3KIWA,https://cloud.189.cn/t/iiInEjfA7BNv
剑为君舞,521333,https://pan.baidu.com/s/1orxBvgAo1LDoyNrhBCUZ3Q,https://cloud.189.cn/t/me6nMjFRRvEn
几何冲刺,215002,https://pan.baidu.com/s/1hlzHNKbGenO-LGd35NI3WQ,https://cloud.189.cn/t/yyYrauQrUbiq
街霸30周年收藏版,215300,https://pan.baidu.com/s/11fcC8iRljTmJc7BJ9E7hoQ,https://cloud.189.cn/t/63aqiy7vqIv2
狂发疯杰克,521320,https://pan.baidu.com/s/12lgIZwGwwDI8yJn0nTLiJA,https://cloud.189.cn/t/YN3yeunUZbEj
凯恩的遗产 勾魂使者1.2复刻版,655269,https://pan.baidu.com/s/1w3lP2t8lBlUbQqIjC6UYfA,https://cloud.189.cn/t/QnERj2vquMjm
掠食,210000,https://pan.baidu.com/s/1t9NpnxW8ztgwemMDuFjXrA,https://cloud.189.cn/t/FRf6n2aqaeEz
洛克人Zero,548745,https://pan.baidu.com/s/1eDScWBzqDQoQHa0FeYEuJQ,https://cloud.189.cn/t/vA7ry2vIVZNj
洛克人X DiVE,326000,https://pan.baidu.com/s/1fNXYW3FyqgPqKExKnGYpeA,https://cloud.189.cn/t/YnaqAri6RBfy
拉力赛艺术,963256,https://pan.baidu.com/s/16ubq-0-b4rG7gHCWa6TsFg,https://cloud.189.cn/t/IjmaaiR32iEv
流浪之神,158774,https://pan.baidu.com/s/1MhVPuB4ppyWtaJdEqHwnyA,https://cloud.189.cn/t/nIfiiaaAJ7Vf
毛线小精灵2,215987,https://pan.baidu.com/s/1G7kc0ThnY5ZyYGdTMZDYmQ,https://cloud.189.cn/t/fuUfmuNVr263
面容,541111,https://pan.baidu.com/s/1gTsbwpMoK7DOkGFqrx-dVg,https://cloud.189.cn/t/nEFNzyJfaIJf
民主制度4,320221,https://pan.baidu.com/s/128AKhz-Dc7OQKL42GdcVXg,https://cloud.189.cn/t/euIbmiYfQJbm
末日求生,747885,https://pan.baidu.com/s/17MHoSsSx_8BVblKaD714nA,https://cloud.189.cn/t/2yMFnqEj2iUz
迷失乐园,326665,https://pan.baidu.com/s/1xIpe50wKNYGgqNAXDQXNoA,https://cloud.189.cn/t/Vr63aaVrqMfa
模拟火车世界4,214778,https://pan.baidu.com/s/1x0ZIuvEC8DpmGHkMNhVt-Q,https://cloud.189.cn/t/UF7VJvjmaABr
那由多之轨迹改,326665,https://pan.baidu.com/s/1xK_hlIcG4eInxE2mNkqejQ,https://cloud.189.cn/t/ArAzqiRnANre
努努之歌 英雄联盟外传,158777,https://pan.baidu.com/s/19UxnR_-jTG7paweBq2NtcA,https://cloud.189.cn/t/UVfe2uVfA3Uf
纳赫鲁博王国地下城 混沌护符,659998,https://pan.baidu.com/s/1Pc6Rbqx_8dSIpi1hdozOBw,https://cloud.189.cn/t/imaAV3MZZNZv
奈尔克与传说之炼金术士们：新大地之炼金工房,658749,https://pan.baidu.com/s/1Otw9HWEZg95odDwX-__gGQ,https://cloud.189.cn/t/nuYNveIFVFZr
尼克儿童频道全明星大乱斗,216333,https://pan.baidu.com/s/1cOJMRvNLne-Dxo5VHPNj4A,https://cloud.189.cn/t/vQ3qYvyIFji2
破门而入,321114,https://pan.baidu.com/s/1Ahhr1e-kQE53SGFFj06Q2w,https://cloud.189.cn/t/RJF7zyuMfIBb
螃蟹冠军,211022,https://pan.baidu.com/s/1OzlsAzwXhQMAHJm1HxYZtQ,https://cloud.189.cn/t/AR3YnqJJFv6v
切尔诺贝利人,632336,https://pan.baidu.com/s/1CjPyodrCyn0qaRGldvjHqA,https://cloud.189.cn/t/rEF3AzIJzeia
奇异园艺,652555,https://pan.baidu.com/s/1rywJYJTmqyxQwa7OPiFiGg,https://cloud.189.cn/t/iI3uIfzeiIRn
日落过载,549662,https://pan.baidu.com/s/1sXgdINuqaMJGJrK9tSPuLQ,https://cloud.189.cn/t/63iMju3uumUn
兽人必须死3,549666,https://pan.baidu.com/s/1IjY-MoPq0gUd0NCiexhutQ,https://cloud.189.cn/t/NBzyeiyQF32u
失落迷城 群星的诅咒,321000,https://pan.baidu.com/s/1qSRzk_jmP4BFUYZ5VDO6wQ,https://cloud.189.cn/t/mI7ZZfMVzIzy
失忆症 重生,852122,https://pan.baidu.com/s/1sFrKPY5SaKixyENlYJTcdw,https://cloud.189.cn/t/fqqau2VVrIze
三位一体5 发条阴谋,659888,https://pan.baidu.com/s/1pR3rcGSvZ_GsDGl3A3nPEQ,https://cloud.189.cn/t/6Vr2Ijay2QVv
世界摩托大奖赛20,366632,https://pan.baidu.com/s/11My0jAoTVe7KMFq0YsutTQ,https://cloud.189.cn/t/EJ3EJnjYrQBz
世界摩托大奖赛21,256444,https://pan.baidu.com/s/1A2nfM7F49s9x8gXN3KFjwg,https://cloud.189.cn/t/JJfUninaeMby
审讯者,659332,https://pan.baidu.com/s/18RpUEeAEKnyp-ZtTLn5XrA,https://cloud.189.cn/t/6feimuAbq2ua
SuchArt艺术家模拟器,356488,https://pan.baidu.com/s/1RSqblR9O_W6IlLRJXCGmgw,https://cloud.189.cn/t/MV7N3mQNvMFj
沙加 翠之超越,541522,https://pan.baidu.com/s/1OYJI187nwIL9VZhMztuxAA,https://cloud.189.cn/t/YjAviqmMrEfm
S5015,216333,https://pan.baidu.com/s/1gqCJR6p7icBIayqMDj4EKw,https://cloud.189.cn/t/aEBriqQrUz6f
停尸间助手,102549,https://pan.baidu.com/s/15yEfyH_2uYB6bqpW0HDIJg,https://cloud.189.cn/t/eAJ3ayNfQZz2
太阳帝国的原罪 反叛,632547,https://pan.baidu.com/s/1rrMDvYm9VB_hW_AIMEMI0A,https://cloud.189.cn/t/36nmuaYJreua
无垠之心,745252,https://pan.baidu.com/s/1qKsX5otkZazhEVQv_GM9Wg,https://cloud.189.cn/t/iq6NreZV73ia
王国保卫战：复仇,548777,https://pan.baidu.com/s/1ZjJp_bLNFOYZ186TlhmC3w,https://cloud.189.cn/t/jmmQv2BFZR3y
王国保卫战,632333,https://pan.baidu.com/s/1xAEWbcrEo30SXyNxZt18oA,https://cloud.189.cn/t/JnemYjFvQni2
王国与城堡,358774,https://pan.baidu.com/s/1FuKPFJgTZ2oPNzatMQr-MA,https://cloud.189.cn/t/ERJfA3YFBNN3
丸子与银河龙,258777,https://pan.baidu.com/s/1_rqTUeCZfZh01d_o1-hjdQ,https://cloud.189.cn/t/vaaAFnEBVB3i
无尽帝国,325887,https://pan.baidu.com/s/19IgbvpDwt3UDx4CBK6ZGhA,https://cloud.189.cn/t/uyuaqinQJNju
小眷灵,320022,https://pan.baidu.com/s/1WQ_LOtxBPEMBq8OkdKwV3A,https://cloud.189.cn/t/67re2iEjEbue
小人物救世界,253666,https://pan.baidu.com/s/1SsWHQUokavr-iJNYJcDxxw,https://cloud.189.cn/t/UfQvae6J7b6j
星际大战 前线,521023,https://pan.baidu.com/s/17ksqgWjgb3xcc4iEVC-MyA,https://cloud.189.cn/t/UjeqmqNfAvAj
谢天谢地你来了,215855,https://pan.baidu.com/s/1wV6X-dNHpTpNefU_Wktxbg,https://cloud.189.cn/t/6z6jMfyUfIre
X5007,569996,https://pan.baidu.com/s/1hAb0cvIrmSqJKFvJzabaMA,https://cloud.189.cn/t/JVjyuememUva
幽浮：奇美拉战队,357889,https://pan.baidu.com/s/1o9KIMHKZWg2UG3cRlcb4sQ,https://cloud.189.cn/t/vqUnM3ErYR7r
英雄传说：空之轨迹SC,254111,https://pan.baidu.com/s/1KPZJQn2beXqcOyd7Up6zkQ,https://cloud.189.cn/t/baQBvaaue6Rf
幽灵教义,546999,https://pan.baidu.com/s/1O3Bwy--sGCDRjQ93O4Y2Zw,https://cloud.189.cn/t/qyqQJnAN77Bf
勇者斗恶龙 寻宝探险团 蓝色眼眸与天空罗盘,326522,https://pan.baidu.com/s/1SFEAKP_GdU60XJbPrk6kug,https://cloud.189.cn/t/eURbe2yqmAry
医院计划,336656,https://pan.baidu.com/s/1sWO1b-if-L9HmQ7LMkha0Q,https://cloud.189.cn/t/jIzuE3MZbqQn
云端朋克城,265444,https://pan.baidu.com/s/1JEnIfYc-O6VZdIqXeWBq6g,https://cloud.189.cn/t/AVbiuqMzAFFr
一拳超人：无名英雄,596665,https://pan.baidu.com/s/16yphZrAjwRBprbeTKOyQHA,
阴暗森林,154200,https://pan.baidu.com/s/1QkdOb1ypJTLn0lmrTMQy1w,https://cloud.189.cn/t/jiAFZf32qiee
银河历险记3,656656,https://pan.baidu.com/s/1zS9EkFUAc8G0Kux4V5K0kQ,https://cloud.189.cn/t/JBbUraeiiA7n
印蒂卡,545255,https://pan.baidu.com/s/1R2VriR1rauxm98e0LylzCQ,https://cloud.189.cn/t/EzaeyieYJFN3
酉闪町2,152022,https://pan.baidu.com/s/1EcfB1SupvKWtRkJ0vSAXeQ,https://cloud.189.cn/t/quAvMruqieii
在我们之中,658744,https://pan.baidu.com/s/1fcqUfzPlkI27jhHOrQC-uw,https://cloud.189.cn/t/vyQ7ZfqyQVZr
最后的篝火,548795,https://pan.baidu.com/s/1nqawQVDtJNtWFJ_sFeeZ3A,
战神 夜袭,218777,https://pan.baidu.com/s/1SQHMh8VR9XCJ9rLkhLZewA,https://cloud.189.cn/t/bUR7zu2uEriy
蒸汽世界大劫掠2,525448,https://pan.baidu.com/s/1aLRaQccTkkosPVkUmTGw0Q,https://cloud.189.cn/t/Ir2u2y7Z36Vj
战争之人2,545566,https://pan.baidu.com/s/1BUpXJ664iGOOLfTKdfOOog,https://cloud.189.cn/t/N7r6vuZ3Y3Qf
暗黑血统2：死亡终极版,632255,https://pan.baidu.com/s/1LlrK5tc78KTYRhm5nlUY1g,
澳洲国际网球2,655855,https://pan.baidu.com/s/1hW7mvimvYUBT6byrqi3nLw,
不义联盟：人中之神,215444,https://pan.baidu.com/s/1smgENQhFk0vrnPgFdfAQFw,https://cloud.189.cn/t/uAB7Brf2MBZb
不要喂食猴子,101112,https://pan.baidu.com/s/1KGyxBSx2rEaYpPm1nFkO_Q,https://cloud.189.cn/t/vERbeyyqa6Jj
巴士模拟21,254111,https://pan.baidu.com/s/1GrzRDIJEA4vva02S17jKIQ,https://cloud.189.cn/t/z2QNRvaeQb2a
不动就会死,654741,https://pan.baidu.com/s/1ZxMK8MY7fj3qMPWIGhKBDw,https://cloud.189.cn/t/v6VZN3IBRjAr
白色情人节：校园迷宫,695556,https://pan.baidu.com/s/1CaJtHl5Sd2n0GYvjCMdyMw,
绊爱 触摸节拍,526321,https://pan.baidu.com/s/1x87mldJC2Vjz0ag_0sZfoQ,https://cloud.189.cn/t/3iUZ3a6nYbii
层叠世界,854777,https://pan.baidu.com/s/1Sh0q-Sob1_4pKmAUYyQ3AQ,https://cloud.189.cn/t/3Y7BbyieMZJn
传说法师,326522,https://pan.baidu.com/s/1rY9GT-QX6XHQtg3kQ9BipQ,https://cloud.189.cn/t/QrEBrivEvARv
超次元海王星：重生1,625554,https://pan.baidu.com/s/1OdEgT0kD8pxHWIqB7HD37w,
城市景观,326555,https://pan.baidu.com/s/10ss5N-IoL4HkVJ7T8S_R6Q,https://cloud.189.cn/t/fEJZVz6VBfue
传说法师2,215000,https://pan.baidu.com/s/13-9_Ix1CO3fR4og0nmDVfw,https://cloud.189.cn/t/3iuaemnIbmEb
C3003,574888,https://pan.baidu.com/s/1b8DgLX9DZWDZx1xLOCQf6Q,https://cloud.189.cn/t/juaAriQ3ARni
帝国时代：终极版,548774,https://pan.baidu.com/s/1pv4UU-WUGpbltn1oEu8Xyg,https://cloud.189.cn/t/7Bv6Jji6NbMr
刀剑神域 异绊集结,326555,https://pan.baidu.com/s/1pJsS-0YewA6XiecOFfYBpg,https://cloud.189.cn/t/FNZVR3qANzay
当黄昏降临时,548744,https://pan.baidu.com/s/1MYY2z9MoRT8ZqHCoeSG7Mg,https://cloud.189.cn/t/q2QzeyAnYFJj
袋鼠闯天关,693333,https://pan.baidu.com/s/1Wi7JAHZVuSq8mqxJtbZ-xw,https://cloud.189.cn/t/bQ7z2izEzyqi
大头菜小子避税历险记,365998,https://pan.baidu.com/s/1DitL17c718peknysrdGICw,https://cloud.189.cn/t/eei67biqQZ7j
单板滑雪模拟,632225,https://pan.baidu.com/s/1R7kLk48o2x6Fdfk7C5h_Jg,https://cloud.189.cn/t/32aE3ufeayUb
动物起义战斗模拟器,321144,https://pan.baidu.com/s/16P5l5oHiap9WCy6QW6-2Fg,https://cloud.189.cn/t/r6fQ7brqm67b
岛屿幸存者,547778,https://pan.baidu.com/s/1p41yiDuFd94sJVBdgC7lEA,
盗贼遗产,254887,https://pan.baidu.com/s/1sZTAC1kR9PT14IzRSi24nw,https://cloud.189.cn/t/NvY7rquAF3E3
地狱清理者VR,526111,https://pan.baidu.com/s/15velg73iX3KL38UJUEeZPA,https://cloud.189.cn/t/RnIv63qm2qEz
D5012,215000,https://pan.baidu.com/s/1FZOlkmUmgUF9if0yMvifsw,https://cloud.189.cn/t/vuYnaiMbMJby
恶魔城 多米纳斯合集,256885,https://pan.baidu.com/s/18L24K-_0e5btf67VNsp2eQ,https://cloud.189.cn/t/RrqIfyEBFjMb
发明工坊之新旧捆绑包,745819,https://pan.baidu.com/s/1TzfoCaPMmNFLPGoMz15umw,https://cloud.189.cn/t/Y7ZRzuVZze6v
疯狂机器3,569998,https://pan.baidu.com/s/1XTHCkxKA5DIlO_CUIrB42g,https://cloud.189.cn/t/uyEz6njyeY7z
飞向月球,224111,https://pan.baidu.com/s/17h3SJGsD4_6X0XCf3Z9Gmw,https://cloud.189.cn/t/EjYf22YJRrQf
鬼武者重制版,326655,https://pan.baidu.com/s/1klpJ4cdXw98GH7FByNHpdg,https://cloud.189.cn/t/uURnu2NnMZ3q
孤岛危机3重制版,201114,https://pan.baidu.com/s/1Bt4GGqlwfJpPpvZh7dNdRQ,https://cloud.189.cn/t/baEvyq7JZVRn
怪物男孩和诅咒王国,256666,https://pan.baidu.com/s/1fdgJNvCXAETFKiaFlYtWsA,https://cloud.189.cn/t/2YJFraa2yiIb
古诺希亚,256115,https://pan.baidu.com/s/1ZzaWBwKL1kDN6n8QxUQe_Q,https://cloud.189.cn/t/nA3Q3q6FfI3u
怪兽卡车对决,652444,https://pan.baidu.com/s/191KEgex8iG7dJIhYpMg7kw,https://cloud.189.cn/t/nyUNB37N3uea
黑手党3：最终版,546666旧密码778549,https://pan.baidu.com/s/1b75JN-8ZX24jNNzxO8xORg,https://cloud.189.cn/t/EvumQz7nq6bm
火影忍者：究极忍者风暴1经典传承遗产版,478556,https://pan.baidu.com/s/1l1WlOA_kJ3ln7p5_hs5cxQ,https://cloud.189.cn/t/M3YJbmQFFBve
荒岛求生,254121,https://pan.baidu.com/s/1o-bhbPKJ5kAAikHn5A3uZQ,https://cloud.189.cn/t/mEBj6zMJfmee
幻想将军2,632547,https://pan.baidu.com/s/1yGDw3MjqvqS6w8fuK-lQAA,
航母指挥官2,852332,https://pan.baidu.com/s/1E_8tjIBLXCoyn2sajh5cmw,https://cloud.189.cn/t/queeeaArQJfa
毁灭全人类2重新探测,326665,https://pan.baidu.com/s/1ipwNeGvP7eVl-K6a5rFR5A,https://cloud.189.cn/t/2YRvY3VbmYvi
Hacknet,214774,https://pan.baidu.com/s/1oRJgToKW4af9gh6hwS5dXQ,https://cloud.189.cn/t/u2eUVzruYJVv
经典回归：魔界村,215469,https://pan.baidu.com/s/1WRDIki2NaaaezATS-LedhA,https://cloud.189.cn/t/A7ZjqmQryUvq
究极大越野 火力全开,211463,https://pan.baidu.com/s/1WzpguiIU7d9YB5NTrGJv6A,https://cloud.189.cn/t/iqAFFzbi26Rf
记忆边境,254111,https://pan.baidu.com/s/1m2PhBRElzEtfUvyINFfZcg,https://cloud.189.cn/t/mmUJv2b6fiau
崛起：罗马之子,256314,https://pan.baidu.com/s/1bTPYMXow7vwVk78xfUFG4A,https://cloud.189.cn/t/JFNBN3ANJZJz
机场CEO,563225,https://pan.baidu.com/s/1z9Hh3wl2bhLot-XN7whLVg,https://cloud.189.cn/t/ER7zayfE3MBr
J3004,256664,https://pan.baidu.com/s/1Ne_nt9hIDS3wqtcfV4z3EQ,https://cloud.189.cn/t/rIJFZjVJvqeu
克苏鲁的呼唤,669566,https://pan.baidu.com/s/15hHlea-I_txhAx0m7McWqg,
狂野星球之旅,596547,https://pan.baidu.com/s/15_pF7L9_9-I8zExDUXzjPw,
恐怖的世界,215444,https://pan.baidu.com/s/1gMM-YMw4ZneyNps1EiyU-A,https://cloud.189.cn/t/NFVZVbUVRZ3u
乐高：侏罗纪世界,326558,https://pan.baidu.com/s/1Y22SWt5Aw9_1baQyqoY6ZA,
黎明前20分钟,632333,https://pan.baidu.com/s/12d1dmNlOqV95i96KA_sTqg,https://cloud.189.cn/t/MR3mmaVvuuqa
零世代,548777,https://pan.baidu.com/s/1tOOgOVVnYtG5N8YBKrYCAw,https://cloud.189.cn/t/AFne6ziYvQfa
历历在目,659787,https://pan.baidu.com/s/1WJxOfkx0dp9ZDffeIM3vgg,https://cloud.189.cn/t/7vEFranyuUbu
洛蕾莱与激光眼,526899,https://pan.baidu.com/s/1sZbvikG0lzX3hABLz0GVyg,https://cloud.189.cn/t/iYZZ7vQrAZj2
链在一起,214551,https://pan.baidu.com/s/1Peu3Wr5UM_SKJcOzSvAKmQ,https://cloud.189.cn/t/yQrQR3QnE7ji
来打高尔夫吧,545110,https://pan.baidu.com/s/1RdsNWF5dyEvoCHwhROK0DQ,https://cloud.189.cn/t/eE3YryaYJZZv
魔能2,659852,https://pan.baidu.com/s/12FEHSfu8Wif-_c_uBTYWcA,https://cloud.189.cn/t/RzeeYzqe67ni
魔法门之英雄无敌3高清版,326332,https://pan.baidu.com/s/1X_UGX8OQbhLcO62H8AbXDA,https://cloud.189.cn/t/jaMBFrVniEj2
魔药经济学 神秘的魔法药水商店,326665,https://pan.baidu.com/s/1LcMoWAgghiZoO5_Kid91pw,https://cloud.189.cn/t/MnYz6rVnuMja
美食家,526333,https://pan.baidu.com/s/1gDNQ3Ap0Va7K8Wr7wX0NIw,https://cloud.189.cn/t/ZneQZvYJzeaq
墨水氏族,564755,https://pan.baidu.com/s/1pTCuctigyn45MMcvj_GW1A,https://cloud.189.cn/t/muuuairIBfa2
M5010,254887,https://pan.baidu.com/s/17DL1w-HigXWRSJqCFq0hPg,https://cloud.189.cn/t/eArmuaYZneqm
女巫悲歌,658887,https://pan.baidu.com/s/1Y_1sNhj5i0sVtCgrl67kiw,https://cloud.189.cn/t/jYvaQjfa6NFb
欧米茄迷宫：人生,745887,https://pan.baidu.com/s/1SmSx2Po8S4D_dhJ_RL5i_w,
破坏领主,548888,https://pan.baidu.com/s/1S5NKRvhR-2JWqV6zaALRsw,https://cloud.189.cn/t/ZjERRjQraIFb
破门而入：行动小队,748579,https://pan.baidu.com/s/1LNyjjip714bGQCDh_W4q0w,https://cloud.189.cn/t/aeiaEj263ARv
求生岛 不老泉传说,158774,https://pan.baidu.com/s/1eCCivie0LqbGaMyiHUXPaw,https://cloud.189.cn/t/B3aAJnjyyAzq
枪手真人秀,521447,https://pan.baidu.com/s/1uCzyHeG8a-DJpW6-Y0BTBg,https://cloud.189.cn/t/ZviaaiqyueQ3
Q3004,325225,https://pan.baidu.com/s/1wHvgWsqyTvdbtF4vunUPvw,https://cloud.189.cn/t/EN7fUf7NNnQj
RiME,363354,https://pan.baidu.com/s/1MbBmaGFkB5rHQD3iBE6kSg,https://cloud.189.cn/t/VNnUR3b6F3Ar
热血三国志：全员集合,254115,https://pan.baidu.com/s/1fx0QDK1ODN4GmvZ2CtfTjw,https://cloud.189.cn/t/qyAfuaQ3eAJn
热血少女Zero,589996,https://pan.baidu.com/s/1j0YecuQVazMtvT5j4IkCog,https://cloud.189.cn/t/mqyuie2MfmYj
热血少女物语,632546,https://pan.baidu.com/s/1BqAaTVzwRQPUsiczmbELKw,
热血硬派国夫君外传 热血少女2,326555,https://pan.baidu.com/s/1n4dXOUfqrbSYhkJ0ThKDrw,https://cloud.189.cn/t/6fuQjyYVZ3ii
RUINER,132554,https://pan.baidu.com/s/17Oclztx5zhmGaagpk_uYKQ,https://cloud.189.cn/t/NfQ3yuZf6nQj
Roki,632114,https://pan.baidu.com/s/1toTkq463feQxuTi-HCbKQA,
沙贝,854758,https://pan.baidu.com/s/10LN1-oTx6VFbf2GXt6DFpQ,https://cloud.189.cn/t/e6Rn6rUvYVFf
神技盗来,366652,https://pan.baidu.com/s/1Ey_lMQyW2vXXs6KpRA-WRA,https://cloud.189.cn/t/QvaQVjnyIb63
时空英豪 新起点,958744,https://pan.baidu.com/s/1jV8ooow4dgX2ZM6-iW7ldQ,https://cloud.189.cn/t/ZNVjq2JjIjEb
丧尸围城2,654555,https://pan.baidu.com/s/1OKES-2ZekCUTFDzWWC0qTQ,https://cloud.189.cn/t/ueiuieMv22uy
突袭4,326655,https://pan.baidu.com/s/1BgHDWZCZThDKr775b7nexg,https://cloud.189.cn/t/7vmYriuI7Rjy
坦能堡,658777,https://pan.baidu.com/s/1pPXqyRDlEVFRdCOewxuI7A,https://cloud.189.cn/t/iuQZzquyQ3Iv
武士少女,366558,https://pan.baidu.com/s/1lngkC66sjnlLNAy530LWyg,https://cloud.189.cn/t/bim2IbEJJRNn
无间冥寺,365556,https://pan.baidu.com/s/1CRRUYktBJq5OE9rsMEfZzw,
外星贸易公司,365748,https://pan.baidu.com/s/1QruP92b8g8wLRrI5FYgkug,https://cloud.189.cn/t/RZfeIvNjuqQb
无人愿死,652555,https://pan.baidu.com/s/1YWUBzyxns2ChJ7Se8WiS6Q,https://cloud.189.cn/t/ABFvy2JbiEra
吸血鬼：避世血族绝唱,254115,https://pan.baidu.com/s/1-HOaM1_ca7WPb8gufnSZxw,https://cloud.189.cn/t/qYzqq2qQV73y
虚空恶棍,632487,https://pan.baidu.com/s/1HhJpZiXNxKAY6WsIm9QBTw,https://cloud.189.cn/t/MnQVzquYFVBj
新高达破坏者,633226,https://pan.baidu.com/s/1-NfdqJ49qi1NO9b2ub1B7g,https://cloud.189.cn/t/2UNBje3EnmIr
细长人 降临,548555,https://pan.baidu.com/s/1XwLQYz9qc2xVbBi3Me6X3A,https://cloud.189.cn/t/UfA7v2nuQJBr
宇宙主义,541123,https://pan.baidu.com/s/1rvKqkIrMRppqQj9TI0L1jQ,https://cloud.189.cn/t/2qeYFnaAreim
圆顶,654789,https://pan.baidu.com/s/1q_0QnSCbAJJ6E6VUGro1Bg,https://cloud.189.cn/t/V3UbuevIN3Ar
要塞 群雄割据,254774,https://pan.baidu.com/s/1rjK14Grxphq9TRCjGpzGEg,https://cloud.189.cn/t/Bb6R3iyyEFbq
影子武士3,215444,https://pan.baidu.com/s/1VX2lAAYWQAd6Y0TNchU4BQ,https://cloud.189.cn/t/7RNrmqjmEZ7v
英雄萨姆：西伯利亚狂想曲,254887,https://pan.baidu.com/s/1M5RRDWpASC9EkcQOICwvNA,https://cloud.189.cn/t/BZ73QrVvYNFn
伊森卡特的消失,356541,https://pan.baidu.com/s/1X54P0VDepfJN3zSyp3nH4g,https://cloud.189.cn/t/nARZfmbmMjIn
永夜,514777,https://pan.baidu.com/s/1gOTrCIsFt8WcrnoruIxuzQ,https://cloud.189.cn/t/M36fuqFjeQJf
异形大战铁血战士,254666,https://pan.baidu.com/s/1cnW_E6yLY7lITbPZor8PUQ,https://cloud.189.cn/t/Ybmiq2E3Eney
约会大作战 莲反乌托邦,625300,https://pan.baidu.com/s/18D2NYam83KVeH0v9TkGhug,https://cloud.189.cn/t/m6VFZffeemea
勇敢小骑士,215200,https://pan.baidu.com/s/1uFFEZH_aUDnI1Tk3vTqOgw,https://cloud.189.cn/t/fM3i6zimEr2a
最终幻想8：重制版,658889,https://pan.baidu.com/s/1x8dsP_0DUQdHAxg01MhTtw,
撞车嘉年华,215554,https://pan.baidu.com/s/1QeFh3V2jtUUU5a6TNNRyRA,https://cloud.189.cn/t/AVRjEv26JvM3
终极钓鱼模拟器,356488,https://pan.baidu.com/s/1OPALJZ82wUy7aTVECgkP2A,https://cloud.189.cn/t/JnquQbVNbAfe
致命联盟 烈火,658774,https://pan.baidu.com/s/1mzNngABv-FLH1SJdBpbm7A,
致命联盟 烈火 单机,352111,https://pan.baidu.com/s/1gHjxKQL53Uq7pzX8bEwnEQ,
罪恶王权,254665,https://pan.baidu.com/s/19fIGxguN0CKjd-tNvqQM5g,https://cloud.189.cn/t/vErABnNFVRfq
致命解药,652144,https://pan.baidu.com/s/1J7yiIPDzfl-Fosli8FErzg,https://cloud.189.cn/t/ia6nayiYviqy
AVICII Invector,658774,https://pan.baidu.com/s/1FBLx_oVDPa5vCQMHCll-PA,https://cloud.189.cn/t/uQvY7bZzEVfi
艾希,215023,https://pan.baidu.com/s/17gdUZgEM7OdSiKJmqHHjlA,https://cloud.189.cn/t/jURBFnRRbe2y
部落幸存者,254444,https://pan.baidu.com/s/1IUj-cuaxzRK1_WdafQQIrg,https://cloud.189.cn/t/NnyQZjVbAfiu
布莱尔女巫,963254,https://pan.baidu.com/s/1d7waffUjqY9-skHzD8f2kw,https://cloud.189.cn/t/emEvUrMBf6zm
遍体鳞伤,215555,https://pan.baidu.com/s/15_e_iY40nH2jTkGQgUrf5w,https://cloud.189.cn/t/JRjmEzremaam
必死无疑,465889,https://pan.baidu.com/s/1MrCFYOLWE-hr7zwEFAq5IA,https://cloud.189.cn/t/MNN7nmaueEJv
苍翼默示录：交叉组队战,693259,https://pan.baidu.com/s/1c0uNbGC7MDxTrhyzmMdioQ,
CS反恐精英1.6,215444,https://pan.baidu.com/s/15WvAao_P28d2EMxXer1g_w,https://cloud.189.cn/t/jeiemyeA3yYb
CS反恐精英1.5,231554,https://pan.baidu.com/s/1gJ72CNtItpLQ2FYV2uJGCQ,https://cloud.189.cn/t/6JzyeauUJ77b
超级马里奥制造,326514,https://pan.baidu.com/s/1hK2dKTHC2jGEyAC8MetdUw,https://cloud.189.cn/t/jEzMZ3YVV7Fv
超级马里奥3D世界+狂怒世界,356447,https://pan.baidu.com/s/1VYNYzx5Tr9NNQeyJIc8cDQ,https://cloud.189.cn/t/ri6BNfA3AbUv
城市之星2,541112,https://pan.baidu.com/s/1OZPFj1FJTARqPshWNZmo0Q,https://cloud.189.cn/t/YNRrUzARbAV3
层层梦境,748596,https://pan.baidu.com/s/1F-V2iGbCftLdINmu09NThQ,
超越钢铁苍穹,778744,https://pan.baidu.com/s/1EgaAESQ4qbrr7yTVxVMHVw,
冲突 混沌神器,215444,https://pan.baidu.com/s/1xIFtJoGOCA0c6zoGRYoTHQ,https://cloud.189.cn/t/baY3Y3MBN7Fz
C5006,632554,https://pan.baidu.com/s/1m_IrrIQrJGpVCMpKX-N9Ug,https://cloud.189.cn/t/YZ3EryjmQJbe
大航海时代4威力加强版HD,321541,https://pan.baidu.com/s/1YRCL-_rAtMuVON6DusKg1Q,https://cloud.189.cn/t/uyYB3mimEnUb
东方光耀夜,522155,https://pan.baidu.com/s/1sQPfMLFzJRbNOY67kEhQyw,https://cloud.189.cn/t/UNVrErqMzyMv
东方帝国,358996,https://pan.baidu.com/s/1CmQT2Uak8a-crS9743Vofg,
地精公司,365214,https://pan.baidu.com/s/13Ol0ZByp2t98-yzcpKvhJQ,
达芬奇密室2,321112,https://pan.baidu.com/s/1D9xvpEXTGf-zLFGmqMCoxQ,
刀剑封魔录,687995,https://pan.baidu.com/s/1aemi-lthSIkO1VGnthMW9w,https://cloud.189.cn/t/QbyimmaAF3iy
大厨生活 餐厅模拟器,598889,https://pan.baidu.com/s/1qz0MdZCz8tr8UxygABC_4Q,https://cloud.189.cn/t/zmqiqyI7BjUf
弗洛伦斯,895666,https://pan.baidu.com/s/1xm-FAzI3qXP9ALluYEHGVg,https://cloud.189.cn/t/rI7fuiimqIfm
愤怒的大脚,546333,https://pan.baidu.com/s/11Ho1yHBjlmQnTC_htuS-cA,https://cloud.189.cn/t/ZVrmieV3ym22
钢铁之师：诺曼底44,258774,https://pan.baidu.com/s/1_8SEofy1jzUC0dxoUBTMDQ,https://cloud.189.cn/t/FjyMVbyYjYbq
公路救赎,521487,https://pan.baidu.com/s/1AN6T_6HILYFgOFaX-lr8ZA,https://cloud.189.cn/t/qEfqeam2ArEr
哥特舰队：阿玛达2,548855,https://pan.baidu.com/s/1e-T5JsMciM_lUlDL4gYsIw,https://cloud.189.cn/t/FjiyyaBzAnQn
格尔达 寒冬之火,457863,https://pan.baidu.com/s/1YcZCo-wTksfkH0uFsZ8OQA,https://cloud.189.cn/t/fu6N7fbi6faq
公鸡神探,963254,https://pan.baidu.com/s/1SSDrxBnMBBrFSVwm-ooTjg,https://cloud.189.cn/t/bUryauJbqQFr
公理边缘1,256444,https://pan.baidu.com/s/1KuSWgTBf9Rn7n-oaKUTouQ,https://cloud.189.cn/t/VzYjeaFjQjM3
国王的恩赐2,515447,https://pan.baidu.com/s/1W4llRUihIZyOpxfQThmL3w,https://cloud.189.cn/t/6ZbYNjuQ3Aju
工业小镇,875669,https://pan.baidu.com/s/1kjLWQhmxLh1H0ohLPf13Ng,
工业小镇 放置版,214587,https://pan.baidu.com/s/1bUM7ExtxF3REJJMngJP21w,https://cloud.189.cn/t/zq2ERrYbqqUf
钴之核,215333,https://pan.baidu.com/s/1BzmCykN9BXnhhE4yo2o31Q,https://cloud.189.cn/t/VfMFBbrUj2Qv
光年拓荒,254655,https://pan.baidu.com/s/1T7VyfV0PQOFt9Y7XStTXVw,https://cloud.189.cn/t/RBfyuqfUf6Fv
和班尼特福迪一起攻克难关,358774,https://pan.baidu.com/s/19xNp-QwgHqk0bYCEaRPCbg,https://cloud.189.cn/t/ZzqMbinIVFJf
黑道圣徒3：重制版,874511,https://pan.baidu.com/s/14ae1EZiC13trmR0uQ5QAQA,https://cloud.189.cn/t/IZZBBvruqiyy
和声,256666,https://pan.baidu.com/s/1H01hhsipPMk0vQEx200Z7Q,https://cloud.189.cn/t/UvmMFfBJnIra
火焰之纹章：IF,256447,https://pan.baidu.com/s/1Hu8blxY3QTfkz8bATUAN6Q,
火焰之纹章：觉醒,236447,https://pan.baidu.com/s/1AQKtoCQsNLuO-dgW9DJQGQ,
火焰之纹章回声：另一位英雄王,321447,https://pan.baidu.com/s/1Tjyp9rilk1Gacv4CuBcGTw,
火焰之纹章：苍炎之轨迹,326111,https://pan.baidu.com/s/1Zsv9Maarp4rVasov60mL9g,https://cloud.189.cn/t/VZBJ7fIvIR3u
火焰之纹章：风花雪月,258774,https://pan.baidu.com/s/1I3KmFbQfldvex9HOwNrf-A,https://cloud.189.cn/t/2yy6VnfqE7zq
火焰之纹章无双风花雪月,254887,https://pan.baidu.com/s/1V_JMKbov7OAyx7N0efFJ-g,https://cloud.189.cn/t/nuqYZ3myqMzu
海之呼唤,532336,https://pan.baidu.com/s/11ySFVEQWJ_IZL_61l8NEHg,https://cloud.189.cn/t/fuqEjyI7VNru
轰炸机小队,325666,https://pan.baidu.com/s/15Bu84ZsfRoPonRyvDHabNw,https://cloud.189.cn/t/qmm2Y3Mr6nm2
哈罗德 哈利巴,658744,https://pan.baidu.com/s/1zuVcVfUNdWS5_0TzCRWCVg,https://cloud.189.cn/t/Fn2QJjm2yaA3
H3002,366665,https://pan.baidu.com/s/1z-v-mJ4ImSOr_Fid5x5Mrg,https://cloud.189.cn/t/A3QbEjyIBBzu
精灵鼠传说,213658,https://pan.baidu.com/s/1ewO8mfD_Vaz8IIZncqjQrQ,
巨神狩猎,525487,https://pan.baidu.com/s/17MUSuqkdxaxwv3U3SfzVNA,https://cloud.189.cn/t/umqEFrf6Njaa
酒馆大师,148744,https://pan.baidu.com/s/1DKDKtY_l6gCpBJPdBTurvw,https://cloud.189.cn/t/iUvm63qMB3Mr
寄梦远方,135874,https://pan.baidu.com/s/1vtX8CbovWhdpTdH2MngAjA,https://cloud.189.cn/t/ZBZNRzvUvQV3
街机大合集千机变742IN1电脑版,358774,https://pan.baidu.com/s/14rWP8e-Nj-F8l5On60JfAA,
将军 对决,251330,https://pan.baidu.com/s/1ZinxoLnFTtclcFUmdo_6ag,https://cloud.189.cn/t/FziEruFBZzY3
击剑预备,215666,https://pan.baidu.com/s/1C641pWFcI-LHj7O-x7McfA,https://cloud.189.cn/t/MNzAFbeqUJ32
绝密 法国44年,659784,https://pan.baidu.com/s/1Dm-_m7ttQNE6a-7ZHyYv8Q,https://cloud.189.cn/t/biqERjNbiaiq
饥饿派画家2 迷失,215222,https://pan.baidu.com/s/1A5s5yYTWLcV3eUqRiHJoUw,https://cloud.189.cn/t/iyyqamm2eaUv
寂静之地 前路漫漫,658744,https://pan.baidu.com/s/1btEo7sfvLaQf3dfHdsAenQ,https://cloud.189.cn/t/QvmAneJRna6b
口袋妖怪LetsGo皮卡丘伊布,548777,https://pan.baidu.com/s/1nL8mGO5dC6X6tQQ1bT-8Fw,https://cloud.189.cn/t/Nf26RjuUvme2
口袋妖怪究极日月,356478,https://pan.baidu.com/s/1-jzVNj0VQV8rzBddHVjsxQ,
恐龙公园,787774,https://pan.baidu.com/s/1aB5ISIke22iv-FDe56qjFg,https://cloud.189.cn/t/jim6VnVvAFFr
苦痛之环,254888,https://pan.baidu.com/s/184ZxjOcyFcXkZbqZ0RGNHw,https://cloud.189.cn/t/vUJBjiaQbEZn
卡牌生存 热带岛屿,325554,https://pan.baidu.com/s/1fMVLpD2fQ4GOJv1pKf2iKQ,https://cloud.189.cn/t/QJ3yemjm2ieu
恐惧与饥饿,326333,https://pan.baidu.com/s/156i63b1VtZhPL1FH3lv0xA,https://cloud.189.cn/t/ARfMBjfqiIBz
K5003,236665,https://pan.baidu.com/s/1vxJPQDCJvOtr37fRrjzDZQ,https://cloud.189.cn/t/e6J3qiIVRNni
乐高漫威超级英雄2,659774,https://pan.baidu.com/s/1qWQcMiCsBN0TSnQBCr265Q,https://cloud.189.cn/t/iMfuquEfI7za
蜡笔小新我与博士的暑假没有终点的七日之旅,548778,https://pan.baidu.com/s/1qvQX4BV8_vkBQ83Pc62oHw,https://cloud.189.cn/t/imiYBvzARZZv
廖添丁 绝代凶贼之末日,326665,https://pan.baidu.com/s/1kqEfZ-c4jq-_uYufChesOw,https://cloud.189.cn/t/by6RvyfuInAj
命运之手2,352147,https://pan.baidu.com/s/14EpYa2H3HGTUkvANawtpZw,
马里奥赛车8,356664,https://pan.baidu.com/s/1ryFWY4q6KnkLlRB46T7pJA,https://cloud.189.cn/t/vaEZBvrQR3qm
末日地带：与世隔绝,546665,https://pan.baidu.com/s/1okS993wnZGYBuID7ojpDOQ,https://cloud.189.cn/t/ABVZ7biAjYry
魔物学园 毕业舞会大作战,587666,https://pan.baidu.com/s/1J84z6hjt-xfeSaj4UKhK5g,https://cloud.189.cn/t/uUbAf2AVzyI3
魔戒 咕噜,514633,https://pan.baidu.com/s/1ErmxKZwPWdVnuBRy2Mwb5g,https://cloud.189.cn/t/uQvuMbAZnqAz
冥界清道夫,563877,https://pan.baidu.com/s/1DB7ZCkS7MsPqoxsfWHnyOA,https://cloud.189.cn/t/bYrAvqmiiamu
美少女万华镜3 为神所生的少女们,356662,https://pan.baidu.com/s/1F1hlygEXr8SOGtWQdqrqGg,https://cloud.189.cn/t/f6BVraVjayqa
Nexomon：Extinction,325778,https://pan.baidu.com/s/1zqGV19QplteGp28EgqIfkQ,https://cloud.189.cn/t/uY3MzyZVjiAv
N3009,542111,https://pan.baidu.com/s/1Ji16IBnlhizvAWlB4yqZvQ,https://cloud.189.cn/t/mUbeI3BfmQba
旁观者2,254154,https://pan.baidu.com/s/1qgAz3ifeLDy5mA53MFUY7Q,https://cloud.189.cn/t/MBr6BbvI7vqq
潘斯克里克罪案,325641,https://pan.baidu.com/s/17-sNkas9_0vPTVK1XBjNdg,https://cloud.189.cn/t/Ejm22i6JN7Fz
拳皇2002：终极之战,458774,https://pan.baidu.com/s/1i1H1axyrrCK9k3VfoYqFfw,https://cloud.189.cn/t/7vaYfm6FfMR3
旗帜的传说2,587447,https://pan.baidu.com/s/1JzoRygEDCV_qJVmhJ3O1cw,https://cloud.189.cn/t/JNbiiyUJZRBb
全网公敌2 新世界,526215,https://pan.baidu.com/s/1SPp_k4XBPYrDRb-0POEHHg,https://cloud.189.cn/t/ZVJbA3z6Jve2
奇星协力,652545,https://pan.baidu.com/s/1T72ttTnjdRlx7cyt0gCpdA,https://cloud.189.cn/t/B3qIZrJFRjqu
RWBY：戮兽之蚀,896698,https://pan.baidu.com/s/1Xmfl-u7OPqSE2zMJTlXENw,https://cloud.189.cn/t/2IJbYnVzQv2e
如龙3重制版,215444,https://pan.baidu.com/s/1Si4JwMPQSzbxZIcI_4PmGg,https://cloud.189.cn/t/Yj2Anqmq6R32
忍者神龟COWABUNGA合集,852633,https://pan.baidu.com/s/1yOY0zKA9NqjHIVKN5vy-2Q,https://cloud.189.cn/t/uYBZfiruQbUn
任天堂全明星大乱斗,256669,https://pan.baidu.com/s/1FUGSMNQBNAdMLgBf9mc3NQ,https://cloud.189.cn/t/URn6R3Qjemq2
使命召唤2,588888,https://pan.baidu.com/s/1Dsr3D3-VTKHvAyhf3xcS4A,https://cloud.189.cn/t/NfINrqEbIJ3m
生化变种,259649,https://pan.baidu.com/s/1NRoSm9HQC2STIgfBZE4tPg,https://cloud.189.cn/t/muQbeavEJbeq
三国群英传7,326541,https://pan.baidu.com/s/1EwMEsXPYZ45Xwb6wzciHLQ,https://cloud.189.cn/t/YbE3MrqEfEvu
三国群英传8,236663,https://pan.baidu.com/s/1nk4B_3h0r1PjCc31eCvBow,https://cloud.189.cn/t/rueqMfzqYram
神领编年史,326330,https://pan.baidu.com/s/1QEeifkZoV2814FmLm3E0cg,https://cloud.189.cn/t/eAJfIfRnYrUn
死亡垃圾,854779,https://pan.baidu.com/s/13o8WteNJPTpdblP9Z9AYGg,https://cloud.189.cn/t/fmyU3uj6VrIn
世界树的迷宫2诸王的圣杯,325669,https://pan.baidu.com/s/1nxB5Mv2Dt5MmnyjGm6WqKQ,https://cloud.189.cn/t/Vn2QzemIVZb2
侍道外传：刀神,635287,https://pan.baidu.com/s/1WOO6cmQzQgbVUco0UUg3jA,
侍魂晓,658666,https://pan.baidu.com/s/1tqoWhpawWgM-59iJ2fWa4g,https://cloud.189.cn/t/buqYfabU7zAz
搜魔人 英雄联盟传奇,254887,https://pan.baidu.com/s/1kCyM2jkntUtBCmLttt1GOA,https://cloud.189.cn/t/iURbIfYzIrqq
死链,253222,https://pan.baidu.com/s/1HSn0zFXJR4dEkpW9N67f8Q,https://cloud.189.cn/t/Vbim2mYfuemy
森灵农园,215477,https://pan.baidu.com/s/1ZBdq5wncTi55TxT126bUAw,https://cloud.189.cn/t/NFFjYjFfmiMz
时空叛客,320587,https://pan.baidu.com/s/1teDdXkph5Z9_NRrsCobG3w,https://cloud.189.cn/t/3qeMb2RF3mie
燧石枪 黎明之围,541885,https://pan.baidu.com/s/1sD5W4LMGDHa44XVskKXqQQ,https://cloud.189.cn/t/yaMRjqb2yaQj
少女歌剧,325855,https://pan.baidu.com/s/1VrugkFm7WQ0BzSGJG8XP7w,https://cloud.189.cn/t/qqQVVnAJ3Mb2
苏美尔六人组,521633,https://pan.baidu.com/s/19y0rRsKCPMr6vxSdbuzRsQ,https://cloud.189.cn/t/7JFRFjqy6BRf
S3007,326558,https://pan.baidu.com/s/1rYkzdfU3P0-Ekpw9CTXLrg,https://cloud.189.cn/t/eERRniYvUrMf
S5003,325441,https://pan.baidu.com/s/1EGBXznfVIsMOspiMLOpQzA,https://cloud.189.cn/t/MreYjmv2mqu2
S5023,965865,https://pan.baidu.com/s/1fNrtT7UBJB5xuuXB7vVP6g,https://cloud.189.cn/t/QN7f2mNryyaq
讨鬼传 极,302333,https://pan.baidu.com/s/1OMJcaGAg70bnJeTulb0pBA,https://cloud.189.cn/t/26raUnM7naq2
铁路在线,652487,https://pan.baidu.com/s/1qPR39cAHn4EqWwvDnPggrw,https://cloud.189.cn/t/nYzqQ3QfM7Zn
褪黑素,215200,https://pan.baidu.com/s/1FxfzNtzaw0yPSFKWClKy3A,https://cloud.189.cn/t/BFv6JnNNBzqy
T3003,364887,https://pan.baidu.com/s/1ET1mMz3htThPuFkHoo0f-Q,https://cloud.189.cn/t/aAjuyaYzmuii
T3015,326665,https://pan.baidu.com/s/1U4bdcARhol0Q5B1vOh87SA,https://cloud.189.cn/t/qeYbqquqMRRn
UNO,236665,https://pan.baidu.com/s/1VvodOkAOGJDUZB4pQiCXBQ,https://cloud.189.cn/t/eYri2auqmuA3
为了吾王,587966,https://pan.baidu.com/s/1IE4w_DtIDsutkr0rcx2-HA,
WWE 2K19,587444,https://pan.baidu.com/s/1Q66vYnbBbz5eXpR_lPW5XQ,https://cloud.189.cn/t/Mj22miY32aQj
WWE 2K15,548777,https://pan.baidu.com/s/1bZWZJziW1noQ-BMd99NxfA,
WWE 2K22,326558,https://pan.baidu.com/s/1r3hrlkgXYsCpwJv4pij4Qw,https://cloud.189.cn/t/2QNN3eBJruie
王国保卫战：起源,632145,https://pan.baidu.com/s/1Lwxhjy935kVzYn-V2gOnZw,https://cloud.189.cn/t/fQZjMz3InaQb
王国保卫战：前线,566632,https://pan.baidu.com/s/1OGOLGAgHZx4EdPla9weCjA,https://cloud.189.cn/t/VzeeMriY3Yfu
未上锁的房间3+2+1,358745,https://pan.baidu.com/s/1k7RQO0jBeSjdmNZFsQvF6A,https://cloud.189.cn/t/qQVjm2Rfuq63
王国 新大陆,562445,https://pan.baidu.com/s/1X-upLPaOjDh9kH-ONC-p2Q,https://cloud.189.cn/t/eyq6reYJF7Vn
W5003,589999,https://pan.baidu.com/s/15Kb9YHR8wdb0ZQX_ElgaQg,https://cloud.189.cn/t/q63QFf636JBb
信长之野望：大志威力加强版,548777,https://pan.baidu.com/s/17dmsJU8d2yHo8PBI98Ch5g,
小偷模拟器2,326555,https://pan.baidu.com/s/13u63KweGrp_VsVmuBfkbCw,https://cloud.189.cn/t/Y3aANrFFjmqy
血战西部2,358779,https://pan.baidu.com/s/1uKfbC74GI9Vt_nxymJk8dQ,https://cloud.189.cn/t/JjUJf2JBruE3
星之卡比探索发现,879665,https://pan.baidu.com/s/1V7UC32aLvp8Xzp4qN2xAGA,https://cloud.189.cn/t/JnqaAbQR3mAn
星际乐土太空基地,365447,https://pan.baidu.com/s/1LWkbuLIFw5WDjdD8zNWFEA,https://cloud.189.cn/t/JvyMRzNbUbqa
小兵大战,254114,https://pan.baidu.com/s/1DDFcnCqasyvr0w5neMew0w,https://cloud.189.cn/t/n6B3YrjQJJfu
小熊与早餐,320002,https://pan.baidu.com/s/1RFh1sbOFlvGprCTjfJ4ijg,https://cloud.189.cn/t/zAFRJfjeeaMv
学园构想家,253000,https://pan.baidu.com/s/17gmSrv17BtbfJRbWfA4eJQ,https://cloud.189.cn/t/mMNRN3fUnMvy
锈湖 根源,325778,https://pan.baidu.com/s/1XF2GJbOCPdhZnOhWbq1T0A,https://cloud.189.cn/t/7fuuAvMfM7Bz
寻路者,521400,https://pan.baidu.com/s/1gURSeEIh02_ONfuQL1pQiw,https://cloud.189.cn/t/EJzARzVvuiUv
小飞船大冒险,212533,https://pan.baidu.com/s/1xj7WkhpPoSi126oMbKYw2g,https://cloud.189.cn/t/zI7NrmAJB7Fz
X3010,354777,https://pan.baidu.com/s/1uOIsj7JpCY_klDkWkdstZQ,https://cloud.189.cn/t/NNZ3meRR3Ira
英雄传说：空之轨迹3rd,635587,https://pan.baidu.com/s/1rLkOytEgj0GKmWx__Uq-mA,https://cloud.189.cn/t/aAFvMzA3MjEf
夜勤人,215447,https://pan.baidu.com/s/1Y187JVJQO4JD0blEF66zEg,https://cloud.189.cn/t/feeuua7jMNvi
异度之刃2,125558,https://pan.baidu.com/s/1qB4Pmstf80jz-CukYqMfEw,https://cloud.189.cn/t/ii6Jb2Yj6J7v
异度之刃3,254887,https://pan.baidu.com/s/1nT57s1Ce9O9GupZ1ofP-BA,https://cloud.189.cn/t/3mm2Qf6jEfE3
勇网直前,774877,https://pan.baidu.com/s/19KKWgmG1z3qTZTks4w8OUw,https://cloud.189.cn/t/ZjAZZvQbYVBv
异形工厂,854773,https://pan.baidu.com/s/1B2ho3M2qOMGtLmT_fBWDIA,https://cloud.189.cn/t/J3iyuuzaaAzi
尤卡莱莉大冒险,254774,https://pan.baidu.com/s/1Ny4JqAsmyOhYqEtX3W96ww,
油管主播的生活,362225,https://pan.baidu.com/s/1wfiHeGCvFamE1WY6kLIAOA,https://cloud.189.cn/t/7NjMzqymaaim
影子工厂,563221,https://pan.baidu.com/s/12ZPaK6EKp4B60RHj8c3_AA,https://cloud.189.cn/t/3Ej26bFB3Y3m
宇宙之轮姐妹会,525566,https://pan.baidu.com/s/1-c9C35qzJyi4VixHmMSCIA,https://cloud.189.cn/t/EZjuiyvQZ7fq
银花,215477,https://pan.baidu.com/s/1NhSZwHQrpIGBEnz1oMRcAA,https://cloud.189.cn/t/mYNRFffMn2Yj
异形 殖民军,352000,https://pan.baidu.com/s/17f7MaHyscIzWvnEUxubTnw,https://cloud.189.cn/t/e22mYjIjAFre
Y5006,356441,https://pan.baidu.com/s/1VnnAs654kTeTayi2GOuvmQ,https://cloud.189.cn/t/BN3QjiAJ3qye
最终幻想13-2,568889,https://pan.baidu.com/s/1E2zRbi2TWV1dNPSuKf06VA,
最终幻想13-3,658774,https://pan.baidu.com/s/1e56GIgkl9nlntPP07l6uwg,
中世纪2：全面战争,254899,https://pan.baidu.com/s/1o9RAXybRsS7_v16MQmb8gQ,https://cloud.189.cn/t/qY7vM3vYfMBf
再见狂野之心,236666,https://pan.baidu.com/s/1VbOKUp7lCjenJtRIIVp_1w,https://cloud.189.cn/t/JV3ymmne6jqi
最后的战役：劫后余生,698887,https://pan.baidu.com/s/1EKloVetra3oXfVqijd840Q,https://cloud.189.cn/t/f6bIBrF7RjYz
战斗四驱车,879996,https://pan.baidu.com/s/1pDNGdVYCxvgbLbVE2uTMdw,https://cloud.189.cn/t/2Uryq2UzayU3
终极提督 无畏舰,254112,https://pan.baidu.com/s/1xH7nnFQfbUH0JibYHyyruA,https://cloud.189.cn/t/qyy2AzmmUV7z
致命躯壳,587778,https://pan.baidu.com/s/1i7gwhzCafV8xLSj0Er53_w,https://cloud.189.cn/t/MVzMRnMRzIF3
租房达人,215554,https://pan.baidu.com/s/1r3QgLtoJs01_mKJ1Qj_dtw,https://cloud.189.cn/t/rmamIvfuqERf
咒术师学院,251887,https://pan.baidu.com/s/1gVAGVDAPQKVkjtf9-8u0ug,https://cloud.189.cn/t/NfIZNzUvAJN3
战壕惊魂,652333,https://pan.baidu.com/s/10NECKu4x3KTD0Xkknl54vA,https://cloud.189.cn/t/fyMNvqJRnq6b
钟楼 重制版,546255,https://pan.baidu.com/s/1DCI52K2E5XXrgxaHGAN1bw,https://cloud.189.cn/t/JFF3QrQzmqIn
Z3017,366665,https://pan.baidu.com/s/1tthp7fE7CGp9G7kdL8yChA,https://cloud.189.cn/t/ZbAJ3a7ruE7z
Arise：一个平凡的故事,358774,https://pan.baidu.com/s/1u3S27X1jsKDrJOPdBJzQcA,
哀恸之日,566333,https://pan.baidu.com/s/1ua21A4haZsEr1U8a7OTO1w,https://cloud.189.cn/t/yaa6JjRV3qy2
A3002,487777,https://pan.baidu.com/s/1OjYUA6EfyLw0mnFZNOo5yA,https://cloud.189.cn/t/ZfQRj2fmEJj2
崩溃大陆,852364,https://pan.baidu.com/s/1o0-PmLlRDFLcA9q6kl30pw,
变形记,258777,https://pan.baidu.com/s/1tn-e2bz3nSFxppArjSyeIQ,https://cloud.189.cn/t/FreAv2aiIjy2
北方之魂,362114,https://pan.baidu.com/s/12LlhkxlAUQ0eTmpfQP6UNA,https://cloud.189.cn/t/jaEFRn6N7rAf
碧波之下,253222,https://pan.baidu.com/s/1lYRTSayI74HYkX-9Bj4Zsw,https://cloud.189.cn/t/qyM3em26biQf
不同的冬天,211458,https://pan.baidu.com/s/1K1CLwmn5zIXQAaYLPsXDOw,https://cloud.189.cn/t/UVrIna2a63im
北海道连续杀人事件 消失在鄂霍次克 追忆流冰 流泪人偶,542633,https://pan.baidu.com/s/1L4VQdDIaaoHKTk9KpNok4Q,https://cloud.189.cn/t/qMFv6rMbyY73
布鲁姆镇 另一段故事,542100,https://pan.baidu.com/s/1truIc7HgsM2b4Y-pdxUJDg,https://cloud.189.cn/t/eQ77B3IZRbaa
超次元海王星：重生3 V世纪,625554,https://pan.baidu.com/s/1mQ6pKof9AcwApNNu4DoiGA,
淹没之城,325447,https://pan.baidu.com/s/15Iga37pumHC9woOeYxE6sg,https://cloud.189.cn/t/zUveYnam26N3
CHANGE无家可归的生存体验,216223,https://pan.baidu.com/s/1zn2hs123jrXxG3Hr8pbQfw,https://cloud.189.cn/t/QFBRjeVnYF7v
达芬奇密室3,631547,https://pan.baidu.com/s/13oH0-yIyc-qfg-oTAOK2IA,https://cloud.189.cn/t/YN73AjA7RJvu
地狱卡牌,121448,https://pan.baidu.com/s/1MRuHNtR6fXhoVcbO_8d-Xg,https://cloud.189.cn/t/FRNvQnUJZnEf
钓鱼 北大西洋,112221,https://pan.baidu.com/s/1oZtfIv2D-P6qGn1wMYVh_w,https://cloud.189.cn/t/emUfQzZvYBBn
东方的迷宫 幻想乡和通天的大树,365998,https://pan.baidu.com/s/1fdj6m1iPvoBbdICJfCPOzg,https://cloud.189.cn/t/b2uqAfQnMZVv
到家,587965,https://pan.baidu.com/s/1WSQ3aGDYYq7cRCPCWesunQ,https://cloud.189.cn/t/IVB32myArA7b
动物收容所,326555,https://pan.baidu.com/s/1cGSU-IhNmTxFvizAvbmvpg,https://cloud.189.cn/t/UjUJVb2Afumu
方块方舟,215448,https://pan.baidu.com/s/1wlOuvMqYCCjHp0lIAY6DJQ,https://cloud.189.cn/t/MRJZZbqIZVNr
辐射谷物语,654887,https://pan.baidu.com/s/19itU4Ga3l0skKqW5XyXqmg,https://cloud.189.cn/t/6z2IfaYNjIFz
F3011,120144,https://pan.baidu.com/s/1AxwFVgPRHrIt1Pe942PghA,https://cloud.189.cn/t/fUBZNvaEVnqe
孤山速降,365225,https://pan.baidu.com/s/1e7Gv5UKlteGCeZsZAq1E0g,https://cloud.189.cn/t/RNBvErv2AVJn
观测号,357852,https://pan.baidu.com/s/118qqZeT2QQZZqXPTTMx1wQ,https://cloud.189.cn/t/IZFRRzUJ7rMr
关于我转生变成史莱姆这档事 坦派斯特开拓谭,325222,https://pan.baidu.com/s/1riL_khiWkCe98z5UniN7Hg,https://cloud.189.cn/t/uMBfE3mEvA3u
哥里 可爱大灭绝,215333,https://pan.baidu.com/s/1kWaVI0GrrzQXmnxbf_NFpw,https://cloud.189.cn/t/FBnuy2jymQru
G3004,258887,https://pan.baidu.com/s/19BedlfPnd42UesAqrKqEVQ,https://cloud.189.cn/t/B7r6rqu6BnUb
G3010,115477,https://pan.baidu.com/s/1VKe-E1N8Yj7ZHIap8rpUfw,https://cloud.189.cn/t/BJnAJrqy22Ev
黑道圣徒4：世纪版,632541,https://pan.baidu.com/s/1fbZMTIKdAVYq5ZSH76Pm4A,https://cloud.189.cn/t/2YVveifIVBZ3
黑道圣徒重启版,231554,https://pan.baidu.com/s/1ZsKMkKoLb226Wij9iMxs3g,https://cloud.189.cn/t/jqQnAjrmemIn
核爆RPG：末日余生,154444,https://pan.baidu.com/s/11vpmuy3wrLkHcDuD3mUmqg,https://cloud.189.cn/t/ANj2qeEvYbI3
荒野八人组,215446,https://pan.baidu.com/s/1KqSom4OiQapIV6MWXGIRoA,https://cloud.189.cn/t/vA3EFbjQbEfa
昏迷2：凶残恶毒姐妹,213632,https://pan.baidu.com/s/1RRBRN0HHq6K-BS3UqIAqqQ,
海沙风云,256333,https://pan.baidu.com/s/1PCY-YcyRlkKrEE6AVknehA,https://cloud.189.cn/t/YfqyY3mYjyyu
荒原疗者,215444,https://pan.baidu.com/s/1re_S_QnozJFdVg-s5eoYNg,https://cloud.189.cn/t/QjAJFrYjeUB3
黑暗侦探,215877,https://pan.baidu.com/s/1EKOPa5RtNsybaouU6i0EbQ,https://cloud.189.cn/t/aaUvEjQjemEj
幻日夜羽 蜃景努玛梓,657448,https://pan.baidu.com/s/1D_3_q8PprRDpVRNQgrFR2A,https://cloud.189.cn/t/IBZbqeqyuM7v
湖,542588,https://cloud.189.cn/t/bqaqQvYVBnIj,https://cloud.189.cn/t/bqaqQvYVBnIj
华音,215899,https://pan.baidu.com/s/1PEcBisifTTjRoaRfg_SIOQ,https://cloud.189.cn/t/n2iyIn7RjmUz
H3014,254887,https://pan.baidu.com/s/1Jc-F0hVyUlSttpUEndmhOQ,https://cloud.189.cn/t/AneuInINbMra
Ib重制版,256332,https://pan.baidu.com/s/1lqrR8GHpw617QfgFZXfeQw,https://cloud.189.cn/t/nY7zQvRRBvYb
狙击手：幽灵战士3,259648,https://pan.baidu.com/s/1JT2E4iLjDtTV_3nU7Jiu8A,https://cloud.189.cn/t/ArEnMbumIvA3
狙击手：幽灵战士1,524777,https://pan.baidu.com/s/1udMKtnBQAxnsMMYtmnFMtQ,https://cloud.189.cn/t/Mr6fiuuMrU7b
剑与魂：未见,632554,https://pan.baidu.com/s/1zRuyxxETtowwVIzymsKsYA,https://cloud.189.cn/t/ABNjuynIzAnm
机器人殖民地,852225,https://pan.baidu.com/s/1KX5KwTk-BvlcuAK4XGEv6A,
机器人海库,321566,https://pan.baidu.com/s/1v-XeahRThTzZGcsezEBWuw,https://cloud.189.cn/t/3ERvieVbIrea
极渊,258941,https://pan.baidu.com/s/19iD1M0SjQhqe6HYrJ7sYyw,https://cloud.189.cn/t/uyAj2yemARJf
加菲猫卡丁车：激情竞速,362114,https://pan.baidu.com/s/1xCiL9fe7lmc0o666ajaUTw,https://cloud.189.cn/t/JryYnam67bau
聚点危机 英雄联盟外传,215447,https://pan.baidu.com/s/10U5nV1ZxQ_JgX_VajcpvCw,https://cloud.189.cn/t/uEnyAvUjUVNf
机场 模拟地勤,154778,https://pan.baidu.com/s/1ApG6GlVnf9z1ZmpbmAVZsA,https://cloud.189.cn/t/YVfyI36Rryiq
恐怖酒店圣丁菲娜,258888,https://pan.baidu.com/s/1xNtogYtsQOX0IU8sIL8YqQ,https://cloud.189.cn/t/EjI7ZrEVBn6j
扣押,233331,https://pan.baidu.com/s/14astnyCSItvVXCTegeOOig,
空中王国,254669,https://pan.baidu.com/s/13fLhVuGydCotigBDxccosg,https://cloud.189.cn/t/QBFvumm6vEZb
肯泽拉传说 扎乌,215200,https://pan.baidu.com/s/1sIjudGWslKEwuxT9OqL_ZQ,https://cloud.189.cn/t/iQBzMnvAzyeq
洛克人传奇合集2,254666,https://pan.baidu.com/s/1qmu1IUeHNBvb8WmJIhL_5Q,https://cloud.189.cn/t/ZVjIva6vIbmi
灵魂之魂,587774,https://pan.baidu.com/s/1oXF3ZDJx_FJkSNRwyDjpng,https://cloud.189.cn/t/UjaA3eAzyEZb
龙星的瓦尔尼尔,745447,https://pan.baidu.com/s/1KE5Ijba2kU_Gl7-uvFPxJw,
轮圈竞速,145225,https://pan.baidu.com/s/1uPje71pTOvsGuVxCDH1VYA,https://cloud.189.cn/t/nyQFfqNRRjQv
朗克历险记,235444,https://pan.baidu.com/s/1lyxs4-egFuVqG15xjCLT7A,
莱恩的岛,525444,https://pan.baidu.com/s/1VuDbPcPZysvHGjr5MJ__bg,https://cloud.189.cn/t/V7NFNraUrQZz
罗马执政官：高清重置版,785489,https://pan.baidu.com/s/1WndDfwinxRI_pwgTIZeEKw,
墨西哥英雄大混战2,254521,https://pan.baidu.com/s/14rYhSbV-tYjHuNlG7s95ZQ,https://cloud.189.cn/t/RvqEZfRNFZni
模拟火车世界2,256666,https://pan.baidu.com/s/1CyNnkhAJU5JiBO1gPwaJ-Q,https://cloud.189.cn/t/yqYRz2MfAJvi
模拟火车世界3,569998,https://pan.baidu.com/s/1J7WDSeghyYbpWyzXmKg5gQ,https://cloud.189.cn/t/FVraemvyYvia
魔域之书,154517,https://pan.baidu.com/s/16quIGlFK3F62nLDHkQH3gQ,https://cloud.189.cn/t/yAVNfiBJrequ
梅尔沃放置,587779,https://pan.baidu.com/s/1shH9CidkuiigmB28W6wDkw,https://cloud.189.cn/t/F3MbumzIJfIj
马基埃亚尔的传说,332114,https://pan.baidu.com/s/1hLlDixG-OvX3HX-dTdlIbw,https://cloud.189.cn/t/fyyqIbvMR7Vb
魔女之家MV,874559,https://pan.baidu.com/s/1XWQOP1TX4Qui3XWXIIjBcQ,https://cloud.189.cn/t/qeuiQnJnMfm2
喵咪斗恶龙2,854745,https://pan.baidu.com/s/10tSy6IBinfNcIYeIOW93xg,
模拟机场,212222,https://pan.baidu.com/s/1IyaiMMoRB4qfx02x-OKOPw,https://cloud.189.cn/t/mErmE3Qf26Jn
魔法大师,326665,https://pan.baidu.com/s/1etqxFzIetfxBLwPSSdnxKg,https://cloud.189.cn/t/miaayafiEjua
玛莎已死,548888,https://pan.baidu.com/s/1DpReeUtYo6KJY-UC-V3QNQ,https://cloud.189.cn/t/rQjuIjUveuUz
莫莫多拉 月下告别,121588,https://pan.baidu.com/s/1uDPNeTsKEGI-MvhjG95p1A,https://cloud.189.cn/t/jUbQbuUVRV7j
末日拾荒者,215632,https://pan.baidu.com/s/1P2UuVFvL7jcWgPr2MkdoBA,https://cloud.189.cn/t/FV3mEnUjE732
猫咪斗恶龙3,214222,https://pan.baidu.com/s/1zDAqNVSxLqsxr4qHR8fiig,https://cloud.189.cn/t/mQVfu2nYVb22
M5001,254445,https://pan.baidu.com/s/1DqRrDIbfeink377LZCE3EQ,https://cloud.189.cn/t/B7rYZb2e2Mru
M5025,358774,https://pan.baidu.com/s/1khUZqWS8BhH2JC7xlBVuWg,https://cloud.189.cn/t/faiAfiFnIj2e
南之町,658745,https://pan.baidu.com/s/1JOfOgbJUKratpnRTqzj19Q,https://cloud.189.cn/t/AZjyAbfqYFbu
N3010,521022,https://pan.baidu.com/s/13s6z7o35FPLN2kS-juO4vQ,https://cloud.189.cn/t/ymIniaUJFNne
痞子英雄：泰索斯遗迹,633325,https://pan.baidu.com/s/10U-BGmzXkuZJjvZ5R9vLkA,
佩妮大逃脱,324785,https://pan.baidu.com/s/1iH9ucSM5PnlRcgi1jbxzrA,https://cloud.189.cn/t/bmAv222iiiuy
拳皇98：终极对决,548997,https://pan.baidu.com/s/1sgotBuH9QG0WxUYdyDuUaQ,https://cloud.189.cn/t/Ejma6jfMBriu
奇妙逃亡,632547,https://pan.baidu.com/s/1KAc-LGPYaB8iNYPgbqi1dg,https://cloud.189.cn/t/M3a26jBJjmAz
千爵史诗,659999,https://pan.baidu.com/s/1LlGLs44f-0VVhRC9i-VJhQ,https://cloud.189.cn/t/ZFbIFr3UFFVz
奇妙探险队2,326665,https://pan.baidu.com/s/12Xi9r65vD0dQDkhK-VSexQ,https://cloud.189.cn/t/yeUvuiEBrYF3
倾听画语：最美好的景色,448775,https://pan.baidu.com/s/18a39f0iI-pQ8ga3u320kuA,https://cloud.189.cn/t/uUJ3QnnUNZB3
墙世界,114569,https://pan.baidu.com/s/1uHJc2V3dF7DcR4uvw7V0ZA,https://cloud.189.cn/t/UvyyymmaQzea
全面坦克模拟器,753698,https://pan.baidu.com/s/1S1MkCf0zvksr7Av28qfSaQ,
拳击俱乐部2 快进未来,251332,https://pan.baidu.com/s/1rS7cKI8QcSk-Cp9F3gis2w,https://cloud.189.cn/t/vqIzEfbInIzm
Q5008,254666,https://pan.baidu.com/s/1KRzEDOxrkPI5B4OI4XUemQ,https://cloud.189.cn/t/2eAB7fyMFz6j
忍者之印：重制版,323365,https://pan.baidu.com/s/1KDy2WvWn4VEy2RSVdPoGbQ,https://cloud.189.cn/t/n2UZjiUNfe6j
失落城堡,256666,https://pan.baidu.com/s/1K7YODZuc1kUqjsDTPnF_YA,https://cloud.189.cn/t/7fqmymQRbARj
上古之魂,215441,https://pan.baidu.com/s/1VTktSkcqyiqcGGOiminQMQ,https://cloud.189.cn/t/3aymEb7N3qee
十二分钟,744587,https://pan.baidu.com/s/1A9C4jiq_s5QAk6J8ryySyw,https://cloud.189.cn/t/feaQZ3nIrQRj
圣歌,302221,https://pan.baidu.com/s/1x40K2KvdXrI3ag5fOytFow,https://cloud.189.cn/t/maamInUj2ayi
时光之塔,124555,https://pan.baidu.com/s/1WoRhMa3agxKH5dHq-0qL_Q,https://cloud.189.cn/t/n6ZviqIR7Frm
睡梦之中：加强版,365221,https://pan.baidu.com/s/1IuAi_Bq5zG09Uiy22Xtj-g,https://cloud.189.cn/t/yeuQbuM7fmE3
随动回旋镖,357996,https://pan.baidu.com/s/1W2KlyQvmlTdqs9lB8pK9ug,
桑塔和七赛莲,258777,https://pan.baidu.com/s/1Qwo0gJZXhYjWJRiiop0CYA,
失落王国,565452,https://pan.baidu.com/s/1LMdG-7_VAWWYNGlEOlIP6A,https://cloud.189.cn/t/uqUzyy6bYzqy
丧尸围城2绝密档案,584755,https://pan.baidu.com/s/16pG1buL4wYkZriCMAHNQrA,https://cloud.189.cn/t/QNbAfauqqeme
S3034,256666,https://pan.baidu.com/s/1O2zhaaOhRQFHWuArQwg1DQ,https://cloud.189.cn/t/RFriYraaENFj
S5001,254112,https://pan.baidu.com/s/1xwsSw1vPWQPPmACEzs7gFg,https://cloud.189.cn/t/UJvIBnRV7bYj
S5011,256665,https://pan.baidu.com/s/1Wv4DqJSOLqL-C-2rkfrhRQ,https://cloud.189.cn/t/IRJzmuMFbAZ3
The Entropy Centre,254887,https://pan.baidu.com/s/1ywYJ3i93Y9eyWffy6VFPyg,https://cloud.189.cn/t/MjuQ7njEbu2q
铁锤守卫英雄传,859666,https://pan.baidu.com/s/1wzw5wz1qPIS1IhJJ3QhmjA,https://cloud.189.cn/t/UbQVbuEzuUJ3
她的故事,652144,https://pan.baidu.com/s/1jUmDIrB1HuHoLcJqj6YsPw,https://cloud.189.cn/t/IB3Yrinq2uqm
The Slormancer,654115,https://pan.baidu.com/s/1ILVzIuqKGuE3bzfGiYtfQw,https://cloud.189.cn/t/UbMRBnBRFRJb
统一指挥2,154789,https://pan.baidu.com/s/1oQbVxE7w4ItS0Y17P3_Yeg,https://cloud.189.cn/t/ZJFZfaZ7nEji
太空医院,258456,https://pan.baidu.com/s/1kyStAxcUdProBIwASSN5xQ,https://cloud.189.cn/t/aM3iaabQnyy2
太极,215366,https://pan.baidu.com/s/1GKpd63sOmMxCPNJU_gxGew,https://cloud.189.cn/t/y6ZFnayYRjua
骰子浪游者,215999,https://pan.baidu.com/s/1FT5979z4k9lUe9iGuHSqsQ,https://cloud.189.cn/t/7FzmE3F3e2Q3
天舞之巨兽,325633,https://pan.baidu.com/s/1uqW0DFzSC3hBv-Xu3vfROg,https://cloud.189.cn/t/F73IFzNRre2y
维克多弗兰,114544,https://pan.baidu.com/s/1CL726_ME55hmQu8C9UjpDg,
晚班,254114,https://pan.baidu.com/s/1xgiLVkaTXB6FdsCAWTjcNA,https://cloud.189.cn/t/vYvmiaaaE7va
WRC世代,236669,https://pan.baidu.com/s/1LqUkbTqMZHBRAgr1j2XyLg,https://cloud.189.cn/t/Rbyei2nUJVvy
我们一起在这里,632555,https://pan.baidu.com/s/1VtNJHPmmdzCLuARtAXqMJQ,https://cloud.189.cn/t/VzAfYnqABVR3
网吧模拟器 合集,548777,https://pan.baidu.com/s/1A06fp5TIeMWyGln9xaQASw,https://cloud.189.cn/t/7bmUV3ZfqaIr
王牌与冒险,361221,https://pan.baidu.com/s/1B9F5pdN6XLW0aXihQ47ZqA,https://cloud.189.cn/t/Yrqyai6naU3i
无尽宇宙：Neoverse,659887,https://pan.baidu.com/s/1l6nIeMjViSfOsBUCIz8ZZA,
WILL美好世界,165223,https://pan.baidu.com/s/1pSQviHF8r3eKfARkIFl7EQ,https://cloud.189.cn/t/BVFNnmaUvyQr
巫姆,357774,https://pan.baidu.com/s/1u43jeePapz58dCkH3GOowQ,https://cloud.189.cn/t/Jr6jE3AJjYZn
王冠之战 黑王子,251477,https://pan.baidu.com/s/1MmZY3CBY4I4IChN7r1PN5g,https://cloud.189.cn/t/QvqM32q6fy22
外星一号,545622,https://pan.baidu.com/s/1AMW-OerVuaQ3kvaR7_cVgg,https://cloud.189.cn/t/BzQJFfn2Ufau
杏林物语,330002,https://pan.baidu.com/s/1wqr-5lFeedFeGcz1p1MT7g,https://cloud.189.cn/t/7nYj2qI7zmey
星际叛乱者,362221,https://pan.baidu.com/s/121kjrvCfcfELEjR7cLYSMQ,
虚构世界 合集,258888,https://pan.baidu.com/s/115K0lJ1PqaJ45kkWKDkreQ,https://cloud.189.cn/t/EjAJV3UjUNz2
雪居之地,254114,https://pan.baidu.com/s/1OK1sd7uCgWtAp8m3BWTDCw,https://cloud.189.cn/t/7jUVFbmaeEJ3
新星之地,526555,https://pan.baidu.com/s/1NoMf4xZj3bW0Ba4axnj-Bg,https://cloud.189.cn/t/zeUzyiIzeeQb
锈湖地铁繁花,302333,https://pan.baidu.com/s/1BLxThx8B00jhiD7nTyNTSw,https://cloud.189.cn/t/FBZVza6fa63i
辛特堡传说,652000,https://pan.baidu.com/s/1wjq9gWFZ12vn8LfryTJI9Q,https://cloud.189.cn/t/6bmaYbmMVbEb
小白兔电商,659000,https://pan.baidu.com/s/1C3HM1-VqBIVCluGqD-_4pw,https://cloud.189.cn/t/BBf6byfeYfiu
X3006,326665,https://pan.baidu.com/s/1fhUH2kFJKrRVNLxnKb4Rzg,https://cloud.189.cn/t/aQf6RvJrauIz
X5004,254887,https://pan.baidu.com/s/1uC65RdkVstZHi4xSpJF5pw,https://cloud.189.cn/t/rQNnyef2mU3y
夜回三,302000,https://pan.baidu.com/s/1NEsEmBTSc-SfnNcDpk_CtA,https://cloud.189.cn/t/AF7rY3uaeQb2
夜间城邦,254447,https://pan.baidu.com/s/1owEHUriFv4e6i7lh_wuHwA,https://cloud.189.cn/t/rAfi6n7FfYb2
云端掠影,119321,https://pan.baidu.com/s/1frTrrFRU-UYJ415r1qFabg,https://cloud.189.cn/t/RVfMJzYfMzMn
远征军：维京,687445,https://pan.baidu.com/s/1VmlRAg-lgRSpxfBSx0ipzw,
妖精剑士F 反思和弦,302111,https://pan.baidu.com/s/1pfVellnNSMPWyHbQodjmFg,https://cloud.189.cn/t/iAzYNvaMzEJr
耀斑纪元,512444,https://pan.baidu.com/s/1vnRSucUm5SRpwoQg1zTF6g,https://cloud.189.cn/t/jqmyqmayuQnu
一次机会 世界机器版,302000,https://pan.baidu.com/s/19V58mAjNUZmcnnCLUqfDBA,https://cloud.189.cn/t/AvAny2yMnI3u
原谅我父亲2,545200,https://pan.baidu.com/s/1DGHzTxcU4t_QWafhaGtTHw,https://cloud.189.cn/t/2u6NjiMFFZbe
质量效应2,215447,https://pan.baidu.com/s/1cNiVasoe9Jh_Duul3YWg0w,https://cloud.189.cn/t/UvQ7jyQRJVBz
战斗狂怒,587458,https://pan.baidu.com/s/1d1IgJfr4RWR9ZznBF12qQw,https://cloud.189.cn/t/B7RJNneq6nQv
战镰数字版,665999,https://pan.baidu.com/s/18rwi1l-__9TzmomF1pdxMA,https://cloud.189.cn/t/VviAFfJrMrqu
宅男的人间冒险,256664,https://pan.baidu.com/s/1w4LH4vJsZzfxshJ8EBHqTg,https://cloud.189.cn/t/FZbMziZfU3ia
终极提督：航海时代,658996,https://pan.baidu.com/s/17yWwGmKiJ0yp03f5PQZh2A,https://cloud.189.cn/t/qee63u3iQZ7v
只只大冒险,356987,https://pan.baidu.com/s/1zVieOYu646UVy25eFa-AfA,https://cloud.189.cn/t/VfuYbiBjANzq
直升机突击,347889,https://pan.baidu.com/s/104FDs8c6Nl5haUQ0MQXKvQ,
主播生活模拟器,357996,https://pan.baidu.com/s/1bnP3KB3IK5LUeBiYcFCmmg,https://cloud.189.cn/t/eEZNnmv6Fvam
洲际弹道导弹,365887,https://pan.baidu.com/s/1pJEKNQhk0zhRlg7oAVCy7Q,
这是我的土地,587444,https://pan.baidu.com/s/12Zk7VzbNrjCv5htVKny_DQ,https://cloud.189.cn/t/RVNf2qjyiemq
最后一站,515477,https://pan.baidu.com/s/1bs9lUDbiK4bKvrDke3dFzg,https://cloud.189.cn/t/aAZjiqeeU3mi
真知之岛,252002,https://pan.baidu.com/s/1xpHXct2L021gwdGKJg6m3Q,https://cloud.189.cn/t/AZbERrFRfIZn
杂货店模拟器,255662,https://pan.baidu.com/s/14icC69ey0FRrYs2bKuESjg,https://cloud.189.cn/t/2A3qqqFNjQBb
终极将军 美国独立战争,655200,https://pan.baidu.com/s/171iRS6iIdnjJzu9j5R_gug,https://cloud.189.cn/t/6ZBjQziaY3ii
Z3013,232554,https://pan.baidu.com/s/1AndRrTUK8QgKBvapH3bIdg,https://cloud.189.cn/t/bMvAN37fAF7z
奥森弗里,658774,https://pan.baidu.com/s/1fohNWBVL1c3N48rNT4AvpQ,https://cloud.189.cn/t/qqY7Jz7ZZnm2
AEW 战斗永远,859777,https://pan.baidu.com/s/1Sk9mOYqeXm-LJ6bAwTw6_A,https://cloud.189.cn/t/eMN7RryueQre
阿加斯巴之塔,555222,https://pan.baidu.com/s/1CikJ9Ad9RK-CjVo88_hmsw,https://cloud.189.cn/t/YZjyamUbMnEb
白日噩梦1998,854778,https://pan.baidu.com/s/1g31gZITBDN-ZO8TZqneL6Q,https://cloud.189.cn/t/iERJnev6JZni
白门,632223,https://pan.baidu.com/s/1cr-daf2tdbd1HN7LPLSOlQ,https://cloud.189.cn/t/IF3AbyqMz2ey
备用计划 家园,254447,https://pan.baidu.com/s/1En5FJeuQsAAGaTN2wmfgzQ,https://cloud.189.cn/t/zM3yaqBr6Vfm
布鲁伊 电子游戏,215422,https://pan.baidu.com/s/1i5jmLteMGElX47tk9nSE7A,https://cloud.189.cn/t/mU7R7fJNziEv
超次元海王星：重生2姐妹时代,625554,https://pan.baidu.com/s/1mS5VZkP3eJbj0pdFXYYNsg,https://cloud.189.cn/t/uMFRzeA7zaEf
朝圣者,522224,https://pan.baidu.com/s/1DulxGHHpKEvYnMnxVuZ3cQ,https://cloud.189.cn/t/y26NJvr2eaMz
厕所穿越记,698777,https://pan.baidu.com/s/1IMbzN80vLtHeuIcIbY7gfQ,
成田男孩,154778,https://pan.baidu.com/s/1jQQYpK-SgsEQ0vYI0RINyA,https://cloud.189.cn/t/VzmEjmI7fiYn
出租生涯 模拟城市驾驶,259965,https://pan.baidu.com/s/1ZrEhMz7LKh6VhfuHlGwBsw,https://cloud.189.cn/t/me2q632mY36b
池核,562000,https://pan.baidu.com/s/1U6tGgmKDaM_TVoZdzMRW3A,https://cloud.189.cn/t/zYz2AzQraiIf
刀剑神域：失落之歌,254125,https://pan.baidu.com/s/1_Dm-4F5nTV6qq3PzBgzbTQ,
斗技场的阿利娜,326558,https://pan.baidu.com/s/1I_aPsSbZkh1CBldSbTMxzQ,https://cloud.189.cn/t/VzyayiyuqEFn
大农场故事,913223,https://pan.baidu.com/s/1CKTSnwHD5h9pfZLXOKlMUQ,https://cloud.189.cn/t/Yj2ARjZRfaei
20XX,254796,https://pan.baidu.com/s/1i9g1PzMrVmKzcccceJq_6g,
恶魔城高级收藏版,263335,https://pan.baidu.com/s/115CkPYXZRMaoI31JZTZCBQ,https://cloud.189.cn/t/UbEbYfRJVrAz
非常普通的鹿,652225,https://pan.baidu.com/s/1d0eNPR94LKu-ljlW5vIK9A,
废品大亨,326333,https://pan.baidu.com/s/1yKUapu6BqbRiqKc9Z2w0gg,https://cloud.189.cn/t/mUfy2ermAVzq
弗兰克 斯通的阴影,213002,https://pan.baidu.com/s/1G4v_PaGUgWEy01YSIKAz0g,https://cloud.189.cn/t/yqae6ramEfaq
F3009,215330,https://pan.baidu.com/s/19oESswuEQW807dRGQlqS0Q,https://cloud.189.cn/t/yiQBZzyqQ3Ej
国土防线2：革命,963225,https://pan.baidu.com/s/1UvVLQxJ24YAHIGp3R8xuOg,https://cloud.189.cn/t/Aj2qIj6fQFZn
告别北方,552555,https://pan.baidu.com/s/11JoCM7zJx4pN9mL_m9k8dw,https://cloud.189.cn/t/e6zMjyiAbUbu
行会3,654211,https://pan.baidu.com/s/1X5Y5hGgXTbE55SWYpakSUA,https://cloud.189.cn/t/Jvyyqqu6Zjau
荒野的召唤垂钓者,856336,https://pan.baidu.com/s/1M1CPWXfMG5kVJCGaYvi04g,https://cloud.189.cn/t/zY3uAvV77ny2
胡闹搬家,654778,https://pan.baidu.com/s/1-xGCAeYx590HsMsUIzL1Sg,
胡闹搬家2,256664,https://pan.baidu.com/s/1uKvee9H_dbsxZPNsLQbxDA,https://cloud.189.cn/t/uyQfAnzEvUJ3
火焰审判,587998,https://pan.baidu.com/s/1q6Pg55yfFo1EDDQYIewwkg,https://cloud.189.cn/t/MrqqUbiIJbAr
海德2,879954,https://pan.baidu.com/s/1eibL8mbJPNXFcSKVKSgvPw,
荒野求生,254445,https://pan.baidu.com/s/1dmzfctLCOZrKTuMsGZrh2w,https://cloud.189.cn/t/mq6bqmrqIf2i
黑暗侦探2,320777,https://pan.baidu.com/s/1wNk54LVnN4jfOboauUG1zA,https://cloud.189.cn/t/meaEBjFzUf22
花园生涯 模拟佛系生活,214788,https://pan.baidu.com/s/1e4SdSDxu4cvqDHHV1DlZ6g,https://cloud.189.cn/t/NbYrMnA3eYZf
合金弹头3,514222,https://pan.baidu.com/s/13KRQxNii7Uj4D72qZFI6cw,https://cloud.189.cn/t/6BvyEvyUZFfe
海妖的沉默,512100,https://pan.baidu.com/s/1xEjPY9G7IWXs0tRPYIe_yw,https://cloud.189.cn/t/mM3UZfz6baAr
幻灵降世录 女巫面纱,544822,https://pan.baidu.com/s/1gdp0GvW7LfZQbemGAxcN2Q,https://cloud.189.cn/t/2AVzqafmmqyu
H3008,254777,https://pan.baidu.com/s/1Z93BNw_roNwCIae6k_2IdA,https://cloud.189.cn/t/zeEruyfiYFrq
狙击手：幽灵战士2,586999,https://pan.baidu.com/s/1An0vmvvFJDubHamMuUzezg,
僵尸斯塔布斯,364477,https://pan.baidu.com/s/1-eQlnyOOzKKZ6no3O_ZX0w,https://cloud.189.cn/t/MbuU3miiM77v
九魂的久远,525144,https://pan.baidu.com/s/1GvoYSheyPulL_w9PdrGJOA,https://cloud.189.cn/t/NzIrUjINjABf
酒馆经理模拟器,548001,https://pan.baidu.com/s/1_WKAazzj6GwD38P1C06UQQ,https://cloud.189.cn/t/i67JZzzaIJfq
恐怖僵尸之夜,365555,https://pan.baidu.com/s/1pwxxseKPCcT_y5I2BqQ-Bg,https://cloud.189.cn/t/FzyARvR7bQ3y
空穴,587445,https://pan.baidu.com/s/1gFHT8DqH4tw430kFEYonsg,https://cloud.189.cn/t/J3Af2ufeYrme
扣押2,255411,https://pan.baidu.com/s/1VKssK7RB4JKGs9Bkr80DOg,
乐高积木传说,256664,https://pan.baidu.com/s/1fvwPJZ5j4kdr7eYb7f6cDA,https://cloud.189.cn/t/AFVBFnBfaMre
来建一家动物园,254887,https://pan.baidu.com/s/1qzKXoG1DgxeL9cJYxWK0Nw,https://cloud.189.cn/t/ve2ymyBV7vY3
63 Days,215777,https://pan.baidu.com/s/1EK-W7pSERxvDreG96hnn-Q,https://cloud.189.cn/t/eE7jQvVvENBv
迷雾侦探,215666,https://pan.baidu.com/s/1nhDygGu6goZmjg9-moHh8w,https://cloud.189.cn/t/iAfMJzFbiY7z
迷之冒险：重制版,153224,https://pan.baidu.com/s/1okcSM1KMkd5m7O5pWFuYKQ,
冒险之旅：十字军东征,365774,https://pan.baidu.com/s/10mxUb3cHJochlMTV1Zodmg,
M5016,215220,https://pan.baidu.com/s/1aI90pTW4YeAamvK-NRCNog,https://cloud.189.cn/t/AveIzunYfmIj
旁观者,364778,https://pan.baidu.com/s/1z0AeUATfcOs0aiKUHOF4KA,https://cloud.189.cn/t/b6n22aFbyaAj
漂移21,326556,https://pan.baidu.com/s/1j5f608Mo9RhX9GMbqoeo1g,https://cloud.189.cn/t/yQnyui3mmIRr
泡沫冬景,254666,https://pan.baidu.com/s/1BIcUhT0-YRtY0IFEGJnMLw,https://cloud.189.cn/t/reyYbuaiuINr
旗帜的传说3,398574,https://pan.baidu.com/s/1nDTEaFTQZesQ5s-Re2rX7Q,
前线任务1重制版,155566,https://pan.baidu.com/s/1RjDRs_KDAy4dsERVq42R8Q,https://cloud.189.cn/t/niMfYfbQNrmu
70亿人类,587449,https://pan.baidu.com/s/1Uq2FvwQFB2h36HJZCvwvPQ,
秋叶原之旅2,265447,https://pan.baidu.com/s/1YOV81Tto7Y7SREIJOdwdqA,https://cloud.189.cn/t/aqQj2y6zAVra
奇娅,124778,https://pan.baidu.com/s/15NMlUP87rKyQIpFVh2pJgQ,https://cloud.189.cn/t/ZVr2M36B3uMf
七 增强版,202111,https://pan.baidu.com/s/1R88Fp06c4tYXyYZMoZKVUw,https://cloud.189.cn/t/6bEBrmYJvI7b
轻松水族馆,653223,https://cloud.189.cn/t/jQBFvaArimye,https://cloud.189.cn/t/jQBFvaArimye
奇异恩典,652144,https://pan.baidu.com/s/1sU0jhMcM-cN1SzSoZqn4sA,https://cloud.189.cn/t/yAN77zjmmUb2
敲棺盖,252633,https://pan.baidu.com/s/1HgKyQpzTp00BKXoq-EnPwg,https://cloud.189.cn/t/6Fzi2iN7r6b2
Q5005,325669,https://pan.baidu.com/s/1DCi7j78eV179V7oPA7-txQ,https://cloud.189.cn/t/VnIbAz2UnqMb
Root茂林源记,254888,https://pan.baidu.com/s/1v-nYP71h1eb_XO-PC-xOeg,https://cloud.189.cn/t/URNBZ3mIVfma
人气声优的养成方式,253115,https://pan.baidu.com/s/1smej8wW3mtINL55IFl4ROw,https://cloud.189.cn/t/AbIfquYbaUj2
神笔谈兵,891154,https://pan.baidu.com/s/1ofbu3dGaZsIB-Xb4bh4M9w,https://cloud.189.cn/t/IRFjYnRzuUra
世界汽车拉力锦标赛9,354778,https://pan.baidu.com/s/1FhA35U9QOFdbtpvtp-CArg,
SBK22,365559,https://pan.baidu.com/s/1JtAclFep1gueB8M6vSRGIQ,https://cloud.189.cn/t/qmaURbjqIrua
Sizeable,658774,https://pan.baidu.com/s/19ywTGOe1634WpYnI8SOg-A,https://cloud.189.cn/t/E3i6Z3iuyYBj
赛博之钩,658744,https://pan.baidu.com/s/1-AM2ErBbYH6lBjUiPr56XQ,https://cloud.189.cn/t/b6bmQjveEjqy
时空幻境周年纪念版,253022,https://pan.baidu.com/s/15VoM4_NQdH_83cQVBTcSDw,https://cloud.189.cn/t/riURJzaMja6z
神奇英侠,251200,https://pan.baidu.com/s/11HUjXnggmwhgOE8RLqK-uQ,https://cloud.189.cn/t/b2yI7bYN3auu
SpongeBob SquarePants 派大星游戏,215002,https://pan.baidu.com/s/1AwcW2ejLigOkIzC9Vcg1EA,https://cloud.189.cn/t/VrIZRvZ3eIzm
天空商人,632478,https://pan.baidu.com/s/1uJiSYbmV77je_lzRPtnJbw,
铁路先驱,215444,https://pan.baidu.com/s/1KVXzy6vOzDVzizfVq6Msbg,https://cloud.189.cn/t/yU7naqQFZJB3
天体,655210,https://pan.baidu.com/s/19sRCnAp5H_kozAM_TJmtxQ,https://cloud.189.cn/t/qqaQjmMBjUvq
挖或死,223166,https://pan.baidu.com/s/1DzDcJ-_FEQtZKdJYz2QUSg,https://cloud.189.cn/t/6Rfe2m2IzQby
午夜格斗快车,653147,https://pan.baidu.com/s/1sDWT2TiiBpAwi19u6uNRrQ,https://cloud.189.cn/t/J3E77bmyARZz
危险时空的恋人,358749,https://pan.baidu.com/s/1EMcHgHpak0rrc1qoQiMojQ,
汪汪队立大功世界,654777,https://pan.baidu.com/s/1RTFVuDN-MD3fduW0ATY6PQ,https://cloud.189.cn/t/y2MFzmUbymQn
无限神速斩 勇者斗恶龙 达伊的大冒险,263222,https://pan.baidu.com/s/1YGoJw829tc0bQS-eZbHtUQ,https://cloud.189.cn/t/B32Yfuy6ZZZj
W5006,958887,https://pan.baidu.com/s/1kHz-JMuJgtSe9eA2u_mYBw,https://cloud.189.cn/t/2mYrQ3qyamI3
星之梦HD,320000,https://pan.baidu.com/s/1Hwx5z6rZ61RBskw2LTbVdw,https://cloud.189.cn/t/ruyumyUZ3M7z
星际迷航 无限,320111,https://pan.baidu.com/s/1v00C4wAi6cP5nxxjIMH6fg,https://cloud.189.cn/t/InyaayayI7vu
小小卫士,255652,https://pan.baidu.com/s/1CzFaTqeRcPo6UyK3dt7bRQ,https://cloud.189.cn/t/BJnyUjFnaMBn
夜下降生ExeLate,210000,https://pan.baidu.com/s/1-sM1W8v81mNqSBoqrFMJ6w,https://cloud.189.cn/t/NVNz6za6v2Yj
永恒终焉：4KHD版,632541,https://pan.baidu.com/s/1gi5KKTeLbb1IDHS2upszpA,https://cloud.189.cn/t/NVRJJvBnqmAz
永恒滚筒,258888,https://pan.baidu.com/s/1vSouWYzFn7m_XwIR3hfXIw,https://cloud.189.cn/t/VnIRfiy6f6fu
勇敢的哈克,326558,https://pan.baidu.com/s/1hbpXamF0f4XzssOQZAASzQ,https://cloud.189.cn/t/A3u6BnNFR7Zv
游戏王：决斗者遗产,879654,https://pan.baidu.com/s/1mC281Un8CsTewbxZjR2eww,
游戏王：决斗者遗产链接进化,879654,https://pan.baidu.com/s/15R5EBXaxhqQaUzKv1Kmzrw,
月光石岛,214888,https://pan.baidu.com/s/1LJ21qJe2tfI-Gk7kxYJ9vQ,https://cloud.189.cn/t/qYbeaivqaIBb
妖之乡,652555,https://pan.baidu.com/s/1D3GAErYeromJxqq8cWMKYQ,https://cloud.189.cn/t/Mzm2ey3mya2a
永不孤单,325022,https://pan.baidu.com/s/1whRuD815j8o6NUvz6XjZZA,https://cloud.189.cn/t/QbqMVjeMV3Qv
Y3001,632333,https://pan.baidu.com/s/1n6eIcpkt-C-2v0BZryBNMg,https://cloud.189.cn/t/7Z7fQ3zmaUb2
Y5001,235666,https://pan.baidu.com/s/1JnxUQvi3Ttx7wMtjQ6CdbA,https://cloud.189.cn/t/f6FfqumiIJBj
Y5011,258774,https://pan.baidu.com/s/12znIsCAPKRLnZ-Gp0psrxw,https://cloud.189.cn/t/vQVZfquEzM7v
自由人：游击战争,258969,https://pan.baidu.com/s/1ktcWhFyMzGEHB_r26Oi9hw,https://cloud.189.cn/t/uAZZ7zqAzqi2
纸人：第一章,656696,https://pan.baidu.com/s/1iNHXzHG9gxDQGe_cB7KAew,
这是警察,521333,https://cloud.189.cn/t/uqiQFbqm2ANj,https://cloud.189.cn/t/uqiQFbqm2ANj
诸神灰烬 救赎,253111,https://pan.baidu.com/s/1Sst1zDThwvdfAfo5mBVV_A,https://cloud.189.cn/t/iMFJRbZZbqEr
晦暗神祇,987445,https://pan.baidu.com/s/1yxt9urSq4-YeSQoCsmXcjA,https://cloud.189.cn/t/ueUzYzv6NBZr
埃德娜和哈维：逃离疯人院,415225,https://pan.baidu.com/s/1hHJqQyXcyKip5NA_FpZ36w,
阿加莎 克里斯蒂 东方快车谋杀案,326666,https://pan.baidu.com/s/1gV1bYf2wycpkXF24F_pdog,https://cloud.189.cn/t/YfeieqzMjiya
A5005,356224,https://pan.baidu.com/s/1RVEvz2AWBtgYQIgZx3rLig,https://cloud.189.cn/t/nMbEZf2Ufmiy
百英雄传：崛起,526447,https://pan.baidu.com/s/1DIntyw3aRK8O6qBQCBozsA,https://cloud.189.cn/t/V3UVJfQFFrme
不想死就按X,854754,https://pan.baidu.com/s/1_fi2qJ6eol9Os_zFOpFD1A,https://cloud.189.cn/t/zaEnEbeiYBBz
白日梦魇 沙堡1994,548777,https://pan.baidu.com/s/1uA_pcWm40Quw9XFj20_LmQ,https://cloud.189.cn/t/Z3uuQznmaQBb
暴力赛车,521447,https://pan.baidu.com/s/1Nqf3kSdOuRw0Y5J-DnrG9A,https://cloud.189.cn/t/IR77ribmUfyu
错误的信标,215463,https://pan.baidu.com/s/12gPDV7jZMJBP23TTJnZbOg,https://cloud.189.cn/t/vaYJjiEbeIv2
传述之魔女,"=""001478""",https://pan.baidu.com/s/13GFAj3jQg4nkPazTz4TuNw,https://cloud.189.cn/t/2MFvqefAn2qe
吃豆人 博物馆+,354778,https://pan.baidu.com/s/1xrSY75wouE2JNF_cEjh_Gg,https://cloud.189.cn/t/FbAjui3MvuAb
传奇生物,215488,https://pan.baidu.com/s/1pagqOv8n_ey7AWnNDSP7uw,https://cloud.189.cn/t/VNjIvimaIRru
二战重建者,115496,https://pan.baidu.com/s/1JA7lZvsesSC5ScDRJc-JFw,https://cloud.189.cn/t/ye2yem3qM3Uj
恶魔弹珠,632554,https://pan.baidu.com/s/19jBaEghcslzJA2qNTXyrpg,https://cloud.189.cn/t/vmeY32AfQzYj
噩梦初醒,154966,https://pan.baidu.com/s/1pnvVBu0bcXsRvNILRwiBjw,https://cloud.189.cn/t/q2iaUzNb6Frm
放逐之城,548777,https://pan.baidu.com/s/1PCUZEUq9GXLiZXn2J35iqA,https://cloud.189.cn/t/RfUVfujURfai
富豪,785478,https://pan.baidu.com/s/1k8e1S_fc_oObgPTxZGckrA,https://cloud.189.cn/t/ayMnemy263Qz
风与狂野面具,879646,https://pan.baidu.com/s/1WdnP6PA3j--AtzNFrF2jIg,https://cloud.189.cn/t/mEzy22EbAvui
共生纽带,156336,https://pan.baidu.com/s/1N9lUWjDPe5AVWURsgLlJqw,https://cloud.189.cn/t/IfMBBjy6b6Nv
戈德,525888,https://pan.baidu.com/s/1ClMWw4rkegzoIW1UNF2a5A,https://cloud.189.cn/t/miqeMnNbQvii
格兰蒂亚2高清重制版,658666,https://cloud.189.cn/t/INfq6b6ZR3Yn,https://cloud.189.cn/t/INfq6b6ZR3Yn
格兰蒂亚高清重制版,658660,https://pan.baidu.com/s/1oQq_Cr5hbWoNLXiyHTEYGw,https://cloud.189.cn/t/qyymuyNFriQ3
国土防线,652555,https://pan.baidu.com/s/1vlLiC9-MizBrqCukxp93SQ,https://cloud.189.cn/t/6jEnYjQV7J7b
工匠TD,652885,https://pan.baidu.com/s/1PsCWO9S3p_Fl89XoFWZEsA,https://cloud.189.cn/t/eYNBzmaQvA3q
感受冬季,697448,https://pan.baidu.com/s/1pMeQbpFh1T8Zffr5SwjQkg,
红视2,566998,https://pan.baidu.com/s/156736mtR26ltPB20-SGglA,https://cloud.189.cn/t/URRRrmqYRfai
核爆RPG：特鲁多格勒,478559,https://pan.baidu.com/s/1C2YVM7BlbpefekNGHhfOwQ,https://cloud.189.cn/t/NzAbmiBjUFFb
昏迷：重制版,213632,https://pan.baidu.com/s/1q2LDD3N-HqlRWhHrV49Gqg,
黄金魁犬,256664,https://pan.baidu.com/s/19Dk2uH7UsoKcs7QnD_tePA,https://cloud.189.cn/t/veURZ3jmiMfq
幻想地球,256778,https://pan.baidu.com/s/1ovvw5iwI4kT5-eFiLjLTSA,https://cloud.189.cn/t/b6bqyqQnUZjy
环形帝国竞争者,587965,https://pan.baidu.com/s/1I7P0lMh03QdL-f9mmY4-uQ,https://cloud.189.cn/t/AryINnJZ3qEb
火车站改造王,231445,https://pan.baidu.com/s/1a2Qhe4iHIPb9-iYVyi0B-g,
海德,256664,https://pan.baidu.com/s/1S_UxqSZKw7yWKgrPhLDtoA,
毁灭工具,258889,https://pan.baidu.com/s/16VFjTe6CckURvi4cFm4mEA,https://cloud.189.cn/t/BbYBR3bQFn2q
荒野枪巫,215666,https://pan.baidu.com/s/1nRB4L76V30OLotjRhItHQw,https://cloud.189.cn/t/zUfiiunMnIv2
幻象破坏者 战场,525888,https://pan.baidu.com/s/1dd7ZlqmqdIgyoq3lt6I6kg,https://cloud.189.cn/t/NraAvmFnMRzy
幻耀的羽毛,325999,https://pan.baidu.com/s/1SMKf-_WwjcW7LTaSaVRVkA,https://cloud.189.cn/t/iIjU3eJNBNVz
合金弹头,545222,https://pan.baidu.com/s/1ZIeQmM4o1gsfhiY96kQIhA,https://cloud.189.cn/t/7VzMVfeMNjuq
H3011,356666,https://pan.baidu.com/s/1fpeNgpVmP00guT0XxoOR-w,https://cloud.189.cn/t/EfyEf2ERZfey
九张羊皮纸,587412,https://pan.baidu.com/s/1qi_D3C95cN14NhQWvM9p5A,
几何竞技场,596322,https://pan.baidu.com/s/1kUnVi5qhzTLrBQToNYCnbw,https://cloud.189.cn/t/QNzIfeqyAFFn
九年阴影,254778,https://pan.baidu.com/s/1u2lJAAJG_bRuePRARBdCyg,https://cloud.189.cn/t/mYVrIvfYBBnq
近畿霊務局,214778,https://pan.baidu.com/s/1ltqVU64z9b5yxfoBeUo6Fw,https://cloud.189.cn/t/3UjqEf6VJBBr
卡库远古封印,132225,https://pan.baidu.com/s/1jneJ0Q46-L9Opd8qJuqxeA,https://cloud.189.cn/t/B7JZ3yiIbmmm
狂想乐园,114778,https://pan.baidu.com/s/1g2VzwDsKcIV-VUgunjjULA,https://cloud.189.cn/t/RbEnEnVB7Jfq
柯尔特峡谷,658774,https://pan.baidu.com/s/1lTTmIV6Zkl-rN0v2xZceqA,
开普勒斯,358885,https://pan.baidu.com/s/1ecT7DGlFFUMf23SpjMNidg,https://cloud.189.cn/t/queAJbMrQZve
卡牌艾斯,569741,https://pan.baidu.com/s/1j_KioFfa2dj6NNw0pULa4w,https://cloud.189.cn/t/ieu6jiRZ7R73
恐惧圣堂武士,210002,https://pan.baidu.com/s/183hunb0MRWaovscLUqYG8A,https://cloud.189.cn/t/Yvymiqmiqami
L5005,326665,https://pan.baidu.com/s/1xyFXe8jtWhhyXeRhFATFwg,https://cloud.189.cn/t/BFZvq2a6BJNv
L5006,223336,https://pan.baidu.com/s/1MCmyK20Stt7T5GNW1Z10GA,https://cloud.189.cn/t/nURV7zyuyIFv
模拟火车世界2020,546999,https://pan.baidu.com/s/1FFyOLHngoB9QcSuTKLxVVQ,https://cloud.189.cn/t/36BZNfJJBV7j
没时间放松,748556,https://pan.baidu.com/s/1Y2qgdSX-xz6wU8d7VfXbsA,https://cloud.189.cn/t/IzmAzqUJf6V3
梅格与怪物,132556,https://pan.baidu.com/s/1MxY14KTgBM3R9thAxo4K6A,https://cloud.189.cn/t/BFRVFb22Ifym
Mail Time,156998,https://pan.baidu.com/s/1X1vtP5zE3_MDl2GkrZk9IQ,https://cloud.189.cn/t/yA3iQnBNryMj
猫与众生,326554,https://pan.baidu.com/s/1KXdJYc5hszh9TIXisYzddg,https://cloud.189.cn/t/zAZFvq3QfEbe
穆拉纳秘宝2,254654,https://pan.baidu.com/s/1-p-NrlnoY97ytCPPeCPiuQ,
名利游戏,258777,https://pan.baidu.com/s/1V9tf2XZNUV21mRmMd4lmWg,https://cloud.189.cn/t/nYjuA3NrQvie
魔饮心语,256322,https://pan.baidu.com/s/1p6xIxvEbqZcOfVizPzaGzA,https://cloud.189.cn/t/EzAziumyMBni
冒牌猫谜,215420,https://pan.baidu.com/s/1QehywdBZxpb02yEGw-LCag,https://cloud.189.cn/t/jERBvajYZnyq
M5038,652666,https://pan.baidu.com/s/1LwW6Vnf5QaPAu57vITI5yA,https://cloud.189.cn/t/6jQfMbVnyuA3
农夫王朝,365555,https://pan.baidu.com/s/1X_oendZIVupjnPMmPRiGTg,https://cloud.189.cn/t/biamAnmmqY3i
农民模拟器,547785,https://pan.baidu.com/s/1IgLisI4oGVFkMM-2Il6LNg,
No Place Like Home,132228,https://pan.baidu.com/s/14rfYLO8_NW08qaCc173Xzw,https://cloud.189.cn/t/AFZzqeAnMNVv
农场经理2021,256333,https://pan.baidu.com/s/1UzuFHTO63OjbSMyqAdSrVQ,https://cloud.189.cn/t/Frue63iaeyem
怒火 永恒遗迹,326555,https://pan.baidu.com/s/1tL0_TtShMLTvBMyCFRwXTQ,https://cloud.189.cn/t/Z3aQVzyyUv6z
NIMRODS枪匠幸存者,658999,https://pan.baidu.com/s/1ufKFvR1GbngQ6gPljIRI7Q,https://cloud.189.cn/t/NneeErBbiY7v
N3005,326669,https://pan.baidu.com/s/1ph8LdDGL3ooVNosjt3T-CQ,https://cloud.189.cn/t/Y7jA7fVBnAJf
OTXO,546998,https://pan.baidu.com/s/1P6uw22_ZUy_ii010bUUMwA,https://cloud.189.cn/t/u2InAz26Rfuq
螃蟹大战,852669,https://pan.baidu.com/s/1J31OzNmrOtHbhNeZCUrikg,
拼贴冒险传,988877,https://pan.baidu.com/s/1Xf_X5MwHSKx3CUGe6_vRFg,https://cloud.189.cn/t/VJVBfizMbemq
PRIM,256200,https://pan.baidu.com/s/1aUq2OyvpYLE8qhoQ8Z8bzQ,https://cloud.189.cn/t/zaeIVvyeeAje
奇奇怪界 黑斗篷之谜,112225,https://pan.baidu.com/s/1gQ46MbfXVvgoK_nm31Ee8Q,https://cloud.189.cn/t/FBv6nqBZju6v
枪墓GORE,521114,https://pan.baidu.com/s/1YhDh7QIzCV5qAiP-_vea8A,https://cloud.189.cn/t/7J7FjmjuIfUf
契约石：数字版,796554,https://pan.baidu.com/s/1fnQhjOflnz3Y1ppgB8bwiA,
Q3002,365998,https://pan.baidu.com/s/1Kd1c2omV-12tXvjDjS2qAw,https://cloud.189.cn/t/j2eiMf6beuee
如龙0,554787,https://pan.baidu.com/s/1d4scCAhSBitn78WPog4bFg,https://cloud.189.cn/t/rQ3U3aaemya2
熔铁少女,569874,https://pan.baidu.com/s/1dYxZcvHJ-l6C8VO1b-u-UQ,https://cloud.189.cn/t/QFniYzMZvaQb
审判 末日生存模拟,215332,https://pan.baidu.com/s/1VUEyZHzyXzxgyHjexR3N0A,https://cloud.189.cn/t/b632umaUJ7je
杀戮小队,852146,https://pan.baidu.com/s/1uYBC-c4tfIPAD_pV_IzCEg,https://cloud.189.cn/t/MfUj2ayErE7b
世界汽车拉力锦标赛8,256333,https://pan.baidu.com/s/1s1wYB1_eevVMB4YOgU7EsA,
死亡日,874445,https://pan.baidu.com/s/19JhV9RaOdFjYOTbCB9MqBg,
三位一体3：权力的神器,632333,https://pan.baidu.com/s/1gqDyOCVpq3PjeiFXWv2IKg,
深空遗物,247889,https://pan.baidu.com/s/1CegR9ia-OMg4vnP4CZWAtQ,https://cloud.189.cn/t/aqmMvaYVV73e
少女魔净,117445,https://pan.baidu.com/s/1xv07M8JuN9dfE6kH3gwhcQ,https://cloud.189.cn/t/6Z7raqzqyyyq
术士计划,632558,https://pan.baidu.com/s/1KfCyPNBQiHKId3LD60zxnQ,
时光,659998,https://pan.baidu.com/s/1jiyuC9utH1BxBlgVStYMow,https://cloud.189.cn/t/YbAfiiNNb6ze
深海超越,358779,https://pan.baidu.com/s/1i7TBG9o7j6h0UAcPIBFZyw,
斯盖尔之女,587789,https://pan.baidu.com/s/1VBU2J8J-g59SRu0SDwXWFw,
双截龙外传 双龙出海,250000,https://pan.baidu.com/s/1j4-vo5oV3PsrpIHjlslcqg,https://cloud.189.cn/t/vMFv6373IFVz
神田川JetGirls,659774,https://pan.baidu.com/s/1XvOtKqgiYu9ye53bgeEuAw,
蛇上而生,254887,https://pan.baidu.com/s/1478cuV6iO8jERUOoSW41lg,https://cloud.189.cn/t/amqQ3qfeu2Un
水烟水雾,215887,https://pan.baidu.com/s/1g0WMx7YEamD2KAiOBet_Ww,https://cloud.189.cn/t/MfiMzyINRjam
失业了 我获得了亿万游戏财产,215887,https://pan.baidu.com/s/1RKATW8t8htyXwZqA-vgNpQ,https://cloud.189.cn/t/j6biAjB3eQjq
射戮骑士,235666,https://pan.baidu.com/s/1SedctEVrVOzkzRTZh6skcA,https://cloud.189.cn/t/RZJr2e2QvmQv
S5007,548887,https://pan.baidu.com/s/1wgjlirvOUeBxK0RJVVjTJw,https://cloud.189.cn/t/nuYFnyB3uuye
徒花異譚,625876,https://pan.baidu.com/s/1aKduRo7RwM6Gcr8Ran2qxA,https://cloud.189.cn/t/RJJzYfFbaA73
恸哭之星,213556,https://pan.baidu.com/s/1_aKz2WJSApQvjO_0Dmljzg,https://cloud.189.cn/t/Znq6FbY77Jj2
特技摩托：聚变,258996,https://pan.baidu.com/s/1kuFyAM1IKWfPg0H-uqLjxA,
徒花异谭,658996,https://pan.baidu.com/s/1zqpr096ltqlUjT4M3fkR-A,
通勤：地铁站,987888,https://pan.baidu.com/s/1D6q_uj56h-ePmVyyzStzmQ,
团战经理,256478,https://pan.baidu.com/s/1Dq3T3VucGWlCN9cdjWiOXg,https://cloud.189.cn/t/YF3EbqIra67j
太阳骑士4 指挥官的回归,256332,https://pan.baidu.com/s/1oio8hy5Hn1gUQcx8We0k8w,https://cloud.189.cn/t/N7VVJfqmqqYf
铁路日本 轨道之旅EX 登山电车 小田急箱根篇,215855,https://pan.baidu.com/s/16KkUnOzf5Ne4Fpio5_VbWw,https://cloud.189.cn/t/bueqqi2miAfy
T3007,365999,https://pan.baidu.com/s/1VNkMMLQH3_tlY0Rx4kEtyg,https://cloud.189.cn/t/NvUNv2MfEjE3
亡灵巫师,855556,https://pan.baidu.com/s/1TCIM_gT2MwWPTfQy7PtCQg,https://cloud.189.cn/t/qUJf2eyayYza
我们也在这里,654998,https://pan.baidu.com/s/11suRr5mbWT-p1-DrHVmRTw,
五个约会,594777,https://pan.baidu.com/s/1QiTvnIQ48fChVmam4ZkBWg,https://cloud.189.cn/t/RB3uAbeue2mq
维京人的土地,320222,https://pan.baidu.com/s/1oS0TegjzUxw6dyX9mXdDoQ,https://cloud.189.cn/t/eQbAFr7rM3am
无职转生 到了异世界就拿出真本事,652444,https://pan.baidu.com/s/1KFDYkYATazujDuiokyZBqA,https://cloud.189.cn/t/f2aiA3ZRVbYz
新次元游戏海王星VIIR,632653,https://pan.baidu.com/s/1gihYMb0Lk2y0lAgJUU_XBg,https://cloud.189.cn/t/ABVvmaNfMNru
橡胶强盗,654887,https://pan.baidu.com/s/1HBShlZH7HhW0bSNdSol7Aw,https://cloud.189.cn/t/QVVnEnURNjIj
巡警,215444,https://pan.baidu.com/s/1tDzyF5oT_RPwvi3IqPDmow,https://cloud.189.cn/t/biaIrqFjYn2m
小小诺亚 乐园的后继者,254888,https://pan.baidu.com/s/1Cy8b-5XjyhjzUGpOQ0QA-Q,https://cloud.189.cn/t/JrI7fiuEJnYb
星核工厂,215220,https://pan.baidu.com/s/12BTtF0Onj87oEP2nihoATw,https://cloud.189.cn/t/a6JjeqaEryiu
X3016,652332,https://pan.baidu.com/s/1vRmWStGEJ_JvSgrcr7XbUg,https://cloud.189.cn/t/iuyeEjzIriEz
X5016,356332,https://pan.baidu.com/s/1gg3EJEGA-Aflvg-ctbmA-A,https://cloud.189.cn/t/V3IZbe3AJzQj
油管主播的生活2,254115,https://pan.baidu.com/s/1sCnCM7OXNa8JwNm8Ov0hSA,https://cloud.189.cn/t/QBnuYfqeQbuq
牙齿和尾巴,548778,https://pan.baidu.com/s/1Ai9JbvhlbOiUAhAXqiwdbQ,https://cloud.189.cn/t/AbiEn2v6ZNNj
远征猎人,325416,https://pan.baidu.com/s/1EDRUelcNZ_oGLR_eQJrxrA,
幽灵镇少女,215477,https://pan.baidu.com/s/1Ihi8RN15gZVRn9hrqT9N2w,https://cloud.189.cn/t/67vUVnjMBb6j
Y3002,365884,https://pan.baidu.com/s/1XCID_d86XHUavg1prPm7xQ,https://cloud.189.cn/t/EVjuiq6B7BZv
Y5007,326335,https://pan.baidu.com/s/1jrSHjNd0Pd8LGdct2d0S0g,https://cloud.189.cn/t/IVbAby26nmUj
重装机兵Xeno：重生,236665,https://pan.baidu.com/s/1fRizq5bZpzguJMvMjuxtiA,https://cloud.189.cn/t/Yvy6bibQRrEz
纸人：第二章,652333,https://pan.baidu.com/s/1Zb8K4trZPB63bESCXuGzMQ,
斩服少女：异布,745879,https://pan.baidu.com/s/17LbKV2zFQZXKAK7q6MbcAg,https://cloud.189.cn/t/r6nMVjbIB7Rb
捉鬼敢死队 灵魂释放,362001,https://pan.baidu.com/s/1qnsWcaMLeZCoRMTuFdlinw,https://cloud.189.cn/t/jYNviqeqqUvi
镇痛2：归于尘土,852479,https://pan.baidu.com/s/1I2T_Joaizunc7lgeaQBfCA,
战略思维：闪电战,587778,https://pan.baidu.com/s/1JYqACm7YEyJClZZpORQx6Q,https://cloud.189.cn/t/miiy6va2Abya
致命十二人,258777,https://pan.baidu.com/s/1dU9wTeEt_Nym7eTXPZBtsA,https://cloud.189.cn/t/iIv2Aj3eaia2
纸间谜迹,525444,https://pan.baidu.com/s/1MF2yi5EpGgmz7p4tKfaLxg,https://cloud.189.cn/t/jAvMNrqiQFbq
职场浮生记,215411,https://pan.baidu.com/s/1cA5qKT7JMaNxxKWDoPvk2g,https://cloud.189.cn/t/nAVVnaVNnIJn
堡垒：火焰之炼,325669,https://pan.baidu.com/s/1qgNaLUPmZ2Q4wlgIslBb_w,
爆钻小英雄：钻头乐园,358745,https://pan.baidu.com/s/1B5RsQrYgijUOqjxBRpCMTA,
B3007,521588,https://pan.baidu.com/s/1vJ9NA7jVQlj7EleqwK9bAQ,https://cloud.189.cn/t/vAVfm2jyQfYn
超级海王星,625554,https://pan.baidu.com/s/1_CgvIi8nKB5887ka9KrtCQ,
创世纪：阿尔法一号,258745,https://pan.baidu.com/s/1_UICYo0Zowr4eXeLn5zkcQ,https://cloud.189.cn/t/7BnuMbJnuERv
苍蓝雷霆：刚巴尔特2,326633,https://pan.baidu.com/s/1EMavAr49z0-tBCefJ6eo0w,
赤刀真,366665,https://pan.baidu.com/s/1aLYvmwQvaDFckY6-LPOAjw,https://cloud.189.cn/t/NrYRBnVrQFRz
传奇摔角手,214777,https://pan.baidu.com/s/1rW_7QDhZBs4hgM2rksHXqQ,https://cloud.189.cn/t/vmuu6b2eUj2e
CYGNI怒火全开,215855,https://pan.baidu.com/s/1AJkmlcDbRftOft4xF4jyyA,https://cloud.189.cn/t/vuURnyJjUFV3
C3013,265887,https://pan.baidu.com/s/1pdM-yTh9q8VbML1aYE8uDA,https://cloud.189.cn/t/EJzyuyVjIZNf
刀剑神域：虚空断章,552587,https://pan.baidu.com/s/1mxuZ82jwmjFXtXyk6nSL0Q,
德军总部：新血脉,326666,https://pan.baidu.com/s/1b5ygeQImqYd05p1l1I1phg,https://cloud.189.cn/t/7vAzmeUveMBb
岛民,456663,https://pan.baidu.com/s/1NENBq9_xsGGe9afLoAYvrQ,https://cloud.189.cn/t/ru2a6vmQV3Mb
断罪玛丽 最终篇,214777,https://pan.baidu.com/s/1oWFi9E4b8BahBD-Nf6WDOQ,https://cloud.189.cn/t/nqayEbMJJJbm
D5019,325211,https://pan.baidu.com/s/1O3A2pIa0QSy__xGFgjBCZw,https://cloud.189.cn/t/fUFFBf6f6bye
E3001,255556,https://pan.baidu.com/s/1HRF2ORZ6l1P6AAIKxwNPJg,https://cloud.189.cn/t/y67jm2aUnAfq
分手装修终极版,214115,https://pan.baidu.com/s/1lGJsIMhKO1psE4NXftmfRw,https://cloud.189.cn/t/YZfmIvAnU3Un
复体,635987,https://pan.baidu.com/s/1goGFqRpEuBZjLI5inZY6yQ,https://cloud.189.cn/t/qIVB3yZbiQfe
Foregone,658774,https://pan.baidu.com/s/1m5ljgY0M0aTHNzAd0DxEeA,
伐木工王朝,254888,https://pan.baidu.com/s/1GMVHqjwMO6rsSP7jppmzLw,https://cloud.189.cn/t/RjMbAfyArAVv
古墓丽影8：地下世界,698777,https://pan.baidu.com/s/1cZiiWVJ4C69cegVSMbpA3A,https://cloud.189.cn/t/EFzqye3mqIF3
拱谷世界,963254,https://pan.baidu.com/s/1PX75ne4GSelCf3NaM7esWQ,https://cloud.189.cn/t/JfYn2mIRJbI3
改装机甲大战,254877,https://pan.baidu.com/s/1exa_cKSvRyN2ilaiEUSoTg,https://cloud.189.cn/t/qaMFvizuAfuu
黄泉之路,562334,https://pan.baidu.com/s/1wQ1PcXCmNhyNoqdysBdviQ,https://cloud.189.cn/t/rueaEvA7jmYv
混乱斗士,254112,https://pan.baidu.com/s/1llcXnjTK-OvvhQNoEDteMg,https://cloud.189.cn/t/BBN7ryFrqAve
好公司,596478,https://pan.baidu.com/s/1F4poQuD69zrzLQYgXopZig,https://cloud.189.cn/t/bauyA3v6jMf2
寒冬2 迷雾,547444,https://pan.baidu.com/s/14AD8s7Uu0j5JsxUFmzGfWw,https://cloud.189.cn/t/ZJzIzyuYzyEn
欢迎来到帕拉迪泽,214552,https://pan.baidu.com/s/1sBrVV68P-Y6WelulO12HyQ,https://cloud.189.cn/t/7jyqInNrYBNj
合金弹头 战略版,545896,https://pan.baidu.com/s/1R5IDXyN8FCS2d9zp2nhcKA,https://cloud.189.cn/t/UbmaQvYvmeYv
合金弹头X,655233,https://pan.baidu.com/s/1287aHUutWdPipGixLysBbA,https://cloud.189.cn/t/Qbe2IniQ7jqa
交汇协奏曲,365558,https://pan.baidu.com/s/1-iGiGg7Z0rrmsfTUaL4M0g,https://cloud.189.cn/t/jUBJj27BZzUv
基因特工,545555,https://pan.baidu.com/s/1FW15v9JbQiOQxv0NX_ebHA,https://cloud.189.cn/t/YZZFZjnyMfqu
九龙妖魔学园纪,320001,https://pan.baidu.com/s/113f2aDmb1ch_i9diyOL3iw,https://cloud.189.cn/t/3aeIvyimy6zy
节奏萌芽,151247,https://pan.baidu.com/s/104VChegje834WWQHo79GsA,https://cloud.189.cn/t/f6rqM3yMZrEf
激荡海渊,659887,https://pan.baidu.com/s/1Bqcunex6ejbtRvcYBwV1BQ,
九位军团 战争再临,256222,https://pan.baidu.com/s/1FktDjvp3PSknqKaZHHxSTg,https://cloud.189.cn/t/JFBzyqqAZjMb
觉醒异刃,356222,https://pan.baidu.com/s/1ngX2h0rs8UwroWedH6MN0A,https://cloud.189.cn/t/NvqquiVny6ny
J3009,232222,https://pan.baidu.com/s/1PwdRBgtmCmDW8Zk7W7NeJQ,https://cloud.189.cn/t/RVJ3a2Jja2ae
卡车和物流模拟器,899955,https://pan.baidu.com/s/1y4xaS8vMQ4C8HR9ITwCwNA,
矿脉探寻,545222,https://pan.baidu.com/s/1-fZCwH521ZKA9EMwY1vLjA,https://cloud.189.cn/t/ZvqMNjaieMje
乐高2K竞速,859774,https://pan.baidu.com/s/1Y-9pL4-AFGBQzHsB1KKmmg,https://cloud.189.cn/t/JRNry2Y3A3Af
LOOP8降神,158745,https://pan.baidu.com/s/1kfIdmJhdytB_auFX_oeIXA,https://cloud.189.cn/t/uuMNfmu2q2aa
离去之前,526669,https://pan.baidu.com/s/1iKImgu_6IieP4ggBf08JMA,https://cloud.189.cn/t/fAFVveVnMzye
狼人之末日怒吼：地灵之血,259478,https://pan.baidu.com/s/1kkv4zc5bVsVGBoTS-lz2Pg,
撸猫模拟器,356666,https://pan.baidu.com/s/1cRqYwKCVdUnishbdO9TwqA,https://cloud.189.cn/t/Vn2eyyMVzAfi
罗宾汉 舍伍德建造者,564999,https://pan.baidu.com/s/14rAtF20z_TuPxp7nsWzHfA,https://cloud.189.cn/t/b2E3iumMVNJ3
灵魂盟约,521000,https://cloud.189.cn/t/by2qArAFneaa,https://cloud.189.cn/t/by2qArAFneaa
乐一通 古怪的运动世界,552555,https://pan.baidu.com/s/1wo-1_tzBzpGF0AMeHRGrwg,https://cloud.189.cn/t/IryARb6B7Fre
蓝精灵 梦境,652663,https://pan.baidu.com/s/184Zoc7gn6mAof0ArgX4prw,https://cloud.189.cn/t/2UZjmmB3UbIv
L5003,215554,https://pan.baidu.com/s/13YtmYHZF2wJPamLtzBKZMA,https://cloud.189.cn/t/uUNVJ3QvqyEb
美国逃亡者,632547,https://pan.baidu.com/s/1u62cV8-WhKo9uAkPtTbDTw,
母胎单身,632514,https://pan.baidu.com/s/1sByUYUQ6QFbmnVmzUPwAmg,https://cloud.189.cn/t/MzQvu2EbUbIj
面包和年糕,111445,https://pan.baidu.com/s/1HFZe0Qrl16k1mknYwBYjtw,https://cloud.189.cn/t/ZFBfiiNn2maa
Metal Unit,874596,https://pan.baidu.com/s/1g33eqfbHoycEtm1fCk3llQ,https://cloud.189.cn/t/Y3AzauemU7ba
末日地带2,653888,https://pan.baidu.com/s/1Z2Ln-PeiYD3NtRLkPqqtiw,https://cloud.189.cn/t/v6JbU3NrYr6z
拿破仑：全面战争,652554,https://pan.baidu.com/s/1YS-aA5ndEbTxVmdqEb5RGw,https://cloud.189.cn/t/m67rQbMZZ3Ab
怒火橄榄球3,165998,https://pan.baidu.com/s/1EpSYviK_xqzhBy9HR2gUYQ,https://cloud.189.cn/t/RvAB32UbMnQr
Nayu的冒险,326665,https://pan.baidu.com/s/1iQXH8ak5eY8BePqXvaYPcg,
尼迪克特 福克斯的最后一案 决定版,254111,https://pan.baidu.com/s/1ofXcxxS04p93lNV6gitLkw,https://cloud.189.cn/t/7ZnUjmAVJ7Rr
奈米使徒计划,258663,https://pan.baidu.com/s/19bEPQFcRNJK5B8FbuHtWGA,https://cloud.189.cn/t/J7FVNbNNvama
喷射战机,357847,https://pan.baidu.com/s/1T2nGuLL-4wprr0SfHWOAWQ,
破碎的像素地牢,362003,https://pan.baidu.com/s/1oK45PJa7oH88zZg2LaoswA,https://cloud.189.cn/t/yMzaIziuUnYv
P3001,254887,https://pan.baidu.com/s/1J2_kn9YQgjiConQxTjZztA,https://cloud.189.cn/t/BNzeui7RZnMb
秋叶原之旅：初次记忆,215444,https://pan.baidu.com/s/1dQFnk9zN-bVP5NYcNGO3gQ,https://cloud.189.cn/t/vuyiYvM7FF7j
热血物语SP,521444,https://pan.baidu.com/s/1mvyzkrgNUq59IrJHFKi9NA,https://cloud.189.cn/t/uiYVjaeYzyyu
热血三国志 乱世风云,657111,https://pan.baidu.com/s/1FQh5Dosdo6FnCCe_1TvMWg,https://cloud.189.cn/t/QVZRbanYVFnu
杀手2黄金版,958743,https://pan.baidu.com/s/1MP4KXx_P_i2CYKDJ-haRmA,https://cloud.189.cn/t/BBbMnymQBZfu
圣塔战记,417785,https://pan.baidu.com/s/1JGUAuwPhfI866619YA90zA,https://cloud.189.cn/t/E3UriiiAbAry
死亡,659665,https://pan.baidu.com/s/1yzKXHpys61T6i7i6kD7zvQ,https://cloud.189.cn/t/qm2aaaYriqMf
死在水中2,194222,https://pan.baidu.com/s/1MTLGqeMn3RSSJ07e58nCJw,https://cloud.189.cn/t/FJj6VrInqUJz
死亡西部,587745,https://pan.baidu.com/s/15hSzBTO0sIcq9J1ct8BHOQ,
世纪之花2 金橡子,253333,https://pan.baidu.com/s/1ly5HUzTQlQzcS-A7Ac4rIw,https://cloud.189.cn/t/ZRNJj2AZZ7Zb
生灵之境 亚娃,215255,https://pan.baidu.com/s/1aJJI8SpTaXqOXYZ3Q1SNeg,https://cloud.189.cn/t/VbMVNjJj2uau
S3025,326665,https://pan.baidu.com/s/1aXWmGK1LCsi6Aw3TKoCN3g,https://cloud.189.cn/t/NRRJF3biQbAf
甜蜜之家2,366332,https://pan.baidu.com/s/1EI-qCcP7pjAuChsQ3J878w,https://cloud.189.cn/t/bU3A73e2iUvm
TrymenT：献给渴望改变的你 AlphA篇,258774,https://pan.baidu.com/s/1_ePM4RQ437mekbYMzmv1rg,
塔拉萨 深渊边缘,325866,https://pan.baidu.com/s/1EUA4v36R7c5gbKMvHZUsdQ,https://cloud.189.cn/t/BBJzue3YF7Zr
维斯塔利亚传说 亡国骑士与星辰巫女,215554,https://pan.baidu.com/s/1rtri4CNevpuaq10MogF6ig,https://cloud.189.cn/t/UVJZnqqI3qAj
我是小鱼儿,365522,https://pan.baidu.com/s/1Xup9G4lFCLM9iCA9Iu1Qhw,https://cloud.189.cn/t/q2UbYvAjiiau
无人生还,145554,https://pan.baidu.com/s/1DniZsMJ5mIQ1S6HCAbQlHg,https://cloud.189.cn/t/VjYBBrfqeeUz
我被逐出队伍后过上慢生活,632333,https://pan.baidu.com/s/1ww0PR6-8_N3gZSF0JB0kOQ,https://cloud.189.cn/t/3iMFJ3ZfAJRj
未来水世界：深度侵袭,354777,https://pan.baidu.com/s/1mmk3Ui6YFIdjYUsGDrQ-kg,
瓦尔迪斯传说：深渊之城,548777,https://pan.baidu.com/s/1XSQK57B_DEixz3WwiP1_kg,
武林求生,652002,https://pan.baidu.com/s/1k2isI1DE0UWyOc0C1jzQ6g,https://cloud.189.cn/t/vuYJNrFvYJBz
W5005,365558,https://pan.baidu.com/s/1x_VvydoMSivGcILvmJImTQ,https://cloud.189.cn/t/vaUnuiQRBzQ3
心灵杀手：美国噩梦,659478,https://pan.baidu.com/s/15gwplvu10TuZYkN9J-H4mw,
修道院：受难的父亲,256448,https://pan.baidu.com/s/1sY3LlwRzFNPZ1fgy7RK-2w,https://cloud.189.cn/t/MfUBNzbUN3iy
侠盗猎马手,325478,https://pan.baidu.com/s/16aO110kYa0Psf2-YT2ukhA,https://cloud.189.cn/t/biqERjfeERZv
猩红之雪,258996,https://pan.baidu.com/s/1BCe7tXv9oSL3g-xxDDhCLA,https://cloud.189.cn/t/F7zI7bJNjyUj
虚时异境 迷离时空 双重版,658745,https://pan.baidu.com/s/1VDJa3mHAsG8E-OwPKTkWFw,https://cloud.189.cn/t/mANJRfyQFB3u
星球大战 赏金猎人,214852,https://pan.baidu.com/s/1xabKCnO6g6ZRnVzr_yn6LA,https://cloud.189.cn/t/6VN3uqYj6vEz
X5011,326665,https://pan.baidu.com/s/1njWUYD004M9JkTODD7TBnA,https://cloud.189.cn/t/emMbiyuuMfmq
X5033,325631,https://pan.baidu.com/s/1wAR39sOqAGgMonDmozZDHA,https://cloud.189.cn/t/q63mAjEZZFja
妖精剑士F,354996,https://pan.baidu.com/s/1DHjzKZq3qnOe7MjYlail8w,
异星铁路,121000,https://pan.baidu.com/s/19Ew_wgPHGwJWkmY7jSp7IQ,https://cloud.189.cn/t/3eMjmuNryEZ3
影廊2 雨之四葩,547588,https://pan.baidu.com/s/1BR88SHoImHc_Q2G4P2swDA,https://cloud.189.cn/t/EZfe2iumuYzy
雨魂,652555,https://pan.baidu.com/s/1fbr6WxOvGI55f2a6LZPmZw,https://cloud.189.cn/t/VJBN7vBVreym
这个游戏在试图杀死我吗,254877,https://pan.baidu.com/s/1UpQLPiCm3hafYTW_4_NJQw,https://cloud.189.cn/t/fI3YJrVb6b2i
整蛊白云,325444,https://pan.baidu.com/s/1aKIST89DSH3U81NYnsJYuA,https://cloud.189.cn/t/NFbuuinuIna2
斩妖Raksasi,325444,https://pan.baidu.com/s/10mDSTU4nzSJxNPESGKS1kw,https://cloud.189.cn/t/qeim2yQ7NBre
赞助者,258744,https://pan.baidu.com/s/17IVLBvkirK36gimcXXDqWA,https://cloud.189.cn/t/YN7vyqJriQfq
重建僵尸大陆3 黑帮,653002,https://pan.baidu.com/s/1S-b8nYopCsozUBCEnzWQWQ,https://cloud.189.cn/t/2ueQJjbQVZba
Z3005,256487,https://pan.baidu.com/s/1W_GFcb9ThUp9sJ7L_fVE-w,https://cloud.189.cn/t/jEreMnZf2Mrm
Z3009,258874,https://pan.baidu.com/s/1GM1NM8zUWs0ZTU9nUrNKrA,https://cloud.189.cn/t/reEBfaAF7vae
Z3018,236333,https://pan.baidu.com/s/1ANEyLCXEPFoAvz4SUjM9nw,https://cloud.189.cn/t/f2QnmifuyAbm
Z5019,652633,https://pan.baidu.com/s/1Cwc8mTgwUL4I4AmP1SH_LA,https://cloud.189.cn/t/R3UvAbv6vYby
阿拉斯加卡车司机,658774,https://pan.baidu.com/s/1sXPNUnFrwIZV94ZgoFp7sg,https://cloud.189.cn/t/nqU7fyUVjeUr
Ashen,512223,https://pan.baidu.com/s/1UUwDbSD7374Csj6XwgmLUg,https://cloud.189.cn/t/NJFNZjnQzQjq
哀歌,526333,https://pan.baidu.com/s/11kVbjybMAIBeYDroH2pqrQ,https://cloud.189.cn/t/RZfIriRb26zy
爱丽丝与巨人,254877,https://pan.baidu.com/s/1ZMQQo4jc0_VLZ4BZHdmQqw,https://cloud.189.cn/t/i67VvuEJjQjy
奥西里斯 新黎明,587744,https://pan.baidu.com/s/12zPGMch-kXXpxdbw8uuI-A,https://cloud.189.cn/t/bA7RzaveaUr2
奥德赛光之越,258777,https://pan.baidu.com/s/18TA5EkEdzTu5tUdplujc7g,https://cloud.189.cn/t/eYbuErraIb6b
奥特罗斯,278555,https://pan.baidu.com/s/1EembO0Ui3lkj3gEVPtdV4Q,https://cloud.189.cn/t/F7zIb26jayQz
A3001,589999,https://pan.baidu.com/s/1dG-_NiTGZxR_31pozrYSHg,https://cloud.189.cn/t/Zrym6zmiyYju
薄樱鬼真改：华之章,693589,https://pan.baidu.com/s/19X51SQ7wFo1Fzkjw2d9mNw,https://cloud.189.cn/t/EriIvuR77vIz
冰封之焰,320001,https://pan.baidu.com/s/1hrrxkQqxI6r7PNP4AQL_Cg,https://cloud.189.cn/t/32YRBrIjyEVz
不屈者柯南,748554,https://cloud.189.cn/t/AJzyeyIZRJRj,https://cloud.189.cn/t/AJzyeyIZRJRj
巴士司机模拟器2019,236554,https://pan.baidu.com/s/19UWwkq0WMTA5m5AFKx5VSA,https://cloud.189.cn/t/v6VvimvmQRrq
崩溃制造,155666,https://pan.baidu.com/s/1x7Hs6Ao8msddQc38HlHJ5Q,https://cloud.189.cn/t/Zju2imZFvuam
半人马之星,357888,https://pan.baidu.com/s/1mEcxvzUlRqMIQDMKx0Dvww,
部落 原始建设者,215477,https://pan.baidu.com/s/1M5iQDReyciQns9SWOq5FlA,https://cloud.189.cn/t/q6B3iiB3UzUz
变形金刚 银河试炼,356222,https://pan.baidu.com/s/18zM8P6CloyeiGgkXMFV8Cg,https://cloud.189.cn/t/AvMz6rqIRfAb
B3005,285555,https://pan.baidu.com/s/1UycFfS_Er_XmbiLD1c0QrA,https://cloud.189.cn/t/eYFrIrJF7n2u
B5005,203333,https://pan.baidu.com/s/1YwVMwbkzlAGUXbgFv80Xog,https://cloud.189.cn/t/MjIjqyiY7rQn
尘埃：决战,365887,https://pan.baidu.com/s/1ePY_89rymGoA-aIkiVftqA,
尘埃3,847551,https://pan.baidu.com/s/1aEPvMeuj0kgtOsSmVXQbag,https://cloud.189.cn/t/FZnUJfIB3y2i
超级情圣1,365487,https://pan.baidu.com/s/1JULAgR3BBaFtrCUS88jLfQ,https://cloud.189.cn/t/YfQBz2feYvi2
超级马力欧RPG,320666,https://pan.baidu.com/s/1cgbOZzGdxSup1sqc8QlAfw,https://cloud.189.cn/t/aQrqQbyYNruu
超级马里奥兄弟 惊奇,302333,https://pan.baidu.com/s/1zsuzEyprLl3Yy5UqoY-VMA,https://cloud.189.cn/t/6Jbqeef6vAFf
超级马里奥制造2,352666,https://pan.baidu.com/s/1wPh5syr_JOZa-aEr4NHfRA,https://cloud.189.cn/t/AvInIj6jMfYz
超级马里奥 奥德赛,325888,https://pan.baidu.com/s/1ygu0SnMtAcizRFtbNnY1Nw,https://cloud.189.cn/t/JjqYza26RVZf
超级沃顿大奖赛,587454,https://pan.baidu.com/s/10uF8kaa1QyYY66r7CHrlCQ,https://cloud.189.cn/t/B7bEVfmMnQ3i
层层恐惧2,874512,https://pan.baidu.com/s/1rE0KVX6xbF715oijK9p9NQ,https://cloud.189.cn/t/YJ7rAfeey6Vb
层层恐惧3,352003,https://pan.baidu.com/s/1Eb8EPCHM-0sOKYG4G3RG8g,https://cloud.189.cn/t/ZJRRb2bY3UZb
铲子骑士挖掘,258774,https://pan.baidu.com/s/1jBxB-wnA5ePBmKOaBHJyjA,https://cloud.189.cn/t/MRV3auFJRBza
沉睡的大地,587445,https://pan.baidu.com/s/1d0cstWmDCNZ-5pFQWKSmBQ,
超级位霸XL,259665,https://pan.baidu.com/s/1VjN5dvCnkGQB0P-qW3_Yng,
超越欲望,658994,https://pan.baidu.com/s/1PwsSPhCo9GqUezmwlwWQ1g,
虫潮,258888,https://pan.baidu.com/s/1pTtWazYN_8wxFVK7LS3iMg,https://cloud.189.cn/t/y2IrIbB7vYnu
超级舞动 瓦力欧制造,236555,https://pan.baidu.com/s/1tGZJtM_cpxNycjpjZA1tZA,https://cloud.189.cn/t/mIRnMzAjqU3q
纯爱声放送,547441,https://pan.baidu.com/s/1Qk9v_07T6DAOHUYAPMpt-g,https://cloud.189.cn/t/MfMrAbbeInEr
尘路之旅,215815,https://pan.baidu.com/s/1zZXIGCaID4-qNZ3gDOaujA,https://cloud.189.cn/t/BBZbaif2Ur2a
超级键盘侠,6521302,https://pan.baidu.com/s/1NJanqKLtk8xttvDD1itbdA,https://cloud.189.cn/t/jyMfQraYBN3e
超越汉威尔,255100,https://pan.baidu.com/s/12yjBS0UdcPupY5O1T8-ucw,https://cloud.189.cn/t/uE7buee6jIZr
C3006,256669,https://pan.baidu.com/s/1qBeCy_WxgoluJhJinTLeVA,https://cloud.189.cn/t/73YfMrANJrMb
C3007,326665,https://pan.baidu.com/s/1GKBcTr0hdFtDD1OR5xW8kA,https://cloud.189.cn/t/vuANbaeiQJfm
C3008,233332,https://pan.baidu.com/s/1rVGWr36CBB3PgGIK74bg1g,https://cloud.189.cn/t/3I3UVzYjYB3m
C3009,326665,https://pan.baidu.com/s/1l6astY747LhwoH9oJFRpwA,https://cloud.189.cn/t/IniaymaMVNj2
C3010,254447,https://pan.baidu.com/s/1r8NknQ9ObP_ZbiTR_LgLsA,https://cloud.189.cn/t/mUbAVneMFnIv
C3011,256664,https://pan.baidu.com/s/1K9nx_YFZehgKGi78zzCazA,https://cloud.189.cn/t/auARviqY7RN3
C3018,542220,https://pan.baidu.com/s/1qxOSggJnGPwxICOn2MY9LA,https://cloud.189.cn/t/2mQZ3mbuiumy
C5001,659887,https://pan.baidu.com/s/1Qgsq4Q4x3vBSE3hoKoEJMg,https://cloud.189.cn/t/6NzyInui2ENv
C5002,356665,https://pan.baidu.com/s/1_3mhg4-oq1eW5mHvg6JSXg,https://cloud.189.cn/t/bumqUrM3Er6n
C5008,302221,https://pan.baidu.com/s/1b4RpP2tZ_J-2Jjo_9vSR_A,https://cloud.189.cn/t/7jy6bijyYNBz
C5022,632552,https://pan.baidu.com/s/1pI18OBLO-0XBcaMueMHEOw,https://cloud.189.cn/t/Z7Bnu2yaeUB3
地下城与勇士：决斗,587458,https://pan.baidu.com/s/1-LxIWSzUs_ocNbl3UYrI_g,https://cloud.189.cn/t/QfMNr2Zjumaa
大逆转裁判2：成步堂龙之介的觉悟,254887,https://pan.baidu.com/s/1LcFg4oevip-2K4M1K6_x8Q,https://cloud.189.cn/t/u6rqAj3eIBFf
地牢100,356662,https://pan.baidu.com/s/19zP264cMu-3hd2WZXVLaEg,https://cloud.189.cn/t/YJBRv2eIrARf
点击英雄 合集,236665,https://pan.baidu.com/s/1BBBpGsEgAZ3hr0pidrSWEA,https://cloud.189.cn/t/EBNvMvU3AZNj
地狱把妹王,874885,https://pan.baidu.com/s/1UN4fgY3xgxct91oZfTGKXA,https://cloud.189.cn/t/AnInIjNFJNzq
Devolverland Expo,548999,https://pan.baidu.com/s/1pzLBwL9ZlzQXgHbj9DiYuQ,
刀锋战神,231554,https://pan.baidu.com/s/1xhZa0tb_fCtz-d959J9ffg,https://cloud.189.cn/t/IRVJ3yBbqquy
DC正义联盟 混沌宇宙,256445,https://pan.baidu.com/s/1jZYyGElYLoDq9yjCNJEzEQ,https://cloud.189.cn/t/byUZZjAveaym
D3006,254444,https://pan.baidu.com/s/1K7iE1aha2dumXOFOuLNQoA,https://cloud.189.cn/t/Q3meYjMVb2mi
D3010,364887,https://pan.baidu.com/s/1TiwYUCixNBJq3u2e6O4arg,https://cloud.189.cn/t/EnumaqBFb6fe
D3011,236665,https://pan.baidu.com/s/11oLnrNjEM6MMEfTUog-b5Q,https://cloud.189.cn/t/ZbMrAjnQjYvu
D3012,326664,https://pan.baidu.com/s/1CSRIlfMxTlr6zUdHkuLxUQ,https://cloud.189.cn/t/MRVfeuF3uyi2
D3015,215888,https://pan.baidu.com/s/1oKjn542k_iTjaj04oX9AXA,https://cloud.189.cn/t/yQjAjqB3uaAv
D5001,365558,https://pan.baidu.com/s/12eKVCUL-hxTTLQsHumuUgA,https://cloud.189.cn/t/n2Q3euem6jYf
D5004,366665,https://pan.baidu.com/s/1bcF6McfocrVilInsosC0hQ,https://cloud.189.cn/t/fmqUBbaUnayy
D5011,125333,https://pan.baidu.com/s/1Yeqv-HojP7DZIxYnj-tmyA,https://cloud.189.cn/t/BnYfyiBr6RBn
俄勒冈之旅,366665,https://pan.baidu.com/s/1ivpwNFfWRyr6kQnrNhMKHg,https://cloud.189.cn/t/fqA7BruAf26j
E5002,254444,https://pan.baidu.com/s/1OIshMK9jWHtlzW0VoiQpkg,https://cloud.189.cn/t/fiY32e6fmeQb
E5003,326665,https://pan.baidu.com/s/1_pKkOfGsBgkKsNxLlNuaCQ,https://cloud.189.cn/t/aAn6fub2UBji
非常英雄,325887,https://pan.baidu.com/s/1g0zn0CrlnAtP8nK_62j9DQ,
防御阵型2,258774,https://pan.baidu.com/s/1bb1hW52K7s13nnigDabwag,
月风魔传：不死之月,542221,https://pan.baidu.com/s/1bwpPARzlPEKFdOhHbk5sCA,https://cloud.189.cn/t/juuA73iAzqMb
FIFA16,658771,https://pan.baidu.com/s/1YUaBqA40AwjU8GbaU8glKA,https://cloud.189.cn/t/RFv6BbRNriyu
F3002,233336,https://pan.baidu.com/s/1CT505GDrBmemcTs_lVmAew,https://cloud.189.cn/t/bM3UFfaaiMBb
F5003,251444,https://pan.baidu.com/s/1Fv2qJO3QipzcoRDXyIA0ng,https://cloud.189.cn/t/n2meQ3zaYjm2
F5004,302666,https://pan.baidu.com/s/1CzoLAa9YdEj0UxBGQSLlXg,https://cloud.189.cn/t/numYVz2IFZBz
F5013,215000,https://pan.baidu.com/s/15Gmm2v9XPi_cuW84UXRvLA,https://cloud.189.cn/t/buA7Vv3M7Jzy
F5016,215200,https://pan.baidu.com/s/1pH2QFCCPXuI1KRmdoWPXmw,https://cloud.189.cn/t/YRRJbiemQVZ3
光环战争2,"=""000000""",https://pan.baidu.com/s/1-4FZPAjhJ5bNGjZf7ciXnQ,
鬼怪传说,175448,https://pan.baidu.com/s/1yyA8DM00ymLmdvipyNIO0g,https://cloud.189.cn/t/JRRRRbbYvErm
公理边缘2,587774,https://pan.baidu.com/s/1HKYTPsns-1PTF5AMvPYacA,https://cloud.189.cn/t/FR77JzjYVNnq
GIBZ,577885,https://pan.baidu.com/s/1DDaPmWPFIEojJ9ytk-TDPQ,
革命曲途,258997,https://pan.baidu.com/s/1NhLginwGIMiOHcJCckhDNA,
高跷男踩竹马,236447,https://pan.baidu.com/s/1a6TU_9EpRb8gAMQpbcRLrA,
怪物高中之骷髅终极秘密,251022,https://pan.baidu.com/s/1hY14Eh4Mw8tcj9jeLsNQNg,https://cloud.189.cn/t/IfiyQfEn6BVr
G3005,254665,https://pan.baidu.com/s/1q2n2kEgokcNrrbOBrrykpg,https://cloud.189.cn/t/F3UzAfYjaA3y
G5002,326669,https://cloud.189.cn/t/6BR3q2nIJJra,https://cloud.189.cn/t/6BR3q2nIJJra
G5009,210000,https://cloud.189.cn/t/jqmA3ybIraEz,https://cloud.189.cn/t/jqmA3ybIraEz
黑手党：黑帮之城,263332,https://pan.baidu.com/s/1oxddX34lfXyT0d5uoYKqLw,https://cloud.189.cn/t/AjmQz23IV3Ar
合金装备1+2,457744,https://pan.baidu.com/s/1sYgNEUJIxLSgEVGB1_cIpA,https://cloud.189.cn/t/QnQbQzmyQVnm
黑色沙漠,254631,https://pan.baidu.com/s/1IU3vyHusBGKtUkJSkNaDow,
海贼无双3,514789,https://pan.baidu.com/s/1Hj1ICZK_oJCzhh52OxeQaA,
黑暗的欲望,695549,https://pan.baidu.com/s/1J6deWg6zLBche3NoiXvrKA,
哈克小镇,303332,https://pan.baidu.com/s/1umdQLCN07BQzrDa3EShSOg,https://cloud.189.cn/t/bYZB7nRjyIzm
幻想乡萃夜祭,748555,https://pan.baidu.com/s/1-xwMkGr11tUmrt4CHCMYxw,
黑暗的年代,587445,https://pan.baidu.com/s/1puIG1Ac5vz-wKGdg0CU5IA,
化身侦探,748596,https://pan.baidu.com/s/1JWtYA1eHFghExgZ5dXl7HQ,
红至日2 幸存者,302221,https://pan.baidu.com/s/1x-50ICaBdkPq_mMkAZx1mA,https://cloud.189.cn/t/Qb6fEjB36VFn
毁灭全人类：克隆大屠杀,365222,https://pan.baidu.com/s/10sLRlVpcm7zUrX8_DxviCg,https://cloud.189.cn/t/6RrYryEjErEz
花：春篇,254778,https://pan.baidu.com/s/1cCS3Ibw7fLzGSBkGEHw4_g,
花：夏篇,216334,https://pan.baidu.com/s/1tdS5VYDBH_1dWXQPbY195A,
花：秋篇,211478,https://pan.baidu.com/s/1Dt7hhPztmX9I-QyK9FPQww,
海洋之心,254447,https://pan.baidu.com/s/1ViL0Nhzl5OsAcJ4L_VhI4w,
火焰之纹章Engage,254887,https://pan.baidu.com/s/1mBU4RMzy2DSj_dDz7ATmGw,https://cloud.189.cn/t/r67zI3NvEFNn
火焰之纹章 圣魔之光石,356211,https://pan.baidu.com/s/1LEk0SrawEd60QUSVua6xHA,https://cloud.189.cn/t/YfMZZbuQvANn
魂斗罗周年纪念合集,652448,https://pan.baidu.com/s/1BiHyb0-_y0a-quU-2Bm0lg,https://cloud.189.cn/t/Q7ny6rNRZbAf
黑白世代,658774,https://pan.baidu.com/s/1VtyoJfp1ujvWPCWMmRnJgQ,https://cloud.189.cn/t/vqYVRvB3EjEb
海之号角2 失落王国的骑士,523333,https://pan.baidu.com/s/11Gq6Hv101-Lmfwd2I9KvTA,https://cloud.189.cn/t/fIvaqqmAJnIj
回声世代 午夜版,254885,https://pan.baidu.com/s/1tL3ofh5HRv5-MdUrzl0Qtw,https://cloud.189.cn/t/MZz6ZvfyY3Ar
海市蜃楼之馆 合集,652555,https://pan.baidu.com/s/1U-kppWELHP7zTU63JbOG8w,https://cloud.189.cn/t/yqeqUbfaENv2
幻想女武神,659877,,https://cloud.189.cn/t/V7fqeau6zeqi
H3003,256332,https://pan.baidu.com/s/1SLUDZzUA1ahT8--0T4y-pA,https://cloud.189.cn/t/Z7bUbuiaMnMf
H3005,256664,https://pan.baidu.com/s/1EyQixK5GCK_mIuMMzTLUHg,https://cloud.189.cn/t/y2QZjaNnI7v2
H3009,254887,https://pan.baidu.com/s/1e6Wb7vJ3IFGY3LHWzeOvGw,https://cloud.189.cn/t/nYNnyyzAZzUf
H5001,365222,https://pan.baidu.com/s/1jX9y0hd3kqxqfu5rY1p2hg,https://cloud.189.cn/t/r26f2eY7bArm
极限竞速7终极版,254887,https://pan.baidu.com/s/1_2EZmin06GhZ4Y9x_y0_Zg,https://cloud.189.cn/t/2mEbyyM7VZRf
街头涂鸦HD,325441,https://pan.baidu.com/s/1AIFef6WC8rBxxz0aG1lI9g,
崛起3：泰坦之王增强版,654778,https://pan.baidu.com/s/1USeLwCanrAgYYqBZCRGXMw,
崛起2：黑暗水域,654677,https://pan.baidu.com/s/1G00gv85dmgtPHIgSj7xZxA,https://cloud.189.cn/t/zENNveYJNrYv
救赎死神,233332,https://pan.baidu.com/s/17U_u9s_OGsBkWWX-r2gyfg,https://cloud.189.cn/t/euMZVvuAFjEz
集合啦 动物森友会,256320,https://pan.baidu.com/s/1ZzMm70xAbrbhnEKT3TNXjQ,https://cloud.189.cn/t/z6RRR3IBf6fu
J3002,235884,https://pan.baidu.com/s/1M07fZ3YT06J_tzTUop9BYg,https://cloud.189.cn/t/mUviuq7rE3me
J3007,526664,https://pan.baidu.com/s/1zuQdhduhuZ8ex1sJpPI1Rg,https://cloud.189.cn/t/aym26fBVRV3y
剑灵 单机版B,215477,https://pan.baidu.com/s/17uClufraX7bvICD0kcbWhw,https://cloud.189.cn/t/nim2UbfqIJZn
J3011,215444,https://pan.baidu.com/s/1gGPot4jqBLI4IWH_5K3frQ,https://cloud.189.cn/t/F7VVV3jErq2a
J5001,215555,https://pan.baidu.com/s/10ThZ62p6TL4ViewqBqDX6A,https://cloud.189.cn/t/B3qaM3zMraiy
J5002,258888,https://pan.baidu.com/s/1wwScqRWqg9qQ-efdUlQh4A,https://cloud.189.cn/t/VfUFFv7RvAJb
J5004,348777,https://pan.baidu.com/s/1YnKZW7swdQ_pXXIKEhKLug,https://cloud.189.cn/t/m2YbymUFv6ji
J5006,326333,https://pan.baidu.com/s/1QRjTN8v6msd-HSwjW-6eOg,https://cloud.189.cn/t/aUjeuuJviuaa
J5008,231554,https://pan.baidu.com/s/1IQeSgZz4QPl7Wh3_VUOXNA,https://cloud.189.cn/t/NFjYJrjAFf2y
J5009,326333,https://pan.baidu.com/s/1Bz9MhzHrttotKUvhDSK4qQ,https://cloud.189.cn/t/aAju6ruQjEBn
J5013,251477,https://pan.baidu.com/s/1oyRrENHHOU3l-uFHHox1gg,https://cloud.189.cn/t/NFJvEvbEBJnu
J5019,247855,https://pan.baidu.com/s/1OldZkE9OfB88znUKml54Fg,https://cloud.189.cn/t/6vAVVzyQF7Bz
开拓者,215447,https://pan.baidu.com/s/1cNnZfjjua0usuewjFQf91g,https://cloud.189.cn/t/vu26V3juuYF3
凯旋堡,258887,https://pan.baidu.com/s/15IrDG6rUwK-kd1Ho4VTNdw,
恐惧与饥饿2终结之祭,659255,https://pan.baidu.com/s/1bktzlRFTEunPE85ZF9hhVw,https://cloud.189.cn/t/fyiYjifAJN7z
苦主救世主中心3,254111,https://pan.baidu.com/s/1uwCBrEqG8-J6lOIigmXHuA,https://cloud.189.cn/t/3aUjmmy2a6Rr
K5004,214777,https://pan.baidu.com/s/1lsaTF4q4A975VQ-DZJhYrQ,https://cloud.189.cn/t/INVrA32UJvq2
龙腾世纪：终极版,748559,https://pan.baidu.com/s/1JgC2clRdHWEh0o6SrThbhw,
洛克人X传奇收藏版合集,521463,https://pan.baidu.com/s/18YgSf-2eMWST5q7tA6SRBA,https://cloud.189.cn/t/jM7BnaJvQFRb
雷霆一号,522112,https://pan.baidu.com/s/1qDTShtZUYpzNEA3JQ9xNIQ,https://cloud.189.cn/t/uUbyIrUj6FRf
龙与地下城：黑暗联盟,854447,https://pan.baidu.com/s/1hcbzWI28LE0BEyY7vdVY-Q,https://cloud.189.cn/t/U7JbE3qeyEji
连环清道夫,544111,https://pan.baidu.com/s/1eSLcMfFJ2XisCHDgJzD5VA,https://cloud.189.cn/t/jERRjaAvi2Aj
浪漫沙加开拓者 重制版,256663,https://pan.baidu.com/s/1_GAbcqHH411vIgNlSUdyeQ,https://cloud.189.cn/t/BFB3YzZrMbE3
落难航船：诅咒之岛的探险者,856669,https://pan.baidu.com/s/1uBCWoKSKkdbicjxCx_c80A,
零号奴隶X,784779,https://pan.baidu.com/s/1KQ9VF9cASPOU-fkpF3Dhaw,https://cloud.189.cn/t/fMz6ZnBnmyUz
路易鬼屋3,231554,https://pan.baidu.com/s/113AGpZdrSdw8SXm1uw71CA,https://cloud.189.cn/t/qqAvi2qMF3Ef
龙珠Z电光火石4,659999,https://pan.baidu.com/s/1524Iz_zDdx6LDWIUbpu7sw,https://cloud.189.cn/t/UvEfaqauMzy2
恋爱单选题,215258,https://pan.baidu.com/s/1QkO62lJSiRhDm0sTOWT0rQ,https://cloud.189.cn/t/ZjYzEnBZvM3u
L3008,326333,https://pan.baidu.com/s/1WOti10viXjvrIlRY1PMTrw,https://cloud.189.cn/t/rYJ3i2i6BfAr
L3009,254444,https://pan.baidu.com/s/15ebA4YT9vw3X2WIFkX3tDA,https://cloud.189.cn/t/VF7ZBfMFv2uq
L5002,265444,https://pan.baidu.com/s/1ypxN-XAkACUu1rJUCPECGw,https://cloud.189.cn/t/yu6Vr2EfaIR3
恋活2,263121,https://pan.baidu.com/s/1nGHuDd5DAqUeTDxruR7SWg,https://cloud.189.cn/t/aa6vyaRviia2
L5004,231554,https://pan.baidu.com/s/150qIxAGE2M2L34j7qumbYQ,https://cloud.189.cn/t/yeIzamiYjUFb
L5011,154777,https://pan.baidu.com/s/1r925g1318kxfjxtxzhs6DA,https://cloud.189.cn/t/MJbE3aFjquMz
L5027,215222,https://pan.baidu.com/s/1FT6iq87rbwE9VE6ho2sNeA,https://cloud.189.cn/t/vQbYVvbAfYBn
马力欧激战前锋 战斗联赛,254669,https://pan.baidu.com/s/1UAOg8z1hZHQ2xfyy4x15eA,https://cloud.189.cn/t/UNZFzyQJfIJv
魔法剑士,415447,https://pan.baidu.com/s/1-ohDY3UPuci3UXyWsT1JQQ,https://cloud.189.cn/t/UFj6Vbjyeqia
冥河：旧日支配者之治,748774,https://pan.baidu.com/s/1skMvZYzW7jZs5BftkfxYyw,
魔铁危机,365221,https://pan.baidu.com/s/138grElqpVrkxTrmlwbJyHg,
魔骑少女,326665,https://pan.baidu.com/s/1vkVGZG6u-JDZ3v4eRztK5Q,https://cloud.189.cn/t/7fmyyaNFNrq2
牧场物语：希望之光,654714,https://pan.baidu.com/s/1cn8uE3VWH77M3sakftDoXw,
摩根历险记之诅咒小镇,579996,https://pan.baidu.com/s/1TTdZZwIZdQ_JyoZxtNEp3A,
梦幻谷,215476,https://pan.baidu.com/s/15FtSQSKjplnZqpafOnqDKg,https://cloud.189.cn/t/vm6vEzBV7F73
马里奥VS大金刚,320011,https://pan.baidu.com/s/1R-zzRyz3zPMf2NxuG0QiVA,https://cloud.189.cn/t/jQJJJb2A36by
木卫二,589666,https://pan.baidu.com/s/1RSjY3dtekjycYlkkrFdBPg,https://cloud.189.cn/t/NNJjaaMjuiaq
魔农传记,252300,https://pan.baidu.com/s/1TO5kMzyvJLJxJfL4VfRt7g,https://cloud.189.cn/t/maIJBbYryQRb
M3002,254115,https://pan.baidu.com/s/11rXhxhSfKSrxbjMIiXHKiQ,https://cloud.189.cn/t/baaAJrQzU3Uv
M3003,254669,https://pan.baidu.com/s/1eaIeUW1ZPAm0Rn8r7LuIFw,https://cloud.189.cn/t/vaIVvuemABF3
M3012,254887,https://pan.baidu.com/s/1K043Jvuiw9MFZBG_86QYcw,https://cloud.189.cn/t/mMZVBniEFrIf
魔镜,326665,https://pan.baidu.com/s/1lYdt6WZyQ6dfl66MAzg3og,https://cloud.189.cn/t/VFzMZnBzaIvq
M5009,263558,https://pan.baidu.com/s/1cp0eaJBk4JqR0G6a79CRDA,https://cloud.189.cn/t/vYfaameAFVba
美少女万华镜1 被诅咒之传说少女,215888,https://pan.baidu.com/s/1dq5uZE_a0WtpvG9ENf_VYg,https://cloud.189.cn/t/fEF3Az2EnMrm
美少女万华镜2 勿忘草与永远的少女,210114,https://pan.baidu.com/s/1sICUYTR_houI3dif_17YDA,https://cloud.189.cn/t/ua6Jfu7nU3Ub
美少女万华镜4 罪与罚的少女,326002,https://pan.baidu.com/s/1LQHtE87pvNxP-vjTyYE9Tg,https://cloud.189.cn/t/RVryymNV3QJr
M5011,258888,https://pan.baidu.com/s/1iTrYu7ZMbXFEe1qbfxN9nA,https://cloud.189.cn/t/AzYjQreUVNRv
M5030,564255,https://pan.baidu.com/s/1T6Pr16muzTJ8zzjY3sNEcQ,https://cloud.189.cn/t/Nnuu6r3yAFFj
M5035,326333,https://pan.baidu.com/s/1C40L2qMOrwqoRIL6BReiWw,https://cloud.189.cn/t/y6BVFnE77F7b
逆转裁判4重置版,231554,https://pan.baidu.com/s/1Ob-n8BLk_6OG1p7oicb3rQ,https://cloud.189.cn/t/InqMZreEJnAf
逆转裁判6,365221,https://pan.baidu.com/s/1k2aW-Enff8GRnDWM6CuFoQ,https://cloud.189.cn/t/zaauqevM7JFr
拟像,658774,https://pan.baidu.com/s/1JnCq-a-eYuQFX5jG0_tDHA,https://cloud.189.cn/t/iAZvAzUJnmqm
涅克罗蒙达：下巢战争,256474,https://pan.baidu.com/s/1-kyoikxNHw8JP2_H9fUA7w,https://cloud.189.cn/t/MvUj6zMZvEvq
N3006,254887,https://pan.baidu.com/s/17Vr4s18GxOHkk5AHiG2mLA,https://cloud.189.cn/t/Q3MFVbQbAZry
N5001,320001,https://pan.baidu.com/s/1VIDmO14bVPeFLZr7Rrd1QQ,https://cloud.189.cn/t/vInQBjaYfUNv
N5002,326665,https://pan.baidu.com/s/1T7xIxkZgqi4mURYZ9PQrXA,https://cloud.189.cn/t/vuMfQjreEBby
N5005,323333,https://pan.baidu.com/s/1-qiVkYlss4Z03vc6Z45qjQ,https://cloud.189.cn/t/u2eaEraaIJBz
N5009,256333,https://pan.baidu.com/s/1VYoySxWz1qkjvAzLuP1YWQ,https://cloud.189.cn/t/aqINBziQNJ7f
N5010,254777,https://pan.baidu.com/s/13KbebHqXaySjv03cwCEtsg,https://cloud.189.cn/t/QZBNVrZVbqee
旁观者3,326558,https://pan.baidu.com/s/172ZyQZLkkaPUoAludJldiw,https://cloud.189.cn/t/y2iYje7FRFrm
喷射战士3,326665,https://pan.baidu.com/s/1odiRSizWNzp2tApL0wTrbw,https://cloud.189.cn/t/iUzmMbU3iIva
PGA巡回赛2K21,748887,https://pan.baidu.com/s/1Sbieu3tPyRtunMiguF5wwQ,
帕斯卡契约：终极版,785441,https://pan.baidu.com/s/1SMFIHoA5r8XnbLBSbfxbJw,https://cloud.189.cn/t/n6VZzavua6Zb
P5001,326668,https://pan.baidu.com/s/1HQvihS_RaiSA_7kf3RSEwQ,https://cloud.189.cn/t/YviUNbvmQBFf
拳皇97：全球对决,597444,https://pan.baidu.com/s/1NFicQ-8WHKNkkl4frsmYjg,https://cloud.189.cn/t/AnqURzB3emUn
欺诈领主,987589,https://pan.baidu.com/s/1wGtBI-x9o8aQrfiDS1aXng,
枪与香蕉,325889,https://pan.baidu.com/s/1ah0UwjctWLPAu-Q2cfBnDA,
权力的游戏,309985,https://pan.baidu.com/s/106Nr2bb6Y3NqUF0k_t5s3A,https://cloud.189.cn/t/zIR7nyQbEJR3
前进 蘑菇队长,256355,https://pan.baidu.com/s/1AS_sqmvFeMYvldbs_UubRw,https://cloud.189.cn/t/V7FNvinyMvEn
拳皇VS街霸,325666,https://pan.baidu.com/s/1uASjn1l5lZZpFTQYv9lAJQ,https://cloud.189.cn/t/F3uIJvumIRRb
Q3003,325554,https://pan.baidu.com/s/1Yt0ceYXbDYQZMrnP6-TuiA,https://cloud.189.cn/t/2iQJnereMrAb
Q5001,785996,https://pan.baidu.com/s/1q5RLIoKgTyshTHQ3H8jjOw,https://cloud.189.cn/t/eAbUjarm63Mf
Q5003,569999,https://pan.baidu.com/s/1FFM6RMYSriRU9PS63rjSLg,https://cloud.189.cn/t/YVzeuqNNfqqa
Q5004,236665,https://pan.baidu.com/s/1BpCmbJrbfPC9rqC7p7wpMA,https://cloud.189.cn/t/BnqMbuYRfQfu
荣誉勋章2010,548777,https://pan.baidu.com/s/1TbYLwVjL9DMMci_q0ZmUVw,https://cloud.189.cn/t/r2ABNvnQ77zy
忍者蛙,259774,https://pan.baidu.com/s/15MbFYZbJwe6c3z82TVLe9g,
Ruinarch,214521,https://pan.baidu.com/s/1KByx2JLLBNNM4zrkBjMmnw,https://cloud.189.cn/t/jiaIFbZVFryy
RWBY Arrowfell,215333,https://pan.baidu.com/s/1C98FWDfO2lmETR4HIc_utQ,https://cloud.189.cn/t/qQbiy2EnuMju
蠕行的恐惧 克苏鲁选集,215000,https://pan.baidu.com/s/1r1QTK7C01N9UWE35hzaoHQ,https://cloud.189.cn/t/7zARVrFzu6N3
R3002,201114,https://pan.baidu.com/s/14_g6D0x1IlcjjU_oixBx7w,https://cloud.189.cn/t/QneiUrBNbAry
R3004,265554,https://pan.baidu.com/s/1G__eMYKowX0SE8pPnWQGZw,https://cloud.189.cn/t/bYVzQnF3Qvuy
生化危机：浣熊市行动,874558,https://pan.baidu.com/s/1d47UMp6qm2HyF7fhZDiTAg,
使命召唤,658774,https://pan.baidu.com/s/1YvfxsWt3LvV9H_o8_oLVOw,https://cloud.189.cn/t/ueQnMnvE7JNn
丧尸围城4,632336,https://pan.baidu.com/s/1DnE6A5y4wwI4DJQxSf9M7w,https://cloud.189.cn/t/IBZvQf2IJvQz
圣剑传说3：重制版,657887,https://pan.baidu.com/s/13cgNBKCAPEJwT7zHX8Vuyw,
塞尔达传说：织梦岛,254111,https://pan.baidu.com/s/1-CmiGke2UpYIOzJXWMjApA,https://cloud.189.cn/t/UBZFFbNziiM3
塞尔达传说 王国之泪,258774,https://pan.baidu.com/s/1eVxXeRv2h1I2AR4l8wfXUA,https://cloud.189.cn/t/2qqMJzqmuENz
索尼克：力量,632223,https://pan.baidu.com/s/10RfwvGV_ST0Enko4C9zjYA,https://cloud.189.cn/t/eayIziFjqUna
实况足球2021,326333,https://pan.baidu.com/s/1Wgu-kfkkrGA4LfnloJ-MoQ,https://cloud.189.cn/t/fa2iYnFVrA3y
十三机兵防卫圈,263558,https://pan.baidu.com/s/1Cfkmb_NQ-n4N2saW9trygw,https://cloud.189.cn/t/MfYZFnvy2mEv
神奇蜘蛛侠2,774874,https://pan.baidu.com/s/1fx7_PIcSRKG0HGzfIze7oQ,https://cloud.189.cn/t/QzM7juZ7NvUr
圣斗士星矢：斗士之魂,521447,https://pan.baidu.com/s/1ry3mV5aTsl-Dj2xVMCxBEw,https://cloud.189.cn/t/BBBfyyAjIFza
沙耶之歌,963254,https://pan.baidu.com/s/1IL6_cazpVI-xs7B3ha6JQg,
闪乱神乐 合集,852119,https://pan.baidu.com/s/10_XY5OB54T3vyJK_1w5lcg,https://cloud.189.cn/t/iaMVJriMv6Nv
失落史诗,326558,https://pan.baidu.com/s/1KzhIGJFtXbj-DDQaHuYpcQ,https://cloud.189.cn/t/FB7rUvfEvMJ3
尸变纪元2,578996,https://pan.baidu.com/s/1lxM27SZ5ytaJADamW4HwdA,
山中凶宅,321444,https://pan.baidu.com/s/1CoTfU11NQqIfx0QNlDd5KA,
深入地牢,326666,https://pan.baidu.com/s/1708BI9nJdY9rwAceAY_Z0w,https://cloud.189.cn/t/aeuABrrYRbye
SD 新 假面骑士 乱舞,325111,https://pan.baidu.com/s/1K6uh9uGhoJQZHXwmSCeWPQ,https://cloud.189.cn/t/mYVVfqARJFfa
舍伍德侠盗团,215200,https://pan.baidu.com/s/1pQuFQCbXH1zMrrF551q7WQ,https://cloud.189.cn/t/6FFZrqRNFb6b
塞尔达传说 智慧的再现,652145,https://pan.baidu.com/s/1LWqnQ_O4S4zBGPfcNnT84w,https://cloud.189.cn/t/jQ7JBn6Bvu2e
S3010,119888,https://pan.baidu.com/s/1UXtgY7vWTh0ShfE8w2Uq1Q,https://cloud.189.cn/t/uiM7vmnmE7vy
S3014,258774,https://pan.baidu.com/s/1Fh7RgKoAPf6VgqoB0vrw3A,https://cloud.189.cn/t/uYVBraua2Iny
S3021,254114,https://pan.baidu.com/s/1ovVtEhyuzCeOfi9Eqd00IA,https://cloud.189.cn/t/jYju2iYBnyei
S3023,254447,https://pan.baidu.com/s/15JiBiNe1pJD5dgcqwEWmjg,https://cloud.189.cn/t/ARb6JzNNj2mq
S3024,256665,https://pan.baidu.com/s/1BWAmguwC22wWGRbae4jaJQ,https://cloud.189.cn/t/RrYF3mnaInaa
S5002,588887,https://pan.baidu.com/s/18DdnErs8-yJ4-s9qIe6yvg,https://cloud.189.cn/t/JN7FruIvIfYf
S5004,321447,https://pan.baidu.com/s/1XWz2CrI4OtkMojjn7Ry_mQ,https://cloud.189.cn/t/AJFFZbeay6Zz
S5014,247777,https://pan.baidu.com/s/1G4u-2MdFDxoYNbK9N4EyCA,https://cloud.189.cn/t/jmMrq2m6N3im
S5016,215447,https://pan.baidu.com/s/1O65uTlDUGQthz9WLJi6AtA,https://cloud.189.cn/t/bMB73mzaqQza
淘金热：The Game,747885,https://pan.baidu.com/s/10wqw2VwCqlFtaXyPRKKbUQ,https://cloud.189.cn/t/ABvmmm6nqAre
天剑,847799,https://pan.baidu.com/s/1TR8EWHFnFSaoKCFjJJG1Sw,https://cloud.189.cn/t/MBv67jieEBzy
太空乱游,685774,https://pan.baidu.com/s/1TPZASzlb-eiWJtsr8gdv0g,
逃出地牢,879995,https://pan.baidu.com/s/1WS6EoRO2gts9TXrqtINgyA,https://cloud.189.cn/t/QzYnQnI3quaq
汤姆克兰西之鹰击长空2,658774,https://pan.baidu.com/s/11AKPqS-fqrTxmBu78WM5bg,
铁旅,322244,https://pan.baidu.com/s/1_mj2W64kkWhqj46PNHr2qQ,
太鼓达人：鼓咚大师,254115,https://pan.baidu.com/s/1zw6BAfWceeyI_IdK_KNVkQ,https://cloud.189.cn/t/Fn2emymA7rue
泰坦工业,263554,https://pan.baidu.com/s/1RWvAv1VWK50tlmYZG8-RDw,https://cloud.189.cn/t/vYRnmuuuqyQr
塔台战术 解放,320665,https://pan.baidu.com/s/1tKciwTCVAhYcA87Gkjeqgw,https://cloud.189.cn/t/rInmyeyieyAf
T3012,"=""023669""",https://pan.baidu.com/s/1cpepigFp_F7KVP2ZISvMXg,https://cloud.189.cn/t/7F3AfeqiA3Yf
T3017,587774,https://pan.baidu.com/s/1FxU7E1oxzDWFBTkNJH5CIA,https://cloud.189.cn/t/VvyM7rE3EJrq
T5001,356441,https://pan.baidu.com/s/1-6NhnhrZoR9ReaWIOo1BTg,https://cloud.189.cn/t/JNzaieVbqyMf
T5002,326665,https://pan.baidu.com/s/1MKsUXwO3OLdRh8-WYmChGw,https://cloud.189.cn/t/A7rQFjIb2aeq
T5003,356448,https://pan.baidu.com/s/1SVaQCp2jENjGcPhVdwfRhw,https://cloud.189.cn/t/M3uAVneYN73i
T5004,587774,https://pan.baidu.com/s/1Xm8IZ2RXLBaYUl7m2QA4ew,https://cloud.189.cn/t/2EBZVjjeYBVj
T5006,320001,https://pan.baidu.com/s/1KMItvAk6bsBijqNNRl9QFA,https://cloud.189.cn/t/IRb2ui7zQ7ja
T5007,636669,https://pan.baidu.com/s/15MO5n00os9LHuaV7bbHPLg,https://cloud.189.cn/t/i6ZBjaYZriQ3
T5015,212300,https://pan.baidu.com/s/16MwUxGqsw2GIm7URvi6RUA,https://cloud.189.cn/t/ueUrI3amqqie
T5018,258774,https://pan.baidu.com/s/17g2hQnloUkPWAaAFjVQ-eg,https://cloud.189.cn/t/zArAnuvmeEBv
UFO战士格赛弗 狼群盛宴,148774,https://pan.baidu.com/s/1rYPOlu8hY2WdL2hCXuulZA,https://cloud.189.cn/t/uaIVJvIVba63
亡灵诡计来世,254887,https://pan.baidu.com/s/11OfXjcOqj4YCkQFMBFQjBQ,https://cloud.189.cn/t/zMVvI3Yreu2y
我的英雄学院：一人的正义2,457778,https://pan.baidu.com/s/1uVzh3oSI_SeCmEqdNa4k9Q,https://cloud.189.cn/t/fiqEJb73iuem
WWE 2K20,587444,https://pan.baidu.com/s/1A0XhVisF_h18yjqMNB2NMQ,https://cloud.189.cn/t/Mb2aa26Fni2a
WWE 2K24,326477,https://pan.baidu.com/s/1Qha87o8Jz8OO_pquYEE-Ng,https://cloud.189.cn/t/veaQji7fm26f
维纳斯之血 盖亚 国际版,213336,https://pan.baidu.com/s/12vsHlhgBxeDhDhFCqY0B8A,https://cloud.189.cn/t/2QfeiaZjIR3y
旺达与巨像 高清版,632225,https://pan.baidu.com/s/1IvlaDgW7nO2m1TOUusYKSw,https://cloud.189.cn/t/ny2MJj3qUBvi
瓦塔姆,632178,https://pan.baidu.com/s/1f6e_a3rFuOwJU2FBZklCow,
我想要创造,336554,https://pan.baidu.com/s/1jKWJjz9FWTmmulqpDou2Xw,
王国 80年代,256330,https://pan.baidu.com/s/1wKD-zIlIz6EzQDvZxUu94g,https://cloud.189.cn/t/fAvUZfZBRzm2
物种战争2 启示录,225022,https://pan.baidu.com/s/1MO_6VqtZ0DBqhMrqL_8Dxw,https://cloud.189.cn/t/Bf2AryUNRvI3
尾随谜案,652033,https://pan.baidu.com/s/1jmR-aLo2tmvxu_PvI-04ng,https://cloud.189.cn/t/6VbiqamMniAj
W3006,256665,https://pan.baidu.com/s/1CFrAYd0bhOHz65P-uxjZvA,https://cloud.189.cn/t/VbuyEfqAnQJf
W5007,521447,https://pan.baidu.com/s/1-cmZKJbfORkzmzxiALDpDQ,https://cloud.189.cn/t/fyU3eqVbEjMb
W5009,214330,https://pan.baidu.com/s/1YOK58fnNtBJsFDziSjWb4g,https://cloud.189.cn/t/UJFJbeN7ZFVz
星之海洋4：最后的希望,478554,https://cloud.189.cn/t/juENVnUF7VFr,https://cloud.189.cn/t/juENVnUF7VFr
先祖：人类奥德赛,963565,https://pan.baidu.com/s/1SseXktsLDSDxXxojKhpS1w,
夏洛克福尔摩斯第一章,754855,https://pan.baidu.com/s/1QPi6ZTVJNOiIs5s6NMulIA,https://cloud.189.cn/t/RjmINzVbAFRf
心魔,632333,https://pan.baidu.com/s/15Z747o2-EpaHmn-2D__i6A,https://cloud.189.cn/t/QbAnq2FBzYJb
血染小镇,748556,https://pan.baidu.com/s/1KrZ19CBrYdsy3jc8HIXpkQ,https://cloud.189.cn/t/B7zYZbyuARnm
邪恶天才2世界统治,654874,https://pan.baidu.com/s/1aLP-4LU2fu4ANPwJjUI7MQ,https://cloud.189.cn/t/JJB7BzmMjYvy
现尝好滋味 超级猴子球1&2重制版,987996,https://pan.baidu.com/s/1KvhIDSq4mLnOgVjAhl3BWA,https://cloud.189.cn/t/QR7viquaEJ7n
校园默示录,654774,https://pan.baidu.com/s/1gLAX-erCwBFAAdTMSv0rVQ,https://cloud.189.cn/t/iEJrueVzYFRv
细胞迷途,365221,https://pan.baidu.com/s/1IL5NH4W2nthXzs4YL609SQ,https://cloud.189.cn/t/6bMfqyJna26b
心醉魂迷 黎明杀机主题恋爱模拟游戏,635874,https://pan.baidu.com/s/1sRLSWlGqsxzcjGWBaOgZaA,https://cloud.189.cn/t/3qEVRzEbEryi
星之卡比Wii豪华版,326555,https://pan.baidu.com/s/1KNo3mFdZZsEpt2s3wo2RIg,https://cloud.189.cn/t/Zv6NN3jENRzu
像素足球杯终极版,326554,https://pan.baidu.com/s/1Zy94dPnD2y0qlGowQgKntg,https://cloud.189.cn/t/qQV3MziyAnMz
新超级马里奥兄弟U豪华版,256664,https://pan.baidu.com/s/1aSmMoNC5juqAI5cb-FxZqg,https://cloud.189.cn/t/3qQjuanIjyEr
心之蜃,215302,https://pan.baidu.com/s/1Y8E5vo2t44vKfS_d6VoiYw,https://cloud.189.cn/t/jIRzyq6zqAFn
西游释厄传,214777,https://pan.baidu.com/s/1a8q-ulJLEUdjaujbChXLJw,
兄弟 双子传说 重制版,542644,https://pan.baidu.com/s/1F91osnZIrc819_BvUqa7mw,https://cloud.189.cn/t/2Yb6fq6bya63
血源诅咒,541520,https://pan.baidu.com/s/1TN7X6s-CjAs6WiWzAO6ZHg,https://cloud.189.cn/t/uuqyEjMFvAfu
轩辕剑五系列三部曲,256447,https://pan.baidu.com/s/1PAOGiRSu4FM6mElKYINJmQ,https://cloud.189.cn/t/rMVZn27fEjme
X5002,568889,https://pan.baidu.com/s/1jX5QXxEP3vi-ZgjJ23g8vA,https://cloud.189.cn/t/uQbqYreYveEz
X5006,356669,https://pan.baidu.com/s/1tpZUWSqmF4nKpVLQa6cNpA,https://cloud.189.cn/t/UzUNJ3UbqUva
X5009,986663,https://pan.baidu.com/s/1kDk4uVS4nYQO5nGm31BLKQ,https://cloud.189.cn/t/EZNJJ3vaQ3Q3
X5014,302258,https://pan.baidu.com/s/1hM4vbUqUKljmEA0DY9zDcQ,https://cloud.189.cn/t/Az22QvU7NFve
X5020,231555,https://pan.baidu.com/s/1Q3vDaVBo7dCLDR0ftNA6Dw,https://cloud.189.cn/t/na2mE326Bbya
夏娃年代记2,325214,https://pan.baidu.com/s/1avzYBd0hWhPZhODKTuilpw,https://cloud.189.cn/t/ErUnmyjYbuyu
X5035,652115,https://pan.baidu.com/s/1kkPqEi8R2ury2souffR4MQ,https://cloud.189.cn/t/AbiiumeaEBba
X5038,545599,https://pan.baidu.com/s/1UvvmNa1EtrFL1kzgio6LPw,https://cloud.189.cn/t/YnqUJjAf67Ff
英雄传说：空之轨迹FC,659666,https://pan.baidu.com/s/1aTU-uKEJ-c92dlmhRR_NLg,https://cloud.189.cn/t/vmANfeIBFBRr
英雄传说：闪之轨迹1改高清版,587451,https://pan.baidu.com/s/1jD-5hyUqYgbBf6BUWkIL1w,https://cloud.189.cn/t/z63MvyEfi673
英雄传说：闪之轨迹2改高清版,254778,https://pan.baidu.com/s/1znfzzUUmKbYA8Ziv5QiK2g,
英雄传说：闪之轨迹4,658777,https://pan.baidu.com/s/12Swz3kkkcNCRhlPJRtetuQ,https://cloud.189.cn/t/fUZ3iy6Nv6Nb
英灵士魂,326665,https://pan.baidu.com/s/1TCsXXNBtcDkJxQq00pJfdg,https://cloud.189.cn/t/Z7bmMnnY3yma
勇者斗恶龙：英雄2,357888,https://pan.baidu.com/s/1nSSDRYQHR_SjGtGLpM1blw,https://cloud.189.cn/t/INNzAz7baaim
勇者斗恶龙：英雄,564778,https://pan.baidu.com/s/19ireWxGEJOAbd3FZzXUmBQ,https://cloud.189.cn/t/m6Nzuuzeuya2
异度之刃X,254447,https://pan.baidu.com/s/1-WZkbrmIF-IvvT0NDhQVYg,https://cloud.189.cn/t/FZfyInzAfeaa
异度之刃决定版,326000,https://pan.baidu.com/s/1PidAVRKjkmAqr-wjTCIG0g,https://cloud.189.cn/t/2AfYBvaQVZzu
议会,965888,https://pan.baidu.com/s/1Lr7Bs6_uAOlfU6jLw5T67Q,https://cloud.189.cn/t/M3UJzqARfQVv
约会大作战：凛绪轮回HD,632547,https://pan.baidu.com/s/166om2d_ni5dZsy98TJKXdQ,
英勇无厌,302221,https://pan.baidu.com/s/1Yvose9tfsa4sE2w8qky--A,https://cloud.189.cn/t/JjYzuevQjamq
玉响未来,187996,https://pan.baidu.com/s/10PhPxBNi_as4Dz5M5yP57g,https://cloud.189.cn/t/iUfY7f67r6ji
异教模拟器,118547,https://pan.baidu.com/s/1_hOvql14hapLEdufrbAsyg,https://cloud.189.cn/t/FfuuIrEr2eie
樱花裁决,578899,https://pan.baidu.com/s/17F4CSshOUCW79ad3mFcxYQ,
咏叹调编年史,332114,https://pan.baidu.com/s/1XoJEQFsTVoRCccTj8aUWwA,
伊科内岛 筑梦之地,203000,https://cloud.189.cn/t/rERVBjj2AB7j,https://cloud.189.cn/t/rERVBjj2AB7j
遗迹传说HD,255154,https://pan.baidu.com/s/1If-xnjiJu40AiQV_O0rjjA,https://cloud.189.cn/t/uA3Ifqvmuy2y
永恒之花 心之所向,215011,https://pan.baidu.com/s/1Vq1erhBHdVBulxJGJLMhjQ,https://cloud.189.cn/t/3Yje6buu6ZVb
遗产传奇HD复刻版,215552,https://pan.baidu.com/s/1eYCVFr5nczHRACBLJHbv5w,https://cloud.189.cn/t/FzmMzuYFjyAv
异形 侠盗入侵,325650,https://pan.baidu.com/s/1Eb-XOjxToc5pSDocE5G4lw,https://cloud.189.cn/t/IbAfy2imE7Zr
Y3003,326555,https://pan.baidu.com/s/1F2h-mvav_kmiSLiknOQNyA,https://cloud.189.cn/t/nABnAvUbq2Ar
Y3012,256665,https://pan.baidu.com/s/1QkzFM_3dbr-UyYcFrGV4DQ,https://cloud.189.cn/t/mAnaii6rqUZf
Y5004,254118,https://pan.baidu.com/s/1qxVTzQGmHSwqoNc0c21bHQ,https://cloud.189.cn/t/mQ3a6biU3umq
Y5014,326333,https://pan.baidu.com/s/1q7X9bhrTFxRH1kAQBWx0HQ,https://cloud.189.cn/t/uqUNjmNZzuUn
Y5023,214000,https://pan.baidu.com/s/11xsGdKnEgXCB_QgeOESZFQ,https://cloud.189.cn/t/zY7NbujeIJ7j
Y5025,210333,https://pan.baidu.com/s/1Zbi0VMvKAlR39lsR_G9aZg,https://cloud.189.cn/t/3yANJrJvqamy
Y5034,256455,https://pan.baidu.com/s/1jVe-2mvlWg5tU0pW8Bv0UQ,https://cloud.189.cn/t/FJzMVfza6Rbi
最终幻想：纷争NT,748596,https://pan.baidu.com/s/1araIVdR4UihZ-CG3ZMh1Og,https://cloud.189.cn/t/iI7nMjr6Zbme
咒语力量3,336587,https://pan.baidu.com/s/1wAN1yefph8nLSTl09sFcvQ,https://cloud.189.cn/t/fMvaA3reia6j
重装机犬,296587,https://pan.baidu.com/s/1Rjy1le-xSE9sJMkvLZL7wA,https://cloud.189.cn/t/zmqqy2aUJjme
重炮母舰,587596,https://pan.baidu.com/s/1-oPym0VLmrLy-hj2Ks2rHw,https://cloud.189.cn/t/zyMfeqUNJJV3
重装机兵4月光歌姬,336232,https://pan.baidu.com/s/1Vyr-_eRESZsc8v8v1vRK7A,https://cloud.189.cn/t/2qiUnyiqMfAn
战争机器4,548759,https://pan.baidu.com/s/1Q2EAadduYJ-A-aNfMhK8hA,
殖民大亨,332663,https://pan.baidu.com/s/1fMsBwtgt-f6qL5hZNBboFg,
终极钓鱼模拟器2,578896,https://pan.baidu.com/s/1p8-eoG5ZfkRwdCZiunSrKw,https://cloud.189.cn/t/YnQFny3QBrA3
殖民地围攻,587996,https://pan.baidu.com/s/1nAeg_f-sWPEVX8B1NCoCMg,
战略思维：太平洋,654778,https://pan.baidu.com/s/16WCYZywbtBPWCh9uYmzdBg,https://cloud.189.cn/t/fI7N7jqmUnm2
战略思维：为自由而战,265447,https://pan.baidu.com/s/1B6BBUbBdfSy0kXj6pAO_IA,https://cloud.189.cn/t/uUB7f26jQF3q
诸神灰烬 抉择,254888,https://pan.baidu.com/s/1iQWPFkLi3DYr6-33KxfcCw,https://cloud.189.cn/t/EvqE3mqEj6Vz
中世纪王国战争,214533,https://pan.baidu.com/s/1x8uXLB2gy9OHPdpirkhCfw,https://cloud.189.cn/t/zyAJZ3mAbuAr
纸片马力欧RPG 千年之门,253666,https://pan.baidu.com/s/1zNra4zPToB7YH7Kk9j4Kfw,https://cloud.189.cn/t/6N7ZRz6vI3yq
Z3003,325666,https://pan.baidu.com/s/1SaoPZXw5pOZvTfHNnZSE7A,https://cloud.189.cn/t/zae6R3i2Uvq2
Z3011,563336,https://pan.baidu.com/s/1ELK-keoPB86w-wC8LWRiVw,https://cloud.189.cn/t/MZfeym6ni6bu
Z3015,254888,https://pan.baidu.com/s/1sgfJmwtTMMeTzzrR3ZnDPw,
Z3016,215554,https://pan.baidu.com/s/1GBI_y7sVzM4PBgMQMGBj6g,https://cloud.189.cn/t/UZ7FzmBzMRJ3
Z3020,556999,https://pan.baidu.com/s/1xnm2Gqs2NYGRo0YDaZ8NiQ,https://cloud.189.cn/t/iuquAnB3qmYb
Z5002,259997,https://pan.baidu.com/s/1J76qj0JBX0Ra4iTKb7wYFw,https://cloud.189.cn/t/A7VR7nzuiQBv
Z5004,255666,https://pan.baidu.com/s/1twKBsQ8vCrvSkwdkZ8msAA,https://cloud.189.cn/t/jyumeiQNzmUr
艾瑞卡,256333,https://pan.baidu.com/s/1i2ybeOuWU-HUYTDZP9qrgA,https://cloud.189.cn/t/mmy2Ebym26zy
埃尔德兰,215447,https://pan.baidu.com/s/1Yb0iYpixeNLSitEr_XSjmA,https://cloud.189.cn/t/jiYBvibaMfAv
波斯之夜：沙漠奇迹,659887,https://pan.baidu.com/s/1okLkC_5LQlFfhPLnkxfRlw,
不祥的预感：赛博朋克故事,259664,https://pan.baidu.com/s/1_yfnP_SQXVtEI7pdjxiCpA,
Beyond Contact,258888,https://pan.baidu.com/s/1KRtnTqQ-MM0ipJgQHGwj4A,https://cloud.189.cn/t/6vEFFrz2eeqy
不死军团2墓园,254665,https://pan.baidu.com/s/1_1tcajt1cUaowllJotIJ_g,https://cloud.189.cn/t/j6zayuZfeUjq
芭比 友谊计划,252055,https://pan.baidu.com/s/1iUfJhIgmHWAtR1pbFZ8pDA,https://cloud.189.cn/t/yaymQbBjMjYn
超级情圣2,145698,https://pan.baidu.com/s/1KaYPCrFAiiiWoMVjmsD6DA,https://cloud.189.cn/t/v63ymanqIFby
传继者 高级版,325554,https://pan.baidu.com/s/1MlescdN8bcJjDAY2EB8_cg,https://cloud.189.cn/t/uABNzybu2eyu
尘埃异变,254665,https://pan.baidu.com/s/1AB1E3xPrTehp_wjG9tipeQ,https://cloud.189.cn/t/z2qEbiM77RZv
餐厅兄弟,878965,https://pan.baidu.com/s/1TD4N9OGDcJZzAQ0fAiMZRg,
超级果酱,326663,https://pan.baidu.com/s/1HomUm4hnUpo6TStKWpfy1w,
车祸现场模拟器,230001,https://pan.baidu.com/s/1PsjJwjr2YpFK-7QfAro3KA,https://cloud.189.cn/t/mU32muNvqE3a
超疯狂节奏城堡,203000,https://pan.baidu.com/s/19PIpST0cHT1p1rEUrEOafQ,https://cloud.189.cn/t/iInaamV3qiQ3
地下矿工,745896,https://pan.baidu.com/s/17PkNJz3k6Qv2rpTBhhf5xw,https://cloud.189.cn/t/eqeQFjVjeYFz
东方异文石 爱亚利亚黎明 再造,125444,https://pan.baidu.com/s/1Y6m_zh5H8y4VlLYlKY6Pfw,https://cloud.189.cn/t/IziQrqYVrQ3m
渡鸦之境,258446,https://pan.baidu.com/s/1UEj0h8RF5_Kpfi3lSOtWHQ,https://cloud.189.cn/t/7NrqyqI3YJRb
厄瑞班 暗影之族,652111,https://pan.baidu.com/s/1oUE1g1kUP2Xm4JAzGVCGIA,https://cloud.189.cn/t/N36j2a2Uviey
范海辛的奇妙冒险2,258779,https://pan.baidu.com/s/1t4kuTGIALBkR_tVAifyzag,
风和日暖,521444,https://pan.baidu.com/s/1rC_RMFYbWf1ExU2EWhH0zQ,https://cloud.189.cn/t/IrUVraQBrIF3
鬼妇：印尼民间恐怖传说,851445,https://pan.baidu.com/s/1GaCdm6EHPE_LD3Nlv7Z1HQ,https://cloud.189.cn/t/viuYJbBnA3Af
钢铁突击,652339,https://pan.baidu.com/s/1DfB2gg9ZOVLjXdcJTGMe_Q,https://cloud.189.cn/t/ny2Yfqzaqq63
海滩入侵1944,652225,https://pan.baidu.com/s/1sKVmjWXK-AoP-v6kpPKzxw,https://cloud.189.cn/t/VFzYvmErAzme
火星电力行业,784996,https://pan.baidu.com/s/1ikFkF65_KGqgwZZ76cd0BQ,
火种,658774,https://pan.baidu.com/s/1A_WtMMqxjiKqTWoGq1oVNA,
海王星：VVV战机少女,858879,https://pan.baidu.com/s/1jZvpUFd0JbpPHtfbsjS1vw,https://cloud.189.cn/t/Qn2eQvBzmEvy
红魔城蕾米莉亚2 异乡的安魂曲,121587,https://pan.baidu.com/s/1mtUjLMjjkQnnatKvqses6w,https://cloud.189.cn/t/miiuiuJfI77n
海盗共和国,325455,https://pan.baidu.com/s/1FUF13JGkptUiFhZW-qlzQw,https://cloud.189.cn/t/rYfmq2IJzQ7n
合金弹头进攻 重装上阵,545663,https://pan.baidu.com/s/1AR65Xzy9-BGiZTy1YoUVXw,https://cloud.189.cn/t/M7rAbu7nqURb
H3020,325003,https://pan.baidu.com/s/1L6CVRQcHRDtJiqbAhCZLxQ,https://cloud.189.cn/t/rYVnEzu6jYBj
H5005,215447,https://pan.baidu.com/s/1TFOL04iZH2V_YjZJ7yHd3A,https://cloud.189.cn/t/UVRZV3R773iu
黑兽2改,215633,https://pan.baidu.com/s/1WEksWCOXn0NgMYHrDlZakg,https://cloud.189.cn/t/bYBZV3QNfyq2
惊悚故事 合集,532221,https://pan.baidu.com/s/1X_kgcpHohDa_M02lQ9VuZg,https://cloud.189.cn/t/BNre6rBNrYRz
畸战求生,254788,https://pan.baidu.com/s/1HOmxLIlbzJ-4zSXxAL2Ovg,
金刚 绝境求生,325000,https://pan.baidu.com/s/1ZpjA97IIXSB_1gATn4f3Rw,https://cloud.189.cn/t/UfYZv27VfENv
J3006,326665,https://pan.baidu.com/s/1H2POmEjtO4HjIjs2A5OxYg,https://cloud.189.cn/t/6ZbUZnBZJRza
狂飙之路 卡牌竞逐,256666,https://pan.baidu.com/s/1y0YVdEl66MQ-3j_0C7Ia7Q,https://cloud.189.cn/t/3aaArqAVrquu
蓝精灵：毒叶大作战,521444,https://pan.baidu.com/s/1P10PuxE-XX3J08bWHiMv9A,https://cloud.189.cn/t/Znui6rQJrmQv
蓝精灵 群落派对,698556,https://pan.baidu.com/s/14oNmctbogZsqWLSVVv0MxA,https://cloud.189.cn/t/QbAfYz7RjEvm
笠鬼,655233,https://pan.baidu.com/s/1c4rkEXHAtub1wZdJUyvLpQ,https://cloud.189.cn/t/zaI32uIrm2Iv
L3004,332114,https://pan.baidu.com/s/1ybY72OQXVaHzOkQxvlkhWw,https://cloud.189.cn/t/Iv6VjuZrmyEv
L3007,548777,https://pan.baidu.com/s/1c6WYcY9rM0N-BQnjE07RMw,https://cloud.189.cn/t/YvE3YveQZzYz
梅雨之日,874778,https://pan.baidu.com/s/1tzjzNNd7wmHs9OuHZ8UtwQ,
Mutropolis,258947,https://pan.baidu.com/s/10YKYIg_WPjxk1Lgt8nhnHQ,
没技术别开车,597445,https://pan.baidu.com/s/14eqJE-NEuj0AFZboEmSA7A,https://cloud.189.cn/t/VJrEvyrEV3m2
魔境奇缘：文字大冒险,359841,https://pan.baidu.com/s/18zJx1-9-0ZZgbM7SgOYXVA,https://cloud.189.cn/t/QNNZvinMra2y
M3008,658774,https://pan.baidu.com/s/1gGuUHm_gUga2Qi7Byo-m_g,https://cloud.189.cn/t/MzUjEnuYZjm2
M3010,256664,https://pan.baidu.com/s/1YWvKDep1sriyHbvqUadmJA,https://cloud.189.cn/t/ea2M7bBFviaa
M5040,295622,https://pan.baidu.com/s/1WFT-o2EAb016VzpnAV8Erg,https://cloud.189.cn/t/JvIF73EBBnEr
南栀,874445,https://pan.baidu.com/s/1a30BuNGdyRTv5ayS0cjjhg,https://cloud.189.cn/t/3iAjQrIVfEba
ONI鬼族武者立志传,124697,https://pan.baidu.com/s/1ljB_EDwDx3HPM6OHxI8neg,https://cloud.189.cn/t/JnQnInfaueAz
破碎：被遗忘的国王,259741,https://pan.baidu.com/s/1yMOr3jUSUHeP1bJwk_qUcw,https://cloud.189.cn/t/F7BZveNfIjym
泡泡龙4伙伴：头骨怪与创意工坊,325664,https://pan.baidu.com/s/1AFLXjn8BkXN-L98EekIvMQ,https://cloud.189.cn/t/MvURbqUNfeau
破碎之路,745111,https://pan.baidu.com/s/1m5i0nwWF3HbviysbeORGOQ,https://cloud.189.cn/t/yqqA3eJJvEj2
P5002,326554,https://pan.baidu.com/s/1tbWlYi6x8aL0bCeiiHgOOA,https://cloud.189.cn/t/7fm2IfbYN3yi
前线任务2 重制版,326555,https://pan.baidu.com/s/1pcdTVXHJgMSbP7MKB_5pvQ,https://cloud.189.cn/t/URf2YbNBfi2i
全面坦克战略官,141112,https://pan.baidu.com/s/134MpgDxmZI9vHHCJGUmqog,https://cloud.189.cn/t/Y3yMzmRJ7VBn
氰化欢乐秀 末日通行证,357954,https://pan.baidu.com/s/1zDnjHGVqbRJji-IkP3lx4g,
说谎,625412,https://pan.baidu.com/s/1emnOzm5sji0eOaQGRAU_Vw,https://cloud.189.cn/t/3EnQjqVnYzem
世纪之石3：制造与破坏,587445,https://pan.baidu.com/s/1i2CEX9GgS1ZCrFvyMIoxrg,https://cloud.189.cn/t/MJfqMrZZf2ii
死亡约束,215222,https://pan.baidu.com/s/1P36g4iEC7VdpPhOCXzvIMg,https://cloud.189.cn/t/mI3IzuJN7vAf
S3004,254887,https://pan.baidu.com/s/1AJaSkDDE6xzjJy5G8oewuA,https://cloud.189.cn/t/yEJNBvYFjuYz
S3015,254887,https://pan.baidu.com/s/1rYGeLHP35VZAZ9-UoDeW7g,https://cloud.189.cn/t/2qIjMrrUBF7v
S5005,369574,https://pan.baidu.com/s/13K7cpH4kFJiQX1alo9qazg,https://cloud.189.cn/t/EVnIR32EzUby
S5006,203331,https://pan.baidu.com/s/1gTHCM7UPOP1MYu5RMC3pnQ,https://cloud.189.cn/t/JrqMvaRVzYri
铁锤守卫2,547999,https://pan.baidu.com/s/19xKoj1aAU1G8-ZSgzXmlDg,https://cloud.189.cn/t/Jz6zErj2qYBr
维斯塔利亚传说2：希尔瓦比西之圣剑,256313,https://pan.baidu.com/s/1QSbcj5l37Fiqk_BrkAXh8A,https://cloud.189.cn/t/uamABbAvYfiy
伟大时代：中世纪,259887,https://pan.baidu.com/s/1d_dxclpBzoG9hANwSz-hjA,
王国地下城与英雄,656444,https://pan.baidu.com/s/130Wr-ibWBaTi-2fsH7LPeA,https://cloud.189.cn/t/aAnUJrZBnuuu
武林志,326665,https://pan.baidu.com/s/1B3UcX4xrMTANDuh5zOM5rA,https://cloud.189.cn/t/RrIjIjri6NR3
学习工厂,236554,https://pan.baidu.com/s/1tV6XNqho_7vFgHQuck1f3A,
小房间故事：小镇之谜,326558,https://pan.baidu.com/s/1K1g2YvCikZOGGsJSEpNMJg,
新无主之地传说,365554,https://pan.baidu.com/s/1amjkMqsgRpx2wDSS5KVrtg,https://cloud.189.cn/t/3quy6zzeQNFj
星球大战 前线 经典合集,652485,https://pan.baidu.com/s/1p-mhvyO5nYBWzX3lvBTPRg,https://cloud.189.cn/t/Njq6VrFJ3ENb
X5003,258777,https://pan.baidu.com/s/1mNie5z246v_AOVl8pr1R9g,https://cloud.189.cn/t/jmMnYvumEB3m
盐与献祭,526669,https://pan.baidu.com/s/1Vc5-I1xQE91Cq9MsAztaig,https://cloud.189.cn/t/RriqMrYZvq22
永远不再,663654,https://pan.baidu.com/s/1C3nwfvE6TuaU5uVKIEupWw,
Yaga,632223,https://pan.baidu.com/s/1NafOGZzNloJC4Rc-Rp2TRg,
一意孤行,259668,https://pan.baidu.com/s/1QpNgE1X8_BYZVgLYbuHd9Q,
亚瑟王 第九军团,653220,https://pan.baidu.com/s/1DWdefxsr31413k-VQqEg8A,https://cloud.189.cn/t/iemiUnYbINVv
验尸模拟器,215477,https://pan.baidu.com/s/1czDoLRqLrfoVeAwpuKViow,https://cloud.189.cn/t/QRzyym7zQfQj
Y5002,257884,https://pan.baidu.com/s/17OdyVVlj6Qp6MUVW6hwGUg,https://cloud.189.cn/t/RfABVjqIryai
战锤西格玛时代：风暴之地,587663,https://pan.baidu.com/s/1g6eQjZ0c15EqqJ9cLJYSmA,https://cloud.189.cn/t/BbMzquUZBbiy
炸弹鸡,698547,https://pan.baidu.com/s/1ih3P7GZreobR83gbwaWjRw,
佐瑞亚 碎裂纪元,258799,https://pan.baidu.com/s/1AQ23VPTmHj_cLYfxjSgLXw,https://cloud.189.cn/t/yEf26bUvQzeu
自我失落,321444,https://pan.baidu.com/s/1mXD1UWVxdFnWr6qlnzdH4A,https://cloud.189.cn/t/R3AjIbFzUFvy
咒,655222,https://pan.baidu.com/s/1qfWxFnRNcLeIAb_nif2zHQ,https://cloud.189.cn/t/nQJFRvN3QBvu
Z3007,254888,https://pan.baidu.com/s/137nXOrnSet7lhHx_tnd1pA,https://cloud.189.cn/t/RfuimeyMjaMb
Z5016,321889,https://pan.baidu.com/s/1yNlS06V7GZ3U2cg1MCewVA,https://cloud.189.cn/t/rqEFvuf22MJf
阿嚏琉斯：欧米茄,748744,https://pan.baidu.com/s/19G9WsgH2r1d9IKyrBg6GJw,
安特利亚英雄传,362554,https://pan.baidu.com/s/1V9UayZCpspA6ByZeGUDfTQ,
岸边,236577,https://pan.baidu.com/s/1BSW5wNsmp6XovcwD8fOQQw,https://cloud.189.cn/t/Aniqy23mqaiu
不死者之王：逃离纳萨力克,254963,https://pan.baidu.com/s/1HVZafjtKkZ9w83qEKp8_qw,https://cloud.189.cn/t/rABNBb3me6bu
不要喂食猴子2099,203333,https://pan.baidu.com/s/18sZRkfjh6TWnuD9hjjYE4w,https://cloud.189.cn/t/E3umAzEJbY3y
庇护所2,512448,https://pan.baidu.com/s/1Yy-jw19qJvZ2mZjNGFyKbw,https://cloud.189.cn/t/QRZVF3JjYFvm
巴特拉 家在何方,562555,https://pan.baidu.com/s/1R2t_UVSvNKxAYiUhXI6znw,https://cloud.189.cn/t/NNbyU3MJrAbu
赤影战士 重生,326984,https://pan.baidu.com/s/1sbUSUlAnhRJYfKoSGR3SOA,https://cloud.189.cn/t/b6FvAvqeMNBf
重新计时,451114,https://pan.baidu.com/s/1NjtOxY3kAfb35tpBszEEBg,
虫虫学院,874996,https://pan.baidu.com/s/1V-0BFXXwKyEN8bay3SU5Rg,
春风之刃,258447,https://pan.baidu.com/s/1UreLyv0rWRBvHdcdW1VHmQ,https://cloud.189.cn/t/6jq6Vnn2muAf
重塑火星,258777,https://pan.baidu.com/s/1arQOUj_KDZeV_dX0D5BB5w,https://cloud.189.cn/t/MJjaIrQrQbIz
趁热打铁,215000,https://pan.baidu.com/s/1CKW_-PT-14ttU_xGqfQ6OQ,https://cloud.189.cn/t/jYbqe2nyuY3i
C3014,254888,https://pan.baidu.com/s/1U7hkGnS4W0Wkwn8fdT0z3w,https://cloud.189.cn/t/vE7zqqvmeM3m
C3015,214233,https://pan.baidu.com/s/1S05DUzM-lMNXrY8ByKHTNg,https://cloud.189.cn/t/6zuAFjJzi6Zb
C5009,589665,https://pan.baidu.com/s/1mhi_ZJ-i8rbcm-D1InqXBA,https://cloud.189.cn/t/zuE36nZFjQfy
C5012,215300,https://pan.baidu.com/s/11R-cCHvn-WkEZ0yHmnYuCw,https://cloud.189.cn/t/eQfy6fmMjAJ3
C5013,215874,https://pan.baidu.com/s/1a-3KgbGdM97XV8_GoF_rJg,https://cloud.189.cn/t/B322Eb2A3yEr
地狱建筑师,632558,https://pan.baidu.com/s/1DmMSkj6diZBROr9qvxwiUA,https://cloud.189.cn/t/VrUb2imQvmQb
Darksburg,658774,https://pan.baidu.com/s/1x54N6hMAO9XPteKwfD_WlA,https://cloud.189.cn/t/uYBRFni6jmEb
东方新世界,215444,https://pan.baidu.com/s/11dRaVCYo4G1KaOJzyBLEUA,https://cloud.189.cn/t/IVjiyaMFVFVr
导演模拟器,215022,https://pan.baidu.com/s/1KXYXlgw4Bn8f3qm8j_DNBw,https://cloud.189.cn/t/Zr2aqauU7beu
D3013,254441,https://pan.baidu.com/s/1dq2iGodUgNODNJRgqxWfbA,https://cloud.189.cn/t/bMRjqy3aMzaq
E3002,215444,https://pan.baidu.com/s/1szEBOdiBKiE_fTP8RB5Urw,https://cloud.189.cn/t/INnyM3FBBJza
防御纪元,357884,https://pan.baidu.com/s/1pHHsyyHSE4cBR6RsrGa2gA,https://cloud.189.cn/t/auIBr2mQjyEr
F3005,236665,https://pan.baidu.com/s/16Jgko5LhrZ0yWE2ikHvAJQ,https://cloud.189.cn/t/aaiQnezQFRBn
格斗领域EX,899658,https://pan.baidu.com/s/1Ssul55_JWxEKiaJxpcp8dQ,https://cloud.189.cn/t/ANVZzyZ73iM3
诡门,163254,https://pan.baidu.com/s/1TX73gBWxl2AelgteOEYoYw,https://cloud.189.cn/t/BRzUZfNFjEfy
高速公路交警模拟3,569666,https://pan.baidu.com/s/13FPnZ4IZNELd9nguUPSuPg,https://cloud.189.cn/t/YbqemmbeeI3i
G5004,856666,https://cloud.189.cn/t/EviiUnBVRvIj,https://cloud.189.cn/t/EviiUnBVRvIj
黑暗兽集,522369,https://pan.baidu.com/s/1bsiDzsD0JsHbgN7nAJv9gA,https://cloud.189.cn/t/uieeyyArQryu
九十六号公路 前传 零号里程,326555,https://pan.baidu.com/s/1AxGcJjP7NxkQz98Uv7-YyA,https://cloud.189.cn/t/36JZjmJvuIFr
精灵猎手 无限部落,258777,https://pan.baidu.com/s/1ridznJEG7HW_kKwx3GA5_A,https://cloud.189.cn/t/v6bqeyqumemy
节奏银河,215333,https://pan.baidu.com/s/1KT3awmZLP6gOZmf2APhm-g,https://cloud.189.cn/t/umuMf2ARzyie
J5003,215444,https://pan.baidu.com/s/1j3u92aggXTyrVk4zCJIJPw,https://cloud.189.cn/t/byEJvumiAraq
列车人生 铁路模拟器,523336,https://pan.baidu.com/s/1NkGYd9CTe92vTq7lrtCpPw,https://cloud.189.cn/t/yqIzErJF3eEv
龙霸三合会,547888,https://pan.baidu.com/s/15YUmFWWJkYzG3-LgFS4jEw,
雷电 合集,254777,https://pan.baidu.com/s/1uBYSV1jsD96evffu1oOocQ,https://cloud.189.cn/t/n6JjyiyuIFni
L3016,541110,https://pan.baidu.com/s/1u-UoCc4_cd8Sgj1yDaDJfg,https://cloud.189.cn/t/jYreAr6FviEr
美丽废墟,965554,https://pan.baidu.com/s/1gcEs7bL9JXCnZzRXtyqfLw,https://cloud.189.cn/t/viyYRznMvU7b
末日方舟,521441,https://pan.baidu.com/s/1m9AvBuRLFSUUwOSy4Ez2wA,
迷失之刃,141223,https://pan.baidu.com/s/1vGniw0Eal-bIwMJQgtxFAw,https://cloud.189.cn/t/Yj6jMnRV3eAf
目盲,326665,https://pan.baidu.com/s/1EUCIGOkQBODkwl0tcTr1Tg,https://cloud.189.cn/t/rAZfe2BFn6vi
梦幻模拟战1+2,879996,https://pan.baidu.com/s/1GXmGah-rxkJ0IBWXkLeEGg,https://cloud.189.cn/t/bEramaNZBrYv
魔域地牢,332655,https://pan.baidu.com/s/1f6Du9Yv8YUbJYdt2mDPdhg,
霓虹滑板,231444,https://pan.baidu.com/s/1WgxM1SluzE6KiNtrDur9gA,https://cloud.189.cn/t/aYjmeeFbYZZr
N3004,254336,https://pan.baidu.com/s/1jbVo4bVegOisjJntI3967g,https://cloud.189.cn/t/yABNbyRBbuqu
N5003,326665,https://pan.baidu.com/s/1OS3eXHcnMueAvK2QG1Kvng,https://cloud.189.cn/t/ueyMz2qmM7Jv
P3003,652155,https://pan.baidu.com/s/1TFBsPqY7BgKOupXwnw5sfQ,https://cloud.189.cn/t/ZnARr2ry6zQv
刃之异邦人,332587,https://pan.baidu.com/s/1uQjP6IVpPZNaoDkEbNzP6w,https://cloud.189.cn/t/A7vUf2JvM7Bv
热射烧伤,658974,https://pan.baidu.com/s/18QFzQNaqNCJYcByKu_9YlQ,
荣耀死斗,258999,https://pan.baidu.com/s/1hWsqy3gk1wAIg9_r5eLhzA,https://cloud.189.cn/t/zimYFf3A3UJj
忍者神龟 突变解放,587444,https://pan.baidu.com/s/1kPmjK6YLx2wN5DYztkP9mQ,https://cloud.189.cn/t/Rj2amyJfIZNj
神之战：日本神话大战,963222,https://pan.baidu.com/s/1LwT22auCCT2mJzv14481mw,
十个约会,315221,https://pan.baidu.com/s/164WPGiiVqgztJ_7506IWzA,https://cloud.189.cn/t/2AVZni7rQFRf
十字路酒店,365225,https://pan.baidu.com/s/1LhKwNQuOnoAebiywU8lA8Q,https://cloud.189.cn/t/rMf6NjRjuyEr
时空错乱之旅,117566,https://pan.baidu.com/s/1HpzdMYoVO4vRg3oSh1JDjA,https://cloud.189.cn/t/vQRJ3i2EBFju
深渊奥德赛,365211,https://pan.baidu.com/s/1gaMIaKQh_L4yy4b57R4E8A,https://cloud.189.cn/t/JZnaiiYNfAry
失乐园,654777,https://pan.baidu.com/s/1pwGFMDUg3d4P8hM-3NjUWg,https://cloud.189.cn/t/BnA3M3m67jm2
S3028,123331,https://pan.baidu.com/s/1joZ4pUIdeH5VKQpTvXiPlQ,https://cloud.189.cn/t/2AveqyQnYrya
S5034,352666,https://pan.baidu.com/s/1iAHmHUwlx_dpXjpZgdVivQ,https://cloud.189.cn/t/BZRRN3ii2Abi
天作之合的我们1,659998,https://pan.baidu.com/s/1wOypC7Ig9U8a3zF-R-MqhQ,https://cloud.189.cn/t/7jaiUz2IV3Mv
特斯拉学徒 合集,258888,https://pan.baidu.com/s/1Kgr_3SBn34CIrN0orBpMbA,https://cloud.189.cn/t/qUvuAvzum2Ef
天鹅绒流星队长JUMP异世界的小冒险,214477,https://pan.baidu.com/s/10vWtGL0leIr8jXspDdw67w,https://cloud.189.cn/t/RfMNZjMnQfya
T3002,254778旧密码632666,https://pan.baidu.com/s/1aJef8kZX0Jn7tuiJSAEEnw,https://cloud.189.cn/t/EJru63mQJVfm
T3011,259774,https://pan.baidu.com/s/1PNWrNd8JVQjxmfygVRFjRQ,https://cloud.189.cn/t/BrM7732ERVR3
围城里的演出,879665,https://pan.baidu.com/s/1iA_8LfX9ENCOD7620-vrNQ,
瓦解,356669,https://pan.baidu.com/s/1t41a2gTEqFgsEqfIuiIOhQ,https://cloud.189.cn/t/aYn6VjeeYZ32
亡灵法师,586447,https://pan.baidu.com/s/1lAhHhmx2S92tGy17V9a3qw,https://cloud.189.cn/t/YV7BvmRf26Zv
未见之界,215022,https://pan.baidu.com/s/1jExTpLUQET33nreJgv9eeg,https://cloud.189.cn/t/aqqEJ332eQfu
我们代表足球2024,215200,https://pan.baidu.com/s/1igH9aqqcloI9ysiWJuURLg,https://cloud.189.cn/t/A7veMzbABNBz
W3007,564887,https://pan.baidu.com/s/1obfP4lZOzeGG_nc6gVTcwA,https://cloud.189.cn/t/nM3ieafm2Ebe
W3009,256333,https://pan.baidu.com/s/1VhG0LEc3g7iAgvNcC43LQg,https://cloud.189.cn/t/z6JRny6VfMNv
凶兽,251444,https://pan.baidu.com/s/1i50gafVr-CkZ4DY8S7Wavw,https://cloud.189.cn/t/nQRNV3iQZ3Mf
雪人兄弟 奇幻乐园,655222,https://pan.baidu.com/s/1lEIsR6yzPcQHipQNsV7vEw,https://cloud.189.cn/t/VJjem2NBnuiq
X3017,658415,https://pan.baidu.com/s/1gtlXuoGW84eSD_-L1kwijQ,https://cloud.189.cn/t/jABvA3BBBzy2
勇士,635558,https://pan.baidu.com/s/1hpwJ0E0RlSmSWT7jP2_cNA,https://cloud.189.cn/t/NRZJZbeYZbe2
游灵,365147,https://pan.baidu.com/s/1SfbZFhvBCFjKf3IYFXq4KQ,https://cloud.189.cn/t/AJF7fqeuAvEn
一触即发,258777,,https://cloud.189.cn/t/m2eQZn2eMz2y
越野之旅2,214777,https://pan.baidu.com/s/14i5jcRmU-34V4trAtgIIeQ,https://cloud.189.cn/t/MVfANnrIZR3y
原地起啡,325600,https://pan.baidu.com/s/178_FXH5hJ9hpKi83VymzYg,https://cloud.189.cn/t/ru2EfmeAFV3i
Y3007,587774,https://pan.baidu.com/s/1je4_hx61RvMW5Sah_Uhkfg,https://cloud.189.cn/t/iU7BJbbMvyu2
Y5012,254668,https://pan.baidu.com/s/1cvlEmzuROhirszwxpT35lw,https://cloud.189.cn/t/naaiEbVJ3yUr
Y5015,865554,https://pan.baidu.com/s/1d-5GH_HPymtI_gLyyaqZsA,https://cloud.189.cn/t/A7vUNvRvQ7Vb
Y5016,365554,https://pan.baidu.com/s/1IGWV_YQmNfKK0plX06dhCg,https://cloud.189.cn/t/MVvYRnuYfaAr
Y5017,356664,https://pan.baidu.com/s/1RMRrQJ5wdhBa1CW96uM3fw,https://cloud.189.cn/t/FR3Q7fZZvya2
Y5019,356221,https://pan.baidu.com/s/1OohR9pkCPKIPQ_wuq36oJQ,https://cloud.189.cn/t/7Bje6bAFFBru
战律,659887,https://pan.baidu.com/s/1kj5Al7iq5gOsslB8TjqLqg,
再见世界,326665,https://pan.baidu.com/s/1zZc3y8-3xmUX6JhBR3rUmw,https://cloud.189.cn/t/NrMn6rmqaEZv
桌面地下城 回溯,724899,https://pan.baidu.com/s/190gGCPMPKxE862mquGccbg,https://cloud.189.cn/t/YzeQVvvaQrAb
至暗之光,784555,https://pan.baidu.com/s/1gtWXwHvQVFF2n5tTmV6RbA,https://cloud.189.cn/t/myyIfqqA77zy
终结降临,789558,https://pan.baidu.com/s/1WbfAkoaPsFoY4ZSgg2W59Q,https://cloud.189.cn/t/umEvMjamMzEj
装甲圣骑士,654998,https://pan.baidu.com/s/1Ct6s0zrLT3c5D7vaLkcXzg,
最后的天堂,259997,https://pan.baidu.com/s/1Q6Hj9y6WzPmJhvnVpSjpkg,https://cloud.189.cn/t/mYfAzqUnuyMb
终极缠绕2,365478,https://pan.baidu.com/s/1OrElEgLuWX6mXSSTBboJNQ,https://cloud.189.cn/t/MjmUryzqE7Vr
总裁你想和谁谈恋爱,314222,https://pan.baidu.com/s/1iJ8ae1Og5tqkk0m6g7mmnQ,https://cloud.189.cn/t/nm2If22QbYf2
重生 我在古代遇佳人,525555,https://pan.baidu.com/s/1paV7EyLSHKo47pfNjb0FwA,https://cloud.189.cn/t/36VNFrIrY3am
重生了还要我谈恋爱,236666,https://pan.baidu.com/s/1n_z7OHI3EryqGhOGEEZ-mw,https://cloud.189.cn/t/yAZFzay6BNbq
Z5008,215447,https://pan.baidu.com/s/1UNxU7UWHJ2fv6LW3TN4ayw,https://cloud.189.cn/t/UFj6Jr6reMna
Z5014,215555,https://pan.baidu.com/s/1kcrai4dwxaAaSgDx8VLzWA,https://cloud.189.cn/t/RbeaMrFzAbqi
Breakwaters,296336,https://pan.baidu.com/s/12JR3IBlJrGXwdzGTlMQxVw,https://cloud.189.cn/t/ZrErQz2qimYn
白日梦 被遗忘的悲伤,536999,https://pan.baidu.com/s/1A0JcDaiJcIXUjx1WLUnnUQ,https://cloud.189.cn/t/6bEFZ3VBreMn
哔哔砰砰大作战,251000,https://pan.baidu.com/s/1rwjf0t90KHPW2BOYtMsyEA,https://cloud.189.cn/t/euuQJ3zeyUny
白色情人节2谎言之花,256323,https://pan.baidu.com/s/1jTM4aYaP5icJR0YmCtHTVw,https://cloud.189.cn/t/f2M3aiIbYBfa
不可思议的幻想乡FORESIGHT,521022,https://pan.baidu.com/s/1WjAkaJQakZJEuIjnHqfdgw,https://cloud.189.cn/t/2E32quJR77fq
百视达公司,215477,https://pan.baidu.com/s/1lHhwv_1wL5F7h89lxk5aig,https://cloud.189.cn/t/vqAjAbmIzAnu
B5010,215200,https://pan.baidu.com/s/1sKQSutunPFXq-oC65cO9Zw,https://cloud.189.cn/t/n6RNVjAFNjYz
锤与盔,254998,https://pan.baidu.com/s/1yJ2TqPT4u8NtrTDDAkCrKA,https://cloud.189.cn/t/2MVbaiQz6naq
沉船遗礼,121010,https://pan.baidu.com/s/10EKwIqLyRygBZOU4RUe_rg,https://cloud.189.cn/t/ee6fErU7fEvu
岛群时代,302221,https://pan.baidu.com/s/1gBnQAgd6LSeVW-ib6AaKUg,https://cloud.189.cn/t/buEBfy363Yby
冬日幸存者,215477,https://pan.baidu.com/s/1b8Z2qP5w9tAu4n8wDh4RRw,https://cloud.189.cn/t/ZRjUruRJzQbi
D3009,258774,https://pan.baidu.com/s/1G1eCVPrinK4sVNv4C3teGw,https://cloud.189.cn/t/YJniYjeUzUzq
D5009,215702,https://pan.baidu.com/s/1sgyjwNPGLdk2g9v4SQo1ow,https://cloud.189.cn/t/2yU7bqjYRJve
疯狂高楼大亨,658779,https://pan.baidu.com/s/1S59TQJP0OxkChoGGFVWKmw,
范海辛的奇妙冒险3,659987,https://pan.baidu.com/s/16i9t2bOH9OfmZEfPjtEYiA,
F5008,215466,https://pan.baidu.com/s/1rzAotGm28EHQWgVNE7gyKw,https://cloud.189.cn/t/MVbquy7R7nIn
鬼成圣,811566,https://pan.baidu.com/s/1sG1ilSdZ-39LsEpFVMY00A,https://cloud.189.cn/t/JvMbay77BJfa
红魔城蕾米莉亚 绯色交响曲,554777,https://pan.baidu.com/s/15vMoZ2vxv5Zy6Eh9Ifwm4Q,https://cloud.189.cn/t/MJfyyiFZBB3m
混沌银河2,326665,https://pan.baidu.com/s/15uha6JmWdI-DEzHIHbuocA,https://cloud.189.cn/t/uI3mIjY3i6j2
H3010,256664,https://pan.baidu.com/s/1uUczqrUrZ92FEGzMlwV9ZQ,https://cloud.189.cn/t/7BfIRfBf632y
剑与魔法与学园任务,587963,https://pan.baidu.com/s/1GWXE6v74nnmFV_ysrNVqYA,https://cloud.189.cn/t/nUnQjiuUreqm
解放者,320100,https://pan.baidu.com/s/1bUaXBl2doSowu9GTpXQHPQ,
机甲大师,356487,https://pan.baidu.com/s/19njEc2Ed6CG2I4-ZkYHbhQ,https://cloud.189.cn/t/JJbURbIvMR32
家园,252000,https://pan.baidu.com/s/1dAtwGUHsBPhL4sK3B1vQDA,https://cloud.189.cn/t/fEvqEvzmUb6z
J3008,254447,https://pan.baidu.com/s/1QA85y69V2e1IYa2mSAxLCA,https://cloud.189.cn/t/Vriuq22EfqIr
科曼奇,632563,https://pan.baidu.com/s/163bB8EfHLbbZF-qbOl9Guw,https://cloud.189.cn/t/22Uria2uuiAr
卡拉OK,251114,https://pan.baidu.com/s/12J8gFKy8q5nVnMydWw2rSA,https://cloud.189.cn/t/eiI3iyrE3Eji
狂野西部时代,515488,https://pan.baidu.com/s/1a6aiviNZ0blr3SsYqXduzQ,https://cloud.189.cn/t/yiiAfaiQR7Bv
开局五个亿,652152,https://pan.baidu.com/s/1L_7d6XHgxik1J786SQdOdQ,https://cloud.189.cn/t/y2umeqiemAJ3
K5001,254887,https://pan.baidu.com/s/1dRhbCdvhLVMfir4a9PkH4w,https://cloud.189.cn/t/FzEZJnu2Mrue
乐高大乱斗,854796,https://pan.baidu.com/s/1ZM-TECzgJz_w7vYb1C7Bbw,https://cloud.189.cn/t/j2yaeeYr6nmm
蜡笔小新 风起云涌 火焰的春日部快腿侠,256669,https://pan.baidu.com/s/1N8NevaqN2jXQfDNhHmnjDw,https://cloud.189.cn/t/RvqQzmuYVFj2
蓝精灵2 绿石之囚,125663,https://pan.baidu.com/s/13BJnky9h-VCMs30hk-YVaQ,https://cloud.189.cn/t/RfieMzimeMNb
兰岛物语 少女的约定 复刻版,822332,https://pan.baidu.com/s/1Bz8TuoG2Mst2tdzWlyo2CQ,https://cloud.189.cn/t/7vuyQjuUF3qq
龙之齿轮 黎明的碎片,148589,https://pan.baidu.com/s/1-RGMO239T5pnwos_auiPLw,https://cloud.189.cn/t/IvuYFfN3QnU3
L3003,548777,https://pan.baidu.com/s/1ogmxQHR1rttNacLB3nJdCg,https://cloud.189.cn/t/J3m2yiZv2aIj
L3011,254888,https://pan.baidu.com/s/1Y5JMSqI9GCUvmkht_ppECA,https://cloud.189.cn/t/BnMRZji2eQbm
L3013,215887,https://pan.baidu.com/s/1vdNugqCqH_Prg2oATVcqtA,https://cloud.189.cn/t/22iURvqAzeQj
L5026,325855,https://pan.baidu.com/s/14ge6yKsr8_qjM1SmenKo8g,https://cloud.189.cn/t/bAZnuyNb2iue
L5030,352322,https://pan.baidu.com/s/1QpQrWJ8JKO5QKgsOEVkISw,https://cloud.189.cn/t/2yeAv2E7JJFv
美少女幸存者,"=""023333""",https://pan.baidu.com/s/1WDJqY8s3VB1u8stidDDD6Q,https://cloud.189.cn/t/6BVryabYJRRb
谜塔和孩子们 奔向塔底,659998,https://pan.baidu.com/s/1bps3FAzJUkqeeVbKGgBdag,https://cloud.189.cn/t/7RNnMzNJzEvy
M5002,254448,https://pan.baidu.com/s/1eTqcN6yWAW4akG3Km0Mbyw,https://cloud.189.cn/t/rm6BZjjyi6Fv
诺亚之雾,321587,https://pan.baidu.com/s/14HS0ku6mu-iuZqdatvqtmA,https://cloud.189.cn/t/6fArYrQJBVfq
逆风停航,659997,https://pan.baidu.com/s/1NQd0Z6kmfmCNY5wZwfjOIw,
N3007,585222,https://pan.baidu.com/s/13MRQ4d0nv3AwN1wUXqkedg,https://cloud.189.cn/t/vqERBruq22ae
奇盗团：大劫案,364778,https://pan.baidu.com/s/1bjEanfAA6Bnbep7xjmtO9g,https://cloud.189.cn/t/2mMBNnIRBJFj
7日起源,258777,https://pan.baidu.com/s/14r7agQmr195JoLAKY58SQw,https://cloud.189.cn/t/nQRZJjraMnQv
瑞利达,587996,https://pan.baidu.com/s/1jj55CSkcbxZv7QTxbFRkdg,
塞伯利亚之谜3,741589,https://pan.baidu.com/s/1H-or-hwmJmeFT6iJvLOqvQ,https://cloud.189.cn/t/IBjAnqvA3Yv2
杀戮之源,254666,https://pan.baidu.com/s/1bxnW33Z5GKlBtCGosNHwGg,https://cloud.189.cn/t/yayymqJVZ77n
神椿市协奏中,541222,https://pan.baidu.com/s/1YenKvDVCnKFtDXguU5dwDg,https://cloud.189.cn/t/vauueyaae6Jj
三日危情 独家的记忆,215896,https://pan.baidu.com/s/1Adi2wTfewRqtT3GGLQKtNg,https://cloud.189.cn/t/aMVBfybYBFvu
突袭：二战,258888,https://pan.baidu.com/s/1s46FyeYoJ8rvAUiP0nVs-w,https://cloud.189.cn/t/7vUfqiUbIRbq
TFM先民,365269,https://pan.baidu.com/s/1B77gYmkY1g0jbiR-keEqhw,https://cloud.189.cn/t/Y3iQ73EJbMBb
托尔图加 海盗传说\ 海盗岛海盗传说,514447,https://pan.baidu.com/s/1t20WU2Q9lu1MAEwlJOkp4w,https://cloud.189.cn/t/faUryeUZ3U7b
Tron Identity,258966,https://pan.baidu.com/s/11sMP0kkPmAKb5EStxG_zqw,https://cloud.189.cn/t/Mvayei73I7Zn
外太空来者,365874,https://pan.baidu.com/s/1QAgZA5ojHVtBYq9AK-pZQA,
我为情狂,256333,https://pan.baidu.com/s/1d6efQ4Uwb-HsvD6Ui9FJyg,https://cloud.189.cn/t/ARBBJjreI7jq
我的可爱妻子,325022,https://pan.baidu.com/s/1nS7sIkgGVRTaukgQ0jGOmA,https://cloud.189.cn/t/2EbUBjf63Uju
血岸岛,521447,https://pan.baidu.com/s/1s8vb4sCu4-2hSY8aUjl8OA,https://cloud.189.cn/t/JV3YNfYj2uii
血牌2：浓雾,352111,https://pan.baidu.com/s/1H3XnJhH3in55rqZ5zYtYgA,https://cloud.189.cn/t/R3ymAzJBZ7Vf
像素幸存者,254665,https://pan.baidu.com/s/1ZOqIk95v-rfnPBIGmN2m5w,https://cloud.189.cn/t/AnIN7ruIrU3a
仙剑客栈2,256664,https://pan.baidu.com/s/1VAFDCMV3zvx5KVpKsD-NQA,https://cloud.189.cn/t/NfieembEJnyi
与坡和芒罗共度黑夜,364785,https://pan.baidu.com/s/1xZTFzYfg_dR0qk2rG-wCbg,
异教徒：缺席之神,325663,https://pan.baidu.com/s/19Wg21mLy51DewqpiOAHSjw,
以弗拉瑟与隐形世界,210333,https://pan.baidu.com/s/1pe3YH-xbhKqMljILHO1GRw,https://cloud.189.cn/t/nmaMbi2AJ3Eb
月球之谜,255202,https://pan.baidu.com/s/14fdcK1lc43ZpOVB_PzUzhA,https://cloud.189.cn/t/vM3iMzfAFRje
Y3004,365556,https://pan.baidu.com/s/1GI1deQNq_p69eJzVozouhQ,https://cloud.189.cn/t/BR73iizaEbIf
Y3014,256332,https://pan.baidu.com/s/1obm3PYCd_LCk1KK-bHCzOA,https://cloud.189.cn/t/uA7RzmEZVnqi
赃物与巫术,874555,https://pan.baidu.com/s/1MHTHe_iQZ0wXr1Fr_tNHyQ,https://cloud.189.cn/t/FFNJnyeieQzq
重金属 地狱歌手VR,256222,https://pan.baidu.com/s/15j39sDxe4XpuZSYV3JETpw,https://cloud.189.cn/t/iMnaQr2y2Y7z
Z5015,321544,https://pan.baidu.com/s/1oqTDuTwXZSugxzf4l74XDg,https://cloud.189.cn/t/EneIB3nQJzAj
奥康纳家族与雄鹿之冠,258774,https://pan.baidu.com/s/1J2NBnBckv9OVWR4iXv6Gwg,https://cloud.189.cn/t/maMjiyeAbIVj
阿卡迪亚图谱,521477,https://pan.baidu.com/s/1klNM95jVZ2K6PatYLeGscg,https://cloud.189.cn/t/7fuAzeAvIZ3i
阿泰诺之刃2 无限,205877,https://pan.baidu.com/s/1KWRjJbLRxdFJOa03yn7JzQ,https://cloud.189.cn/t/nqqeUfAr2qum
A5007,215333,https://pan.baidu.com/s/1GesfdzzqbBEWYBrbJdD54g,https://cloud.189.cn/t/Z77zyq7BZrAb
捕获物：鲤鱼和大鱼,658999,https://pan.baidu.com/s/1B3dcQHSNfANa802Red8Y8g,
背后,215200,https://pan.baidu.com/s/1icTaxCQz9bPtb5o-MmczNQ,https://cloud.189.cn/t/ZB7z2ubIFFZ3
层层恐惧,230222,https://pan.baidu.com/s/130HAUeKKjI8fmg8tTOK-oA,https://cloud.189.cn/t/IB3ium6rayEr
C3002,256664,https://pan.baidu.com/s/13p4Zqt-FXxHZB6OgoDzNrg,https://cloud.189.cn/t/AvmM7zb6jaYb
C5026,325222,https://pan.baidu.com/s/1Twg4vfghQLtaFSDQZm2IbA,https://cloud.189.cn/t/6ZBbqqFZnUve
都市卡牌,358947,https://pan.baidu.com/s/1KFjkiUb78lgFggTTiu2L7Q,
动物之灵,215001,https://pan.baidu.com/s/18TL14krnLDGds0dFOkWn-g,https://cloud.189.cn/t/qmiA3aUFf6be
岛潮酒店,589666,https://pan.baidu.com/s/1_Nl2-irPc4ZGbdZ6d5Ya3g,https://cloud.189.cn/t/JRfaMbeINzae
D5003,325554,https://pan.baidu.com/s/1OuqWeYMBUX7qju9BOuyMhw,https://cloud.189.cn/t/6zaU3yqyaiUr
疯狂实验：密室逃脱,587444,https://pan.baidu.com/s/1-Bv4wArkB9kqaRrf7vy9Aw,https://cloud.189.cn/t/U7riyqueiQfu
富甲天下4,215447,https://pan.baidu.com/s/1o5FDP5bfSryGo_qn0Vz9gg,https://cloud.189.cn/t/vuQNfabaAVjy
F3006,256447,https://pan.baidu.com/s/1lyCvqhjQPuJOIEIxeBMLRg,https://cloud.189.cn/t/VnqM3qIFfuie
骨王座 埃里科纳编年史,352111,https://pan.baidu.com/s/1cn1XQX3kV87cxDxqqY6Y8Q,https://cloud.189.cn/t/7BzYniUNb6nu
鬼屋魔影4,362333,https://pan.baidu.com/s/1E15bbQ9vdT4SpXOu1Tc7Bw,https://cloud.189.cn/t/UBnayizq6jAf
华沙,698774,https://pan.baidu.com/s/15qeGO-hu_wqlA6I0iRW23Q,
合金重组,564115,https://pan.baidu.com/s/1ynAaTy_4MUQmkn3LhlTUQQ,https://cloud.189.cn/t/yUVZRfnIv6R3
绝对战略仁慈之女,256669,https://pan.baidu.com/s/1QhI5YgT6K6gIfaQsO66ZWA,https://cloud.189.cn/t/ruee2uvqeeiq
绝对战略 仁慈之女,253266,https://pan.baidu.com/s/1E8f4rDhKzug_0sVgzaQvQg,https://cloud.189.cn/t/VfY3uai2eQre
杰克福尔摩斯 木偶大师,256002,https://pan.baidu.com/s/1ixqn4FSR0lyTZPUAB-yX7w,https://cloud.189.cn/t/E3iMBjeeeIn2
Knightin+,358774,https://pan.baidu.com/s/1uCbe_NVEUOIKskOg1mpYVA,
卡牌浩劫：四骑士之祸,796548,https://pan.baidu.com/s/1qXzTUmwuMKUcCaHIpmO6fQ,
空气旋风,215333,https://pan.baidu.com/s/1ktp6XfBaxjUb450DLrosVg,https://cloud.189.cn/t/RjU3qaEnIbuu
K5005,215300,https://pan.baidu.com/s/1ZhOqG4MNTrTzeHgo803fKg,https://cloud.189.cn/t/2mqQziuMniqe
卢修斯3,514444,https://pan.baidu.com/s/1bitt7M52VlXx6xf7oilaHg,https://cloud.189.cn/t/jEnQJzyqe2ym
龙之矛,258999,https://pan.baidu.com/s/1x1UC4xIGVODXlDtGLG6peg,https://cloud.189.cn/t/q22Yz2y2MzU3
炼金术士模拟器,879554,https://pan.baidu.com/s/1JDhGeCWbS3TnhwxJIQoI1w,https://cloud.189.cn/t/nUruMjIVzMZz
流氓星救援,362225,https://pan.baidu.com/s/1JOCTUlOOHwgSeWeRUjPrHQ,
L5010,214003,https://pan.baidu.com/s/1NIk7OoSmHnfNzRRUtns9Gw,https://cloud.189.cn/t/UjmyqyBvqu6f
末世奥力,365447,https://pan.baidu.com/s/1I5Z0J9lp-_IzNyVlBPZK_Q,https://cloud.189.cn/t/FRfaYvENfy6b
魔君：致命错误,321558,https://pan.baidu.com/s/1eZlxRBL3Q920NgZCPOZmuA,
M3006,255555,https://pan.baidu.com/s/18_tGfFp70kwfPMjK0futXw,https://cloud.189.cn/t/UjyeuqNZbYJz
M5005,236665旧密码587996,https://pan.baidu.com/s/1V0aZf_0d1obWsJ2Apt63lQ,https://cloud.189.cn/t/ZZNNVbreMN3e
M5032,251222,https://pan.baidu.com/s/1yvmIoEQrssPIl6-_tYvDBQ,https://cloud.189.cn/t/z2YzUjVBR7Rv
闹鬼追逐者,658444,https://pan.baidu.com/s/13AeeV1GcPZgRqTPUyvkRig,https://cloud.189.cn/t/NFVryafAJBra
OUTBUDDIES DX,587444,https://pan.baidu.com/s/17yv4BUbGZgHFziefrEF-Iw,
P3004,215200,https://pan.baidu.com/s/1qwm5YOH3mSAXee4LZ-Jx6Q,https://cloud.189.cn/t/fuyiiybiuYBb
Q5011,325841,https://pan.baidu.com/s/1l1z7CZ4Duzt1rtJoGbSb-w,https://cloud.189.cn/t/n2QbMrBfmuQv
神秘博士：现实边缘,698997,https://pan.baidu.com/s/1WviUjCeXf6ccOTiK1eb16g,https://cloud.189.cn/t/3UVJNbvm2iYb
速限,254788,https://pan.baidu.com/s/1oEiGvtRuPyxL-sE8fiR_iw,
Scrapnaut残片,325664,https://pan.baidu.com/s/1e_WoPHfNnVhrO9smMEHPbA,
沙发怪兽,362114,https://pan.baidu.com/s/17_HAqRMvmJT2UN5Skpey1A,https://cloud.189.cn/t/JFnqUzV7jiUb
S3009,356666,https://pan.baidu.com/s/1HDC4G_xOC0CxZu8AAepHig,https://cloud.189.cn/t/emIvq2UFrI7v
S3011,326665,https://pan.baidu.com/s/1cV-SXB-BgzJuZ6fx9X1vwQ,https://cloud.189.cn/t/NbYFbyzUjqQf
S3027,215554,https://pan.baidu.com/s/1-xVoj6SrhlccIK1fKHaEig,https://cloud.189.cn/t/VzaiYrYNVVR3
S3030,258888,https://pan.baidu.com/s/1Lvm7-IAyVGZg--_OtDpIiQ,https://cloud.189.cn/t/QreM3muyaA3u
替身,352111,https://pan.baidu.com/s/1EgCzjD5j3MEnjQNqcD2Ziw,
兔灵,657444,https://pan.baidu.com/s/1b5-ixvVAyzSkCvXM_yBWDA,https://cloud.189.cn/t/raiUR3VJJ36z
T3008,652888旧密码326665,https://pan.baidu.com/s/1UfwN20Ug9WvUvVqmiv9-gA,https://cloud.189.cn/t/aIVJryQB3IB3
玩具士兵：高清版,748555,https://pan.baidu.com/s/1HjVBBBHHImuLcGEYznFzJw,https://cloud.189.cn/t/UJziEfmAzyiq
往日阴云,254789,https://pan.baidu.com/s/1pXRcO5NnrXtKSaXas__HIQ,
雾隐战记,254885,https://pan.baidu.com/s/1urPoOtpijJLhy7MQcnmD8Q,https://cloud.189.cn/t/Fj2Qzmu2qIVz
温迪尔 谎言瘟疫,652100,https://pan.baidu.com/s/1oWxesBQ90Qb9bEq7JKkWIA,https://cloud.189.cn/t/u6FBJ37jm2Av
文艺复兴王国战争,325663,https://pan.baidu.com/s/1vW7I-9mjp-0YJQqGfs2QJQ,https://cloud.189.cn/t/RBz2Qz6vmEJf
席德梅尔：星际战舰,323333,https://pan.baidu.com/s/1uEXvhtDwG4Xe4DVjz_3jpg,
小丁历险记,201111,https://pan.baidu.com/s/1u0pP1cfjmmH1cixrUR7Gqg,https://cloud.189.cn/t/RzmQ3abI777b
X3015,247777,https://pan.baidu.com/s/1bob3-8zU06BN--Y04qHLgQ,https://cloud.189.cn/t/F7VzMbfQZn2q
冤罪执行游戏Yurukill,669854,https://pan.baidu.com/s/1gBUptezVFCLaZMdCS-8vnw,https://cloud.189.cn/t/YziQNzbm6bMb
夜书,854779,https://pan.baidu.com/s/1H8NkMGsiS4BSN6y84l18DA,https://cloud.189.cn/t/3UnIJfFn2AZf
远古众神,320001,https://pan.baidu.com/s/1FlhWhpPdZpUiiRQI8vR4CQ,https://cloud.189.cn/t/RbuuIzY7ZZza
药剂工艺 炼金模拟器,326669,https://pan.baidu.com/s/1GsAi3b3Mb5Qytwmw21V0-w,https://cloud.189.cn/t/ZniaIrnEVNnq
螢幕貓蟲咖波,118559,https://pan.baidu.com/s/1mZyZeKdApAkL4YGDGlDbiw,https://cloud.189.cn/t/u6RvI3u2qIna
原初之光,587445,https://pan.baidu.com/s/1Xalyz4XaZB2SWlWrHU36nQ,https://cloud.189.cn/t/Z3eIFvBJziIz
Y5036,214222,https://pan.baidu.com/s/1_fS0XQqipXNfASacPJ_ayA,https://cloud.189.cn/t/Uz2IbmzM3Ir2
烛火地牢,324785,https://pan.baidu.com/s/12Vz9UXUWkTtHa7FQm_4HHw,
烛火地牢2：猫咪的诅咒,357998,https://pan.baidu.com/s/1lIgQM4qldRhIUmY3b3VsQQ,
众神：解放,256666,https://pan.baidu.com/s/1qeFc0P4qjfxmluy_Pe9pqQ,https://cloud.189.cn/t/3YBZJryyYfey
埃尔祖鲁姆,594483,https://pan.baidu.com/s/1lyaY5p9AT8Yp7HXrUAaJ0w,https://cloud.189.cn/t/F36ZBfymeqqu
奥术战团,215022,https://pan.baidu.com/s/1tE8px-IIeXMcwrv5yLx8sQ,https://cloud.189.cn/t/3IVfaunieIbi
阿尔巴特罗斯,521585,https://pan.baidu.com/s/1kALe88J_vGFadnwjju38lw,https://cloud.189.cn/t/Yr2AZbBv26Nf
A3003,325554,https://pan.baidu.com/s/1Ns7biw20A6NjNXTt7keijQ,https://cloud.189.cn/t/YfamY3rme6Bb
A5006,587995,https://pan.baidu.com/s/1E5CS0PfhhAatGQrwZvlBDg,https://cloud.189.cn/t/Y3EjYvF7nUFz
不朽,521447,https://pan.baidu.com/s/1im8UbXaMKtcbqJmhmmIesA,https://cloud.189.cn/t/qMrQZfrei6be
波斯之夜2：月光的面纱,859996,https://pan.baidu.com/s/1uNuKO8CGyXtJWX97CCUAvQ,
不要害怕2,325002,https://pan.baidu.com/s/19K0H9X_ec1pRAAucfEm0Cw,https://cloud.189.cn/t/uQRbYbuAzQZv
B3004,230001,https://pan.baidu.com/s/1cJNiXN2TMfez87py_TS4mQ,https://cloud.189.cn/t/Z3U3Yf2MbyIb
苍翼默示录：连续变换扩展版,354777,https://pan.baidu.com/s/18tDkxbV-lon8JFveoSZpTw,
彩虹六号：围攻,336522,https://pan.baidu.com/s/1IH2Sz2R3QwBwehG-3XIF0w,https://cloud.189.cn/t/3IbeueIRrAVr
超级寄生虫,256444,https://pan.baidu.com/s/1OVRiTCcCnYqFf6Q6G7pz8A,https://cloud.189.cn/t/mQJjIbFfYFNz
沉默之人,879996,https://pan.baidu.com/s/1GdDfmGk2nbTJ26APP6f6LQ,
吃豆人 无尽地道争豆 暴食没有极限,256320,https://pan.baidu.com/s/1fQ0MytZ6KWbLwwb2nKN7Xg,https://cloud.189.cn/t/ZrqYBjayEbiy
C3001,254887,https://pan.baidu.com/s/1c7Tl64jJzJ29w-ZqAHpvXw,https://cloud.189.cn/t/qq6Jfyr67z6f
C3004,326665,https://pan.baidu.com/s/1CWOo80tL8w4VSkVe-qNj5w,https://cloud.189.cn/t/ANbIjmVJbMr2
C5014,215200,https://pan.baidu.com/s/1FDxesIMHzp248NBaE3ydpw,https://cloud.189.cn/t/rmya6fIr2qmi
C5023,322155,https://pan.baidu.com/s/13me960c1uG1vJ4MCkXb_jg,https://cloud.189.cn/t/bUJvuuYNbq6j
C5024,215633,https://pan.baidu.com/s/191zu1SdDl7Q-3pAXisNBiQ,https://cloud.189.cn/t/6BvANrNfYbem
地下世界：崛起,215412,https://pan.baidu.com/s/1adkIUIvWAvr2HStJ4hZQ_A,https://cloud.189.cn/t/BzquY3JnUZNz
东京喰种：re CALL to EXIST,854778,https://pan.baidu.com/s/1zku7UJznRW8FHTA1ix6HUg,https://cloud.189.cn/t/vURRJfbmUbee
第九个黎明3,325447,https://pan.baidu.com/s/1lKWEhVBbsJKG2Srxjm4bYg,
对抗月球,256666,https://pan.baidu.com/s/1eNKKlMoqQhiVUc-ERkiWoA,https://cloud.189.cn/t/3YZvY3BZFbe2
达萨隆之月,958774,https://pan.baidu.com/s/17V7D1Tq7p1tgei_z93eEyA,https://cloud.189.cn/t/73IVnmBze6ny
D3005,548777,https://pan.baidu.com/s/1aZ3PLVdgQvGxfr6kVyATIw,https://cloud.189.cn/t/UfueE3fYBfYz
D3008,659999,https://pan.baidu.com/s/1MxgRI_jiw17-lbFDOs87QQ,https://cloud.189.cn/t/qQzE7fMVZZZf
恶棍英雄,652147,https://pan.baidu.com/s/1BR1cfvmaiI1zIURXrVukrQ,
恶魔城：纪念合集,652556,https://pan.baidu.com/s/1prbaohh5Xhk1Pv0s_SCqXg,https://cloud.189.cn/t/uA77NbNreIJn
F3008,215666,https://pan.baidu.com/s/1-sY-k7DY29drizC3vvEoSA,https://cloud.189.cn/t/M7Z36vZJf67z
F5005,258777,https://pan.baidu.com/s/1S54oK9OigqDBLRsvwH6Kng,https://cloud.189.cn/t/Er2qaqre6bua
F5012,215003,https://pan.baidu.com/s/1wsW62j44vxqZ49JrT_fwVA,https://cloud.189.cn/t/2uM3M3r6JNn2
规则怪谈 盛崖小区,253012,https://pan.baidu.com/s/1LOy1j0kNDp3ZJOsgY86NJQ,https://cloud.189.cn/t/VJreEnyUVVNb
G5013,652100,https://cloud.189.cn/t/Ef2UJbB7zIfy,https://cloud.189.cn/t/Ef2UJbB7zIfy
荒无人烟,254888,https://pan.baidu.com/s/1V4zNSlxNq9uMyXEPKbingQ,https://cloud.189.cn/t/ryi6jaVnqMnm
户外钓鱼 夏日时光,655255,https://pan.baidu.com/s/1zj6Z7ReQmD6ixQjqYzH-wg,https://cloud.189.cn/t/qIzA32A3eI3m
H3004,200012,https://pan.baidu.com/s/1VX8nri22csHxx-HXuXDJpg,https://cloud.189.cn/t/vaMRZfrQVZZr
H5015,215488,https://pan.baidu.com/s/1Xe0Z30f7liEPJcx68GEM9A,https://cloud.189.cn/t/7V77FzeQzQ3q
激进的搬迁,259887,https://pan.baidu.com/s/1oJvZ8WvFHljFDuUS2neQ2g,https://cloud.189.cn/t/ENJneqeIR73q
卡普空街机合集,254447,https://pan.baidu.com/s/14sRmCAYMweaR4T4Rojt8Lw,https://cloud.189.cn/t/zmaIJjiMZjae
空间站大师：银河科技,256336,https://pan.baidu.com/s/13KqpDtIU9JNhntvMtecb8A,
骷髅岛 金刚崛起,213225,https://pan.baidu.com/s/1SHeii3mhMC1JfoiiunbN4Q,https://cloud.189.cn/t/BNVRRbeAv2Ir
K5002,256663,https://pan.baidu.com/s/11_NcSdQamiYUKW7kvKSgTQ,https://cloud.189.cn/t/zqYjueU7RzYv
L5020,256955,https://pan.baidu.com/s/1_Q5YtJL1mQ_Gslizm5Z8bg,https://cloud.189.cn/t/2A7RruuQ7JVv
蘑菇牌RPG,365554,https://pan.baidu.com/s/1CPFDMsacmHNjl4gWs2T2bg,https://cloud.189.cn/t/bueUFbYfeMne
米娅与龙公主,159699,https://pan.baidu.com/s/1bdgNTeS26E92_g4VjTPKNg,https://cloud.189.cn/t/UvaeI36NBF3q
玛吉雅X,233331,https://pan.baidu.com/s/1N62MltftdmHheYLbdayXkA,
迷失之地：年度版,564887,https://pan.baidu.com/s/1Xd0evROO7LCFtK5NMZqd6A,
尼布甲尼撒王,258777,https://pan.baidu.com/s/1nOVPassSvlWT4qMITr_1eA,
诺瑞亚 黄金计划,325855,https://pan.baidu.com/s/14Y99zY7fbgD_nBDa7EuggQ,https://cloud.189.cn/t/3mEVZjqmMjiq
O5001,101221,https://pan.baidu.com/s/1m5oCW5J3IpHmQ3HF9mr3LQ,https://cloud.189.cn/t/uiQJvyYjmQri
秋之回忆8：无垢少女,874995,https://pan.baidu.com/s/1utpOaKHQW2EHn7QqwtFdlA,https://cloud.189.cn/t/N7NzqummQBzu
Q5007,326551,https://pan.baidu.com/s/1dBqbCZhGVe6qxMYz_MMDiA,https://cloud.189.cn/t/imMF7nRzUvey
圣剑传说2：重置版,254888,https://pan.baidu.com/s/1t9jtUM1-rQnOOrZMLml81w,https://cloud.189.cn/t/aYZFzi3auQVv
莎木1+2,528458,https://pan.baidu.com/s/1XeqmNF-x1862nuQA3V0WbQ,
莎木3,528458,https://pan.baidu.com/s/1XRsINaDCrjlMIYoxzrwB3Q,
斯拉夫朋克 老古董,158877,https://pan.baidu.com/s/1LZHQhXSRrGZZetPmgMoqgA,https://cloud.189.cn/t/NVFfQjBfe6F3
三国立志传2,233330,https://pan.baidu.com/s/1rvQqQAjHqkj9y9nZRw18BQ,https://cloud.189.cn/t/Rr2eqaYVRrMz
S3031,215447,https://pan.baidu.com/s/1X8JX_ZgrikfX8C3tGcNemQ,https://cloud.189.cn/t/7z6jArmER3im
S5009,200333,https://pan.baidu.com/s/1TUOc7NoStgUAFpr0eCuqxA,https://cloud.189.cn/t/uaUvQn77VbQz
痛苦地狱,231114,https://pan.baidu.com/s/1M-RXUKRzqJM6sYNUe9LZqQ,
T3014,254445,https://pan.baidu.com/s/1Jiko0GYWV-0YNn-mRBnjLw,https://cloud.189.cn/t/qaQbMzEVJVnm
T3016,326555,https://pan.baidu.com/s/1Y3vR_y339WNqUGf4NH5QnA,https://cloud.189.cn/t/EveMZbQnYju2
T3018,366555,https://pan.baidu.com/s/1lytq1Vv2Fkxq62CrBE3sig,https://cloud.189.cn/t/E7zyIzvQfYrm
T5008,326665,https://pan.baidu.com/s/1MenxSUTWyqadIw0gsFeaOA,https://cloud.189.cn/t/iUf63aEV73m2
UnderParty,326358,https://pan.baidu.com/s/1kE5ucuet6Sc2_Tb2AHPYAA,
网球世界巡回赛,659874,https://pan.baidu.com/s/15lKWLy2Qw9H1rYFYjpOizA,https://cloud.189.cn/t/fIzMRjyIrmqe
巫师之昆特牌：流浪法师,256664,https://pan.baidu.com/s/1e2CY5UZ1jOhIuRvDY1Ggyg,https://cloud.189.cn/t/bYRJvqfyeIvm
W5001,587774,https://pan.baidu.com/s/15f7U2N93yly2dHyifoMXWw,https://cloud.189.cn/t/2aIrYzBZJram
W5008,235558,https://pan.baidu.com/s/1RgTQTMiMaFFmZu9L8HEHPQ,https://cloud.189.cn/t/ziMN3eQ7rARn
W5017,521001,https://pan.baidu.com/s/1etVM1m3kguaDZXPHGlUfUw,https://cloud.189.cn/t/yEJv6rfIVFjy
狭间格斗,852214,https://pan.baidu.com/s/1iq0LpPjlsfH-5xF0oK8FnA,https://cloud.189.cn/t/Ani6BfbUJr2u
悬崖帝国,879996,https://pan.baidu.com/s/1pRRUohvZxo1ncOgXo1OEjQ,https://cloud.189.cn/t/YR7B7fAJr2Yf
小小大工坊,852114,https://pan.baidu.com/s/1Df5stjjBFABGnmbZ4t1sEg,https://cloud.189.cn/t/qYzmYnmY7nUn
小镇惊魂2,658771,https://pan.baidu.com/s/1mHTGyZDHITTlFj2kYHdDjw,
行星控制：起源,587445,https://pan.baidu.com/s/1anodGIzD8KNqUvV4nOoB3g,https://cloud.189.cn/t/MZnU7bzMzia2
XEL,674889,https://pan.baidu.com/s/1dScp7RTbwo4GCH7yr_Au5A,https://cloud.189.cn/t/7B7vQv7RBFbm
心动满屋,215288,https://pan.baidu.com/s/1K_L-A-i58-0uz-8tLjgCVQ,https://cloud.189.cn/t/nM7RfyZrEBru
X3008,326665,https://pan.baidu.com/s/1SwhnD1t5cbSAA9mVq7JOSg,https://cloud.189.cn/t/ZnMzMzEjyuMn
X3009,354447,https://pan.baidu.com/s/17oYpnvwi0xZZNYd1BmB_Cg,https://cloud.189.cn/t/a2Efuajeq6zu
X5008,632333,https://pan.baidu.com/s/1mAizyHM-EsgL_-NTg-79Xw,https://cloud.189.cn/t/BnMbEzaeiMn2
X5037,655222,https://pan.baidu.com/s/1jmVszHyE2Z6WUpuEdr9P8A,https://cloud.189.cn/t/3aIzem2qqaQr
异梦迷城,311196,https://pan.baidu.com/s/1gCjFlvaaMTi2V4Ggk4ykVQ,https://cloud.189.cn/t/VfeaeqMB7Zju
亚森 罗宾 昔日大盗,325630,https://pan.baidu.com/s/1uNLOlQa3i2OhGLlbrZwOzg,https://cloud.189.cn/t/ARVzuyr67VRr
Y3008,569998,https://pan.baidu.com/s/1qr_GtrnOtTBS6p5fl5wDCw,https://cloud.189.cn/t/mAr6r2IFV7f2
Y3009,215447,https://pan.baidu.com/s/1FcuVURHTY_dbhylCiog34Q,https://cloud.189.cn/t/NJjyMrJfQf2i
Y5018,258774,https://pan.baidu.com/s/1U-pzReVgMyt-ObTQHhVVqQ,https://cloud.189.cn/t/iEB3YbIfAnIj
最终幻想：零式HD,639569,https://pan.baidu.com/s/1KEDpF_NZoLfwIZqO3Q1l3Q,
中心医院 合集,202115,https://pan.baidu.com/s/1IL3gAscE2FSnosduNL3s0w,https://cloud.189.cn/t/zUVJFvvuUJne
整蛊邻居2,632563,https://pan.baidu.com/s/1iRP7s5vb-vMHR-KyNyWNOg,
战斧,251114,https://pan.baidu.com/s/1TUZL8ew2QFYz6ATpt5uhGw,https://cloud.189.cn/t/A3MbyauAjyY3
职业篮球经理2023,325001,https://pan.baidu.com/s/1g1L-c9OI1ek4sZNpoOuKzg,https://cloud.189.cn/t/QRnYNj6Z7Bvi
终极太空突击队 反击势力,523002,https://pan.baidu.com/s/1dosBCGTCNliXoCWv19MdZQ,https://cloud.189.cn/t/qmYzMb2mi6Bj
糟糕 我要坠入爱河啦,215855,https://pan.baidu.com/s/1BR2hjZhdwGhSiBuURem7Yg,https://cloud.189.cn/t/ANbqY336Vvua
做你的猫,215200,https://pan.baidu.com/s/1f-sr6j5fFL2LEuOmi9c3Pw,https://cloud.189.cn/t/aURNnqEJ3yQb
Z5013,352888,https://pan.baidu.com/s/1eu-6_6qaPpK7QCVdaIj2Ug,https://cloud.189.cn/t/UzeQFrV3i2Mr
Z5017,215000,https://pan.baidu.com/s/1Z2kOKccq4YILcwGtEvGy_w,https://cloud.189.cn/t/3eeiqaimeiYn
Z5018,653211,https://pan.baidu.com/s/1GfGbot8BKZ9CGfGPeZ7Tcw,https://cloud.189.cn/t/bUbm6biaQza2
BOSSGARD,254778,https://pan.baidu.com/s/1WHcamvjkjxchOAMEEsB4Ng,
避难所3,587441,https://pan.baidu.com/s/1a1S5p3rR57DhpGQC5w9KdQ,
八云传说,301778,https://pan.baidu.com/s/1htQNTsr5hbZBN2_YZ9_Ghw,https://cloud.189.cn/t/uiAJRjYzIBba
超时空打球,748556,https://pan.baidu.com/s/1LKPTt6GjeqG_XVSkEm5INg,
超级像素赛车,259887,https://pan.baidu.com/s/1diOd3_k_X31K-TXqfKJqtw,
重生旅人,254123,https://pan.baidu.com/s/1eC-CYofk14Jq4T-mU9-Kqw,
炽焰出击,325855,https://pan.baidu.com/s/1b26lUEQ9fbl6ic6Evcx2-A,https://cloud.189.cn/t/mMjyMvBZNfy2
C5005,254887,https://pan.baidu.com/s/1MZm9GzHXHGHOIuheMfpRVQ,https://cloud.189.cn/t/QFF3MrEfQvI3
杜蒙,326655,https://pan.baidu.com/s/1H1qhJxzYglJ5OH98gjfaxw,https://cloud.189.cn/t/qMJbEb2iuAFz
大鼠帝国,215002,https://pan.baidu.com/s/1YXhxNYluVLOPitJ9H4Vr6Q,https://cloud.189.cn/t/Mr63AzABnUJj
D3003,356669,https://pan.baidu.com/s/1gaJw_c93V56KRqJlY4X2hA,https://cloud.189.cn/t/ju6namFRN7Rf
D3019,525111,https://pan.baidu.com/s/1rzDTEYRqfMFWThLIFxcx7w,https://cloud.189.cn/t/RzMnMz6FvMBn
E5005,659874,https://pan.baidu.com/s/1GIsaWY5gj1vHkSDTqUFoJw,https://cloud.189.cn/t/jIvEvuQRjMFf
纷乱深渊,632656,https://pan.baidu.com/s/1YmkADKNQWvtmGJIx4PvZGg,https://cloud.189.cn/t/rQbUZviYbeeq
富甲天下2,326000,https://pan.baidu.com/s/187sCVrJBs_9wJtGog8_YTg,https://cloud.189.cn/t/zIRniqNr2MZ3
篝火2：未知海岸,358774,https://pan.baidu.com/s/1NYRqq2CpBgSoxBQf0gOnLg,
红衣小女孩 愿,114755,https://pan.baidu.com/s/1bRUL4Q-y1vZEkVPEauk0Cw,https://cloud.189.cn/t/JrEjamnINn6z
胡闹加油站,554666,https://pan.baidu.com/s/1ND4-0G9NzR__pbnYF_WxOw,https://cloud.189.cn/t/2M3AFfIR7Fbq
H3012,525447,https://pan.baidu.com/s/1TOoZdBvgbJeodbwHNEggOg,https://cloud.189.cn/t/fymUna36VjUz
烬土行者,236544,https://pan.baidu.com/s/1ix5V3FPzlE5EaDyDm8CtcA,https://cloud.189.cn/t/FJvuiaqeYNjy
开拓神秘岛DX,652330,https://pan.baidu.com/s/1I3rygME8o-bQ4rqj494kRg,https://cloud.189.cn/t/vuYRbqqyaQF3
K3001,254888,https://pan.baidu.com/s/1XXQ3ds9V99KQyalYQZn4OQ,https://cloud.189.cn/t/rU7Jr2Rzmqai
蓝精灵卡丁车,125556,https://pan.baidu.com/s/1SBFQHJ0-9BmIe_xQlpzMFA,https://cloud.189.cn/t/FriY3mIFFBre
L3012,256666,https://pan.baidu.com/s/1XJU8DBGWQC3E6tBKPwtlPg,https://cloud.189.cn/t/22Ib2yfe2qai
魔法巫术之地,198554,https://pan.baidu.com/s/16WkxTv98pKjvJ_6jTbx_Gw,https://cloud.189.cn/t/3eeiqmJzu6Jf
摩托GP24,545663,https://pan.baidu.com/s/1U2-cNxNsJGkXR-mywoVzmg,https://cloud.189.cn/t/zeIJfaryY3Ez
M3009,255554,https://pan.baidu.com/s/1mogMOrfGtaiBFp3NTlxHoA,https://cloud.189.cn/t/uyueeqb6Jj2q
M3013,210000,https://pan.baidu.com/s/11CEi7aPplTOPRqJDcDfloA,https://cloud.189.cn/t/3MVBVznEfUN3
M5008,233222,https://pan.baidu.com/s/1A3oFbe6QZMg5x3I43jD7oA,https://cloud.189.cn/t/aMnYVzMBjABf
尼克儿童派对冒险,325666,https://pan.baidu.com/s/1O-EwIVKBMKmxjiUPYNSP3w,https://cloud.189.cn/t/zEJzumi6FFru
N5008,652658,https://pan.baidu.com/s/1-7f8FPFaq4vVl1UKDxTWJw,https://cloud.189.cn/t/2IfUVrmMZBni
时间使者：破碎的时间线,259887,https://pan.baidu.com/s/1ppZCV1sqbRdAOXzxbJcbWw,
双截龙三部曲,326665,https://pan.baidu.com/s/1zfmNqPXWIcAEGq4vd6s_qg,
S3013,256669,https://pan.baidu.com/s/1fDgFa0eqb-ROjAZKQevC7A,https://cloud.189.cn/t/eAzyEriaYfy2
S3022,326665,https://pan.baidu.com/s/13YLxPM14jPAdOzdLcQFTeg,https://cloud.189.cn/t/Y7b6J3yERzIb
无明天道 江户之黯,366665,https://pan.baidu.com/s/1hhLSkEmCXWWPX9lHk5nmDw,https://cloud.189.cn/t/yyMbeu6bqeYj
太空罗宾逊,587774,https://pan.baidu.com/s/1psEWROjhlvm3Idk8bOhLww,
贪婪的豌豆2,321002,https://pan.baidu.com/s/1ZeINSNDs4vtB5Nied2anrA,
天呐 我该怎么选,542000,https://pan.baidu.com/s/1cb__PsxSaMdw7soUUWZMAw,https://cloud.189.cn/t/amQNFjr6JZ3y
T3004,365555,https://pan.baidu.com/s/1cORJKDzSzOHBO8hGk484Tw,https://cloud.189.cn/t/MFRRFbBZnmuq
T3006,325666,https://pan.baidu.com/s/10SdD3MEmPIV621FiKtk0fg,https://cloud.189.cn/t/3qqeYvUB3Y3y
威士忌•黑手党•利奥家族,657885,https://pan.baidu.com/s/1KnE01U0xY6fxLUe6qUA-Eg,
W3005,215447,https://pan.baidu.com/s/1PSKiaur7FXIYgVIrQd9jHA,https://cloud.189.cn/t/V3a6BfjM3iA3
X5013,235554,https://pan.baidu.com/s/1QlGH2JQpFs5hzDp2Lb0XoQ,https://cloud.189.cn/t/F3eee2IvUBji
摇滚之神,185478,https://pan.baidu.com/s/1N4T8ia6sAZQEMRJfj5AaWA,https://cloud.189.cn/t/imqQfyf2MrUf
摇曳庄有位幽奈小姐 温泉迷宫 终极,521444,https://pan.baidu.com/s/1sA2PJUNPaRsSK8QKtMORBQ,https://cloud.189.cn/t/UBryi267rm6v
Y3010,254888,https://pan.baidu.com/s/1CYtUzRTOwIQh-dgkjVsk-w,https://cloud.189.cn/t/EjAnii2UBRZr
布莱恩费舍尔的奇异故事,326574,https://pan.baidu.com/s/191YkaTlYxVEHySxEaZpSzw,
布莱恩费舍尔的奇异故事 第二章,455222,https://pan.baidu.com/s/18NHZ0iID1NnYz-GBBfMI0g,https://cloud.189.cn/t/ZRJ3U3eUJrqu
超级复古战斗机,659998,https://pan.baidu.com/s/10gUQjhMU2Ft6aap-uZC7Qg,https://cloud.189.cn/t/eiiYviba6NVn
耻辱遗产,215330,https://pan.baidu.com/s/1NJhYfGX9V6gyYbfcztz_OQ,https://cloud.189.cn/t/Fryye2AfyAf2
风暴 深厚友谊的开始 重制版,654877,https://pan.baidu.com/s/1bg2bzNOSyAECgOyOgdgnuA,https://cloud.189.cn/t/rMRzquj2YbYj
好雨之年,358774,https://pan.baidu.com/s/1aqJnAIbIBDIxp2z0niDIug,
红色冰箱,263335,https://pan.baidu.com/s/13mI7APNtAagqSIai8Qh62w,https://cloud.189.cn/t/Vr6fIvbYvU3m
画廊,256666,https://pan.baidu.com/s/1kMooohaVNAJ4f-q8P9hhlg,https://cloud.189.cn/t/rAJz6jJza26b
红娘社,214111,https://pan.baidu.com/s/1NLZXRohCxDXpHJArPJWH5w,https://cloud.189.cn/t/fuaeayreeA3m
H5018,652001,https://pan.baidu.com/s/1_jSnjmgsQy5QOk0p3_6Csg,https://cloud.189.cn/t/QZZ7NzRVZNbm
机械朋克,585666,https://pan.baidu.com/s/1--P9n5-AsxP1UsqLYzhJUA,https://cloud.189.cn/t/mm26ri2uU3qe
J5007,309885,https://pan.baidu.com/s/1fnqTKF7XKNBkUuHQ20qf_Q,https://cloud.189.cn/t/FrmYbeNBNBbq
库酷族 遗失的宠物,523555,https://pan.baidu.com/s/1U8MAByYSC8y_yrcNkA73mw,https://cloud.189.cn/t/Ere6va3AVVfy
L3005,303332,https://pan.baidu.com/s/1XwME9blCOgXrRkaki62gtA,https://cloud.189.cn/t/rAr26nma6FBn
魔法学院 英雄校园物语2,259774,https://pan.baidu.com/s/1SJ6OeMMt1p8OugkwD2O7qQ,https://cloud.189.cn/t/aIriM3y2ea2m
切勿回头,326558,https://pan.baidu.com/s/15Xx0HhxkDz2jg0CNBAVB4Q,
沙漠之子,854775,https://pan.baidu.com/s/1FnEUkGUvq_8qNBHLxyaY0A,
S3008,365998,https://pan.baidu.com/s/1emSp9xI31Wm-LE0Pskp7FA,https://cloud.189.cn/t/zYr6rqrUb2Yf
S3026,548774,https://pan.baidu.com/s/1OjDFHoLT83uxMU-m19TsAA,https://cloud.189.cn/t/JNjaMrzemqYf
太阳神之子,326665,https://pan.baidu.com/s/15oLak7crCmVmurfTWOC3MA,https://cloud.189.cn/t/FbEFnyMnIRz2
T3005,366669,https://pan.baidu.com/s/1dn3XTl121UV15rLitT6oXQ,https://cloud.189.cn/t/UJveArVzeAvi
X5028,326533,https://pan.baidu.com/s/192NWEzRea5y3LR3jwP0irw,https://cloud.189.cn/t/2a2UZ3Jnuu6f
意识迷宫,587444,https://pan.baidu.com/s/1FBcjf9nfGwsqpFiYJITj-A,https://cloud.189.cn/t/J7zQFj32eeEv
佣兵传说 合集,214777,https://pan.baidu.com/s/1ySx9gprgXlJwI5Znahbvzg,https://cloud.189.cn/t/ymUvMfmMNzii
夜店高手,251444,https://pan.baidu.com/s/1AkVvR4U7qPuavvFZ-SZ1pA,https://cloud.189.cn/t/JN3mArUV7Rri
战争之人 合集,564123,https://pan.baidu.com/s/1WQeTqdg54tOq45u4EwF15Q,https://cloud.189.cn/t/ZbIrQfmyANFb
Z3004,265558,https://pan.baidu.com/s/1cMPdIDKChM6q5E3d37HmnQ,https://cloud.189.cn/t/jeuMZn7jqUJr
安娜贝尔的诅咒,687444,https://pan.baidu.com/s/1vrToUZMltNpNlhYQIksZtA,
B5004,598777,https://pan.baidu.com/s/1A52q47NXwHgaOuuFKZYrzQ,https://cloud.189.cn/t/i6Vze2NRR7Fz
超级力量3,"=""032665""",https://pan.baidu.com/s/1x-POXdb-AmejhNSkVT4h5g,https://cloud.189.cn/t/uUJrQvN3uMj2
地堡,214114,https://pan.baidu.com/s/12vio9KI4BqsA072g4jE3xA,
迪士尼无限飞车,258666,https://pan.baidu.com/s/1KzfmtCfWEvZTmf0rHEXPNg,https://cloud.189.cn/t/mAvquqnYvayi
D3004,365558,https://pan.baidu.com/s/1BbjgC8BXjXpVokfM6oF-_g,https://cloud.189.cn/t/RBzQBr7FFfUz
疯狂之门,594874,https://pan.baidu.com/s/1ibil4ZVzWbfF9zrtHbH4Vg,
富甲天下5,326666,https://pan.baidu.com/s/1nQ7mXs5sLTPPSZgptmnojw,https://cloud.189.cn/t/y26Nju2Mjaiq
猴子桶战,347854,https://pan.baidu.com/s/1UltTZ-VtEBmQgvWwR1XwNA,
J5011,125665,https://pan.baidu.com/s/1z86GUJmE5rPyvv0eD9YjKg,https://cloud.189.cn/t/3y6fEnBj6Vze
L3010,325669,https://pan.baidu.com/s/1inK1CbkZcVVovu4F5fDL8g,https://cloud.189.cn/t/JRjYJzFvqEzm
魔法尖塔,587445,https://pan.baidu.com/s/1LGWHY8341JP5-Bh5X3NICQ,https://cloud.189.cn/t/7rqq6nA36zm2
M5003,365225,https://pan.baidu.com/s/1fU7DzJeKJ7AHBBzUosRxfA,https://cloud.189.cn/t/VbMj6rV7N7Br
全球农民,214888,https://pan.baidu.com/s/1wHCHHx2ynljXb-u3Ah21Cg,https://cloud.189.cn/t/nUvaMfb2ARBf
失忆症 地堡,302333,https://pan.baidu.com/s/130eXj25dQOcTwnwY3gQ2VA,https://cloud.189.cn/t/YRruym3IRBvm
S3018,258774,https://pan.baidu.com/s/1NPhrQrbdNPWYFyhItoaqfw,https://cloud.189.cn/t/eAVZzub6FBRv
玩具兵大战2,214445,https://pan.baidu.com/s/1UqZ12BK6JX7W0F-BvQvyAg,https://cloud.189.cn/t/iIVnyu7rIvqi
我靠双修拯救世界,225566,https://pan.baidu.com/s/12lzGyjRdOafD1-_iRzfh8Q,https://cloud.189.cn/t/Ife2y2maAzEn
小型坦克,566326,https://pan.baidu.com/s/10C8xSgYsYNqSsBAx6lQsZA,
遗言 高人之序,121222,https://pan.baidu.com/s/1Lk9Zw5Vjd4Bsu1EMHsQLUA,https://cloud.189.cn/t/BVBbUvrYZr22
元素：太空 增强版,366998,https://pan.baidu.com/s/1gcsd-lRuKswnDWJxVuNKyg,
Y3011,256669,https://pan.baidu.com/s/12-omAfuQCqVKZlOaTJL7MA,https://cloud.189.cn/t/vmM3YvaMVBbm
诸神将陨,254778,https://pan.baidu.com/s/1PsxOnzdNrk6mf9ng9D7ngA,
炸裂树莓浆,658741,https://pan.baidu.com/s/1wooFRGQw2VrKA3Jn1133Lw,https://cloud.189.cn/t/N3muQfmEzeqa
战术部队：无烟变换,326666,https://pan.baidu.com/s/13Z4xVcth33_Yj2TmC0uYGQ,https://cloud.189.cn/t/JviMzmAFneYv
存在,664478,https://pan.baidu.com/s/1EwqJllGFRsHS4fT_10Bvjg,https://cloud.189.cn/t/fyyYNjQrUvYf
复仇之臂复刻版,256447,https://pan.baidu.com/s/1KXHPV298O-i67mrjuYLt6A,
F3003,326558,https://pan.baidu.com/s/1w9L8lYkeaS2PoGZfHjUstA,https://cloud.189.cn/t/zyAJRzN3A3ye
孤胆枪手2：新纪元,254888,https://pan.baidu.com/s/108ZHtpZBA6S6njYqL9C3FQ,https://cloud.189.cn/t/FrMZnmeIB3ia
巨剑战争 领主版,215222,https://pan.baidu.com/s/1ir4Mz6nkaRzeic7hS0lXwQ,https://cloud.189.cn/t/7b6Jr2fUFjUb
离亚世界,595855,https://pan.baidu.com/s/1-I0XJFIaL6CaKgJsRcTWpA,https://cloud.189.cn/t/vammambQZfUr
T3009,587777,https://pan.baidu.com/s/1wBMJ7nyZz0VVm-HLTPjKuA,https://cloud.189.cn/t/BZZ7nuvmm2Mr
威洛谷的生活 农场历险记,148558,https://pan.baidu.com/s/1RAwWHl5yh3x-qmytGxXBBA,https://cloud.189.cn/t/yURRfyyYNv6z
W5004,326000,https://pan.baidu.com/s/1stGpoR2yyRct3HiLY6HFzQ,https://cloud.189.cn/t/RjYRVrn6fI3u
先发制人：末日终结,326333,https://pan.baidu.com/s/1S8Z0VcG2Rn-VAxJlNOKsZg,https://cloud.189.cn/t/yqy22m6vMbIz
仙剑客栈,256352,https://pan.baidu.com/s/1agOifoks1kkHCmS_MQGBJA,https://cloud.189.cn/t/myiaQbf6ZFZb
Z3012,256666,https://pan.baidu.com/s/1iV0_ybgY2EcF4UjYs4zOrQ,https://cloud.189.cn/t/UZZV7zreym2q
暗影原野,231544,https://pan.baidu.com/s/1KwXurstd_ZtjoqkjACSJDQ,https://cloud.189.cn/t/MRzeUbqM3YZz
暗影诅咒 地狱重制版,562011,https://pan.baidu.com/s/1Q-x6sXnO4INrXmupJwGTLQ,https://cloud.189.cn/t/mAf2AfB7VZFv
A5003,200011,https://pan.baidu.com/s/15Nq78gq5g5WuY-2LowepDw,https://cloud.189.cn/t/uMZ73qeuauye
A5012,232002,https://pan.baidu.com/s/1ZNruMajnbQal88UiGvUUGw,https://cloud.189.cn/t/qme2E3QzeQzq
A5013,215488,https://pan.baidu.com/s/18r_aLZas0RqWrt9hn3n9yg,https://cloud.189.cn/t/3Mzaqiv26Fjy
A5014,215844,https://pan.baidu.com/s/1Mio5K1eQXDUvPF4OvDOhvA,https://cloud.189.cn/t/jyiaQjINRvQj
A5015,365222,https://pan.baidu.com/s/1nusyKIwmAxcNKM4Jnp7SfQ,https://cloud.189.cn/t/ZFVVzaVb2IFf
A5016,325000,https://pan.baidu.com/s/1topC1B9GEJZ2GWv2IyoVKw,https://cloud.189.cn/t/ERza6rAfQnua
不可思议的幻想乡：TOD RELOADED,558748,https://pan.baidu.com/s/1vcQxOQQFItM6wL5Uu1v5-A,
变形金刚：毁灭,564444,https://pan.baidu.com/s/1VgeyFiH1KfGfpf5AlWB1WA,https://cloud.189.cn/t/myI3uqj2YZri
B3008,658994,https://pan.baidu.com/s/191VWb-9zzpEGLE_d2bu40A,https://cloud.189.cn/t/nE7Rrazqeiii
B5002,632554,https://pan.baidu.com/s/1Pb8fkZIfhg4V1hyIm--K1w,https://cloud.189.cn/t/AZ7vqen67V3y
B5007,326665,https://pan.baidu.com/s/1inZ7ez091OiffopuuKm7Wg,https://cloud.189.cn/t/7viqI3MbAney
B5008,254777,https://pan.baidu.com/s/15nAtBCFjgxXc1Zrv9GjJmw,https://cloud.189.cn/t/2IJjmmeqQ7Bz
沉默的迹象,695449,https://pan.baidu.com/s/1dhy2GPdfIPcHluMqv-khMw,https://cloud.189.cn/t/uyQzaivArQvu
超能融合,230001,https://pan.baidu.com/s/1iWNwhT1ugm9wLiRaLgFU3Q,https://cloud.189.cn/t/6JfQbieuYFRr
翠绿之药,,https://pan.baidu.com/s/1nDWPZMUFeZ0Hfb702DAgxw,
C3005,254887,https://pan.baidu.com/s/1O_Ubd9chLGaB6dUm5bYe8A,https://cloud.189.cn/t/e67FjmmuI7ni
C5004,362001,https://pan.baidu.com/s/12DPkKqXHIAd7BT2zmmO2Sw,https://cloud.189.cn/t/Q3myYfAJ7Vvu
C5007,256665,https://pan.baidu.com/s/1O-yBq-1vvckvrpaloB0MLw,https://cloud.189.cn/t/36VJFby67Bjq
C5016,652566,https://pan.baidu.com/s/1kk2Wq70_Of-Kvqmt4KChQQ,https://cloud.189.cn/t/JNjQFf7ziAf2
C5017,214112,https://pan.baidu.com/s/18vpDk6alYYHVejCvv64-FA,https://cloud.189.cn/t/VzuI7vfAJBV3
C5019,325633,https://pan.baidu.com/s/1bV_Tdz2CwjtKIp5-pyeyaA,https://cloud.189.cn/t/NFvq2inYryYr
C5021,215022,https://pan.baidu.com/s/1AHC9B-Ho60-QHCOg--95cg,https://cloud.189.cn/t/uamiqqyUnQne
C5025,321022,https://pan.baidu.com/s/1KHs1ji2LbtU4SbNqRjq1tA,https://cloud.189.cn/t/67VRVrIJfeqq
地狱钱汤,"=""023330""",https://pan.baidu.com/s/1IYcQhaeGPIUKZdsuJcW8eQ,https://cloud.189.cn/t/MzQfIrvMNzqu
大理石时代：重制版,549987,https://pan.baidu.com/s/1hh1dpkWQNTApZeoOd3162A,
帝权 希腊战争,326556,https://pan.baidu.com/s/1yV_voUQRRPw7SNaxitXnDQ,https://cloud.189.cn/t/IJRNVvqAbyYv
打击姐妹,256444,https://pan.baidu.com/s/1xumRPw3dd_tHpqo-8BXckw,https://cloud.189.cn/t/ZfqQFb6BBfUz
电竞经理2023,655558,https://pan.baidu.com/s/13GSv03DbYPkqHcHHmMgsXg,https://cloud.189.cn/t/jYRr6jaURnM3
D5002,365447,https://pan.baidu.com/s/1cvkrLdkwT84Q2eE1-R5KnA,https://cloud.189.cn/t/EjUR7zAjaYN3
D5005,255588,https://pan.baidu.com/s/1cjFEZjTEstZv-NTDNtmtDw,https://cloud.189.cn/t/e6NFzqeI3INz
D5008,526665,https://pan.baidu.com/s/10CwbM1HhOqG2BjtFifHbZA,https://cloud.189.cn/t/3eQza2VrYZFz
D5014,214002,https://pan.baidu.com/s/1ed_-KHkOtBZehq1hUcOsbg,https://cloud.189.cn/t/juuIBv3a6R3e
D5015,632144,https://pan.baidu.com/s/1RLHOA2dr1mCNGj19JBGiYg,https://cloud.189.cn/t/i6NB3ejayYja
D5016,325444,https://pan.baidu.com/s/1jgtHK1O8RpjuGmCQoy7Ktg,https://cloud.189.cn/t/U36vymEb6J3y
D5017,215633,https://pan.baidu.com/s/1O0UJueJHa5bNr0Y7UIHJ3A,https://cloud.189.cn/t/MNjy6b2q6Zj2
D5020,213222,https://pan.baidu.com/s/11Ix8W88RHUjANcAnBbNXkw,https://cloud.189.cn/t/EbyIBbeIF7Jn
D5021,215300,https://pan.baidu.com/s/1QIXgMwckRvuaa3phvQAg6g,https://cloud.189.cn/t/iaaMJf6z2yau
D5022,215411,https://pan.baidu.com/s/1mZXM-tgrP0GqI48kDOqyKA,https://cloud.189.cn/t/ZjieEvNvUZB3
D5023,215422,https://pan.baidu.com/s/1xPQ9P-aMk36xakKhYP6-lg,https://cloud.189.cn/t/jIJnuiZZrm2q
D5025,325410,https://pan.baidu.com/s/1VHDn8fYPcWupyZJoizA1Zw,https://cloud.189.cn/t/U3ueI3emq6Bz
D5028,,https://pan.baidu.com/s/1Q8DYcomydJGFnxYYHuXZSA,
D5029,,https://pan.baidu.com/s/1f_oebLC_TbIB4FrxAy36JA,
E5001,254887,https://pan.baidu.com/s/1P5byUHAqXZerRRErsQL_uQ,https://cloud.189.cn/t/FVzuyaABBRNn
凤凰点：周年版,587999,https://pan.baidu.com/s/1D9CticPuuZkp5G--8x0UwQ,https://cloud.189.cn/t/VZRbymNJFBNr
符文2,125887,https://pan.baidu.com/s/1I-1ppgMOB3tdZXv9KChBhQ,
FC游戏模拟器,587444,https://pan.baidu.com/s/1cRUGBwVM6TL_lI67iVZGag,https://cloud.189.cn/t/eU36V3e632Mr
封建领主 国王之地,325633,https://pan.baidu.com/s/1rZU3faDCYqZQJn4_axtFfA,https://cloud.189.cn/t/2MbAB3iuaeMf
F5001,258774,https://pan.baidu.com/s/18JWrgQppz_I0kwRUYAjW7A,https://cloud.189.cn/t/b267V3jq6FNj
F5002,254447,https://pan.baidu.com/s/1XP-Xu9qyIakBA40FtkTKWQ,https://cloud.189.cn/t/2yQ3uqQ7ZbQj
F5006,230111,https://pan.baidu.com/s/1SprVTVCYj_M8ZwgHP0Uh8w,https://cloud.189.cn/t/ZnaEfaRNbM3q
F5007,215333,https://pan.baidu.com/s/1JQzMSOgsx7RLQ7Dhzj3toQ,https://cloud.189.cn/t/NVFZVjVVviem
F5010,102155,https://pan.baidu.com/s/1QbJfY4hDk4z2wVFDYeaumg,https://cloud.189.cn/t/by6VV3RfYFVj
F5011,214555,https://pan.baidu.com/s/1vxKErcvkepXH5pqp2ZSnjA,https://cloud.189.cn/t/r6R3QnBVJVNf
F5014,214022,https://pan.baidu.com/s/1z7v9soAjpw2WNDz1hceSqw,https://cloud.189.cn/t/eArMVrqeiIni
F5017,663666,https://pan.baidu.com/s/1fiWI5cvE2YyoVeYHz3IQIw,https://cloud.189.cn/t/iMVVZzBrAzMj
F5018,,https://pan.baidu.com/s/17_MFcLSSSS_oNRMC1kHyVQ,
隔离：第二幕,357846,https://pan.baidu.com/s/1iIJ0Iiq1OcWbBk1cK2-oxg,https://cloud.189.cn/t/r6byErRbmu6z
GBA NDS 模拟合集,254888,https://pan.baidu.com/s/1u_Q2nZIfmCnpf5YDQL6oBw,https://cloud.189.cn/t/amyuMrmYbEny
光明重影,,https://pan.baidu.com/s/1KavJeCbBbRXs8s4ipD4X5A,
鬼魂清洁工,,https://pan.baidu.com/s/1nXjH0ysCRomnFnrUnNUdGA,
G5003,215444,https://cloud.189.cn/t/Yru6Zfuq6Zzy,https://cloud.189.cn/t/Yru6Zfuq6Zzy
G5005,254999,https://cloud.189.cn/t/bi6BnyvAZjqi,https://cloud.189.cn/t/bi6BnyvAZjqi
G5006,215444,https://cloud.189.cn/t/ZriqiqFNJfui,https://cloud.189.cn/t/ZriqiqFNJfui
G5007,256333,https://cloud.189.cn/t/myiEjyzAbqIb,https://cloud.189.cn/t/myiEjyzAbqIb
G5011,215874,https://cloud.189.cn/t/VBbEfmveyeum,https://cloud.189.cn/t/VBbEfmveyeum
G5015,256632,https://cloud.189.cn/t/eyIvyyjiiIvy,https://cloud.189.cn/t/eyIvyyjiiIvy
海贼王：无尽世界R,236665,https://pan.baidu.com/s/1-rWx02tViZrWGEYah7rxZQ,https://cloud.189.cn/t/e63iuaVBF3Ej
换装迷宫2,214587,https://pan.baidu.com/s/1TSh4ZvYwkOfKwdPYwXV-dw,https://cloud.189.cn/t/3ENBzqbM3Qru
H3006,587887,https://pan.baidu.com/s/18JOY1w26xHIN8W4Bf0GTcg,https://cloud.189.cn/t/qaENn2j6FvE3
H3007,366665,https://pan.baidu.com/s/1p6oAT8ikYutOWzy6uHGgJA,https://cloud.189.cn/t/MbAvaeVvAnq2
H5002,259998,https://pan.baidu.com/s/1GC0dBDiXnotnoiUhQ2uMkA,https://cloud.189.cn/t/EFZJ3aQFvmmi
H5003,320002,https://pan.baidu.com/s/1PycBFshO2sWFnjba2gGJZA,https://cloud.189.cn/t/RZVn6zZ3AFBn
H5004,215221,https://pan.baidu.com/s/1q15SDhMYU42dor7e5aaPNQ,https://cloud.189.cn/t/3uUb2yRrmqMb
H5006,257888,https://pan.baidu.com/s/1kIeAUqQ9qVzCPIfiUPplNg,https://cloud.189.cn/t/ErMRbmU3Y3Mj
H5007,521558,https://pan.baidu.com/s/14sGwBf9s4_NmYOoLGYnnEQ,https://cloud.189.cn/t/mYnaUnfEBRJb
H5013,203022,https://pan.baidu.com/s/1Ed--w5bsgrvaeQuhdr0aUg,https://cloud.189.cn/t/UrIFFvfiURNn
H5016,325555,https://pan.baidu.com/s/1SwI6ORojyU2LMKM2q44_gA,https://cloud.189.cn/t/YnQzqiBBfymi
H5017,653255,https://pan.baidu.com/s/1_7LPs1M_hnIXMLnH03MZ4A,https://cloud.189.cn/t/fmem6frQrmUf
H5020,215877,https://pan.baidu.com/s/14F8r0qW7XtNuFxZVgISerw,https://cloud.189.cn/t/ENBrYvRBz6V3
H5021,356333,https://pan.baidu.com/s/15O2W2te0wR-XFVTDz4pRbQ,https://cloud.189.cn/t/vMNjemvuaq6j
H5025,,https://pan.baidu.com/s/1TVt6WLn6NGcyKfXjKLTVoA,
H5026,,https://pan.baidu.com/s/1Zb3ikkAAVnvD3gjkUi7vOA,
I5001,147888,https://pan.baidu.com/s/1Uxq57WVUxYovB-l2zC5rVw,https://cloud.189.cn/t/rAVFbariM3Yb
街头霸王X铁拳,365844,https://pan.baidu.com/s/18DIB_175A2QvuCxPWTrXyg,
纪念碑谷1+2,254136,https://pan.baidu.com/s/1_8tlyMuhN5RJ1N6LYla6MA,https://cloud.189.cn/t/vyia63URV732
解药公司：救世行动,352147,https://pan.baidu.com/s/1-pUQS1nrd5mauyunwZ2PyA,
就在那里：欧米茄版,236554,https://pan.baidu.com/s/1SDFzTAJmgDnqnZvVVhIbCQ,https://cloud.189.cn/t/eEziameEvMji
J5010,215444,https://pan.baidu.com/s/1SOyTv3D2V262Qp427IlEPg,https://cloud.189.cn/t/mIZvuyfyaaIv
J5012,254887,https://pan.baidu.com/s/1c11vnU_3vbRueLOSPIj4kw,https://cloud.189.cn/t/emAnuaiE3iym
J5017,125447,https://pan.baidu.com/s/19RcuKSx1_e_DB0GSIuLvpg,https://cloud.189.cn/t/2AzaIjfAFbq2
J5021,214220,https://pan.baidu.com/s/1cH4VAkFiIuypeUM5ZLddpQ,https://cloud.189.cn/t/eEVJNbfquMri
J5023,325100,https://pan.baidu.com/s/1itUTh1Ix-cL_OtdfUahmrw,https://cloud.189.cn/t/E3u2yqbMziI3
J5024,215200,https://pan.baidu.com/s/14nUkL1nLERivQcx1yuEWxw,https://cloud.189.cn/t/jIRfMbVJVnye
J5026,,https://pan.baidu.com/s/15VDoIuMPpj7O1IYWl6lo_w,
开罗游戏合集安卓版,365888,https://pan.baidu.com/s/1ybxSff5QY2d1Wz2vnaKR8A,https://cloud.189.cn/t/eQ7nIrn6Vrim
扣球,587445,https://pan.baidu.com/s/1FQAO3_V6xcq9nvxA2DoMzQ,
卡车之路,547887,https://pan.baidu.com/s/1VSGf8ZoqRwIcpzi-EC2tmQ,
抗日：血战上海滩,357964,https://pan.baidu.com/s/1eRamT2tIKknN-zDMCJSbsA,https://cloud.189.cn/t/ERj2y2u6bMru
恐龙快打,547888,https://pan.baidu.com/s/1S68zCbUPJKmZEo7G56NLGQ,https://cloud.189.cn/t/2im2iqVRnYna
K5007,,https://pan.baidu.com/s/1UhaQivC6ZUuwZjnxYV6zmw,
露露亚的工作室：雅兰德的炼金术士4,587411,https://pan.baidu.com/s/1ISFbvFzkOGUtwu82W1nHGQ,https://cloud.189.cn/t/ZfaqueV3iiMz
流言终结者游戏版,547822,https://pan.baidu.com/s/1X4ylm-928Xg4lcJJ5OGpPw,https://cloud.189.cn/t/VF7rYrzmQ7Jv
龙喉战旗,854796,https://pan.baidu.com/s/1cXrbaUx8vbfJ2ASbup7KRQ,
老爹游戏,254877,https://pan.baidu.com/s/1mFIyzOfph0A841WvpjFztA,https://cloud.189.cn/t/zeyAZru2Ujqi
流浪的灵魂,101222,https://pan.baidu.com/s/1n3YIFU8O4ZlwvJgsp-mQkQ,https://cloud.189.cn/t/2mAzAf2AVJjq
L5007,356662,https://pan.baidu.com/s/1c7H5oa4w4xagtqAh05D0Eg,https://cloud.189.cn/t/3E3YbmniEnMr
L5009,258889,https://pan.baidu.com/s/1Xg5Ct5is-_4ihxvNBNbgyw,https://cloud.189.cn/t/B7ZzAnvmQrUr
恋爱定位 神社×先輩,326333,https://pan.baidu.com/s/1MHioFf-lZvrQWM61xnuTzA,https://cloud.189.cn/t/V3eUJvEVNZJ3
L5015,325887,https://pan.baidu.com/s/1hM4YRSXEtgsF73jefbLvsg,https://cloud.189.cn/t/IRB7BjRZBBZj
L5019,215000,https://pan.baidu.com/s/1WrnfCi0zf8OB7Adn-0APwg,https://cloud.189.cn/t/3MzyameU7ZJb
L5022,215120,https://pan.baidu.com/s/1oAhPZyQfn3UX84VbEfuWjg,https://cloud.189.cn/t/6F7JRfaIBNfq
L5023,254655,https://pan.baidu.com/s/1wMSsypd3FzIfT286nFELzg,https://cloud.189.cn/t/UraUrurI3uam
L5024,215663,https://pan.baidu.com/s/1RgPxi6QEsu3mEjC_GUwELQ,https://cloud.189.cn/t/VN3aQzBBnAj2
L5025,325110,https://pan.baidu.com/s/1AZEXNk4tYqybfafnoX9O7Q,https://cloud.189.cn/t/nIFfeavimQBz
L5029,652551,https://pan.baidu.com/s/1_kwnVCsaTqjdrPW6KmrsZw,https://cloud.189.cn/t/3QbyErANNjYb
L5032,225522,https://pan.baidu.com/s/1m6cR5o0i6FQWIm8gcGgQXQ,https://cloud.189.cn/t/Ab67Nrn6Bbay
L5033,324200,https://pan.baidu.com/s/1UGAD6IsTChaVxjbyIk5sTA,https://cloud.189.cn/t/uE3QRbuuIva2
L5036,,https://pan.baidu.com/s/1xiL0ok55z8AObbwan_EwZQ,
L5037,874459,https://pan.baidu.com/s/1LFwAgF9ITu-PjmItaoviyQ,
L5038,,https://pan.baidu.com/s/1qFMtq7sbclMqDPovWnzO_g,
L5039,,https://pan.baidu.com/s/159uem3RVcPf6wtl6ef5J-g,
命运石之门：精英,587774,https://pan.baidu.com/s/1wX4rH5yp5OyhYDBzdJumVw,https://cloud.189.cn/t/jIvMJfNraiIn
玛戈 恶霸汉堡,179995,https://pan.baidu.com/s/1ITWOKZJfJuH2rS5edikwhw,https://cloud.189.cn/t/qmmiAzfYBFFr
美食末日大作战,569854,https://pan.baidu.com/s/1Po59nRBoKe8Ewwqv50GNYg,
魔王大人 击退勇者吧,587999,https://pan.baidu.com/s/1Mnog97b9_sm5BFOG0wbK9g,https://cloud.189.cn/t/r2eaMrAz2m2y
迷你国家,326998,https://pan.baidu.com/s/1_Xpte3UmIC5IUC4jyvt2xg,
M5006,365552,https://pan.baidu.com/s/1RCtJYNdVhiPvncNT50mi4g,https://cloud.189.cn/t/Jvu2eqJneUBn
M5007,566669,https://pan.baidu.com/s/1-y9xUPVy5JZfMwnZ_bQ1wA,https://cloud.189.cn/t/aI32IjFV7Rba
M5013,352220,https://pan.baidu.com/s/1O1GMUVoEGO2QBQjCtCEfPA,https://cloud.189.cn/t/biUBFnEvqa2y
M5014,254447,https://pan.baidu.com/s/15qEC2HI4NEIt7Ha6tpwjyQ,https://cloud.189.cn/t/Nb6ZJvYNVrey
M5015,236558,https://pan.baidu.com/s/1nsorPjoXTlXWZ_IFLJyJjw,https://cloud.189.cn/t/quM32q6rIvee
M5022,215333,https://pan.baidu.com/s/12QIPL_XafwkxSc5ajxbYdA,https://cloud.189.cn/t/qUfEJrzU736r
M5028,658477,https://pan.baidu.com/s/1sZAUt_-PkOAQJ5726eoKEw,https://cloud.189.cn/t/rMRRBbUf2Qzu
M5034,652155,https://pan.baidu.com/s/1wj39f-Glyl2Ok7kP5up16A,https://cloud.189.cn/t/3a6VryvUvmIb
M5036,215200,https://pan.baidu.com/s/1UMaLEbxYT0QbRc8wtxmOIw,https://cloud.189.cn/t/nMRNJrzeyAjm
M5037,256665,https://pan.baidu.com/s/1e9rDtgpp3eNXcVX3VjLJfA,https://cloud.189.cn/t/YBJfeejARJru
M5042,252022,https://pan.baidu.com/s/1X9PMaXSKENAZCxzRtVnR2Q,https://cloud.189.cn/t/6fENVvRFv2eu
尼比鲁,659877,https://pan.baidu.com/s/1KJ9KU4pRCA1UBFjnWlh5TQ,https://cloud.189.cn/t/2eInYfBvIbma
N5004,352221,https://pan.baidu.com/s/1lWlGUgIxznE-c5qEf4587A,https://cloud.189.cn/t/2ya6vm3Ijaiy
N5007,215632,https://pan.baidu.com/s/1uYSlU42Jk8BflRgKWqP1pg,https://cloud.189.cn/t/a2IrauUFZ3In
N5013,215222,https://pan.baidu.com/s/1mah5Fpo3p7d3G9syEu3ecQ,https://cloud.189.cn/t/eeYzMrrqym2e
N5014,215774,https://pan.baidu.com/s/1yTJ18LuLCgXw_HoHrplC_A,https://cloud.189.cn/t/FNnq2uBRvARr
N5015,325622,https://pan.baidu.com/s/1EvMmfyVKVNxzn5R_uwul6Q,https://cloud.189.cn/t/iiu2yiQ3QzIj
N5016,255966,https://pan.baidu.com/s/11Spt365OEu-eje1o639UOA,https://cloud.189.cn/t/uEzMN3I3qyIv
N5017,655222,https://pan.baidu.com/s/1EZWsGUV7laS_ACPLPATrqg,https://cloud.189.cn/t/7n6ZBb22e6Zr
欧陆风云4,635555,https://pan.baidu.com/s/1Af2YrRsamcdoaKwnqf-SaQ,https://cloud.189.cn/t/RnYvq2fMnUFb
Pathway,254444,https://pan.baidu.com/s/1ArL2kYoJVXK5ylaUKyCVjw,https://cloud.189.cn/t/QBbMRzyEJJ7n
Potentia,357444,https://pan.baidu.com/s/1vutzdNIO8HEuDpdepY_Jww,https://cloud.189.cn/t/mErIFzEZfEBn
P5003,300555,https://pan.baidu.com/s/1mPzHSHoxJsPVpy9qltcK7Q,https://cloud.189.cn/t/VZraMfbQnuia
P5004,254888,https://pan.baidu.com/s/1tDEi4-mNva65bdztJ7-71w,https://cloud.189.cn/t/UjuAvqRn2maa
P5006,254666,https://pan.baidu.com/s/1wU2XmgE2z-728dk-HadI_A,https://cloud.189.cn/t/ZRfiQ3bmA7J3
P5007,215444,https://pan.baidu.com/s/1hlZf31fhg7UP0DTT1xJ7NQ,https://cloud.189.cn/t/iM7ZFra2ErM3
P5008,541544,https://pan.baidu.com/s/1b4c164mlvH7QLTlCZGI60g,https://cloud.189.cn/t/qyAjiaeAfqQr
柒愿传说,115417,https://pan.baidu.com/s/16sgjJM6Ma6OhB-tXD0DJ-w,https://cloud.189.cn/t/nURnaeIfm6Nf
Q5006,215558,https://pan.baidu.com/s/1dduZnnajVm3jAZIPMh8eGg,https://cloud.189.cn/t/jYnQz2Q7j2mu
Q5009,254777,https://pan.baidu.com/s/1taCrsLSw_yjAgiHrZ6k3kg,https://cloud.189.cn/t/ueYZBnBBrIVf
Q5012,215220,https://pan.baidu.com/s/12lyKNCbaZc1YBNCgazeZIw,https://cloud.189.cn/t/jIZNveAN3mQz
Q5014,215522,https://pan.baidu.com/s/1GZ8L38Sr6bv8jUJ4ei8NKQ,https://cloud.189.cn/t/QBVNJvzQ7J7j
Q5015,555421,https://pan.baidu.com/s/1aEgIWGTxC_iSvJdABcsDtw,https://cloud.189.cn/t/77vyay2A77Jr
瑞娜 致错旋律,115215,https://pan.baidu.com/s/1KnJp0GK3ldVRXXKpLknHNQ,https://cloud.189.cn/t/Q7rAB37bIzQ3
Re：LieF 献给亲爱的你,256664,https://pan.baidu.com/s/1Q78mOVeVarZtUHxi3YtNsg,
忍者武士 战士归来,250115,https://pan.baidu.com/s/1WilG-NdffQPXFbFw4jjIWA,https://cloud.189.cn/t/Q7zURrjumea2
忍者棒球小子,514777,https://pan.baidu.com/s/1st3CsXx4KXwe0Py3Q066Dg,https://cloud.189.cn/t/FVJ3YrF3e6fm
R5001,356669,https://pan.baidu.com/s/181-BI5dk-ZiEkGAwphil6w,https://cloud.189.cn/t/3auam2mAR3Ej
R5003,215444,https://pan.baidu.com/s/1OwgY5_A4EjVOeNMi8kBy2g,https://cloud.189.cn/t/BF3E7bjAvqQj
R5004,326200,https://pan.baidu.com/s/1eSfYtefh1JIX0ckOZEQ1Cw,https://cloud.189.cn/t/FNvmIvA3qE7v
R5005,655222,https://pan.baidu.com/s/1m5DnOZUoDSx81oy-QPMPPw,https://cloud.189.cn/t/riYZ3i7RRfam
生化危机：保护伞小队,963774,https://pan.baidu.com/s/13FjGKBsQJY5BQYlA4Jrugg,
失落的斯菲尔,266656,https://pan.baidu.com/s/1SAMegbM1sd1QvFfJm8Ae9Q,https://cloud.189.cn/t/NvQJFfmQj6Rn
时廻者,326002,https://pan.baidu.com/s/1qH8IRSEs_Alpt5-wObqDTA,https://cloud.189.cn/t/ZFbYRbmaeI7b
少林vs武当,336528,https://pan.baidu.com/s/1WdqyFW0HsMYuhWwP0n48YQ,
少林vs武当2,548777,https://pan.baidu.com/s/1gtLsxSrp7A8FCprwA64Zjg,https://cloud.189.cn/t/UJbmi2Zjmiqy
少女射击2,215496,https://pan.baidu.com/s/1UHy-45nw1prX3ZE5fnPrxw,
少女射击：回归初心,254877,https://pan.baidu.com/s/181f7LG7GzpMStJusNbl64g,
圣殿春秋,254444,https://pan.baidu.com/s/1_Il8fpgGTO7Wfq2sdyj42Q,https://cloud.189.cn/t/uY3yy23Mbyaq
神格,633654,https://pan.baidu.com/s/1apMVFfC4Z0C0OEsrLFMCoQ,
手机疑云之劳拉物语,487779,https://pan.baidu.com/s/1VewysK2Uos1c6Lli-1p4fA,
弑罪者,859966,https://pan.baidu.com/s/1NYxfCWlYy6KhvHmoScc6Nw,
速度与激情：十字路口,327889,https://pan.baidu.com/s/1gRQZE7TIXZxctSPyrAeXUg,https://cloud.189.cn/t/3MBF3mEz6vQn
神秘博士：孤独的暗杀者,654778,https://pan.baidu.com/s/1McNo5VLemT9yozse9PXN7g,https://cloud.189.cn/t/EJVFbaYbUVRr
社交足球25,321889,https://pan.baidu.com/s/1cXzx3LJYrrHvniQHVjMaaA,https://cloud.189.cn/t/IJVF7b7BbYr2
沙威玛传奇,525633,https://pan.baidu.com/s/10naLw_gsK9eku5U4UGCHeQ,https://cloud.189.cn/t/fIB7Nzz6RZnq
思古塔加亚最后的英雄,325022,https://pan.baidu.com/s/1a5FKrbRCVUWlyNpVWTIx1A,https://cloud.189.cn/t/yArAZvfeIZjm
杀戮地狱,,https://pan.baidu.com/s/1_ve5XwrTjF0cPfjGOP3F9g,
S3003,320154,https://pan.baidu.com/s/1fyoVH2ob-H5DzQXHQ07qbg,https://cloud.189.cn/t/MJz2UrbaMbIn
S3017,365220,https://pan.baidu.com/s/1ey1I0mVb7ePRlnUppOo-Pw,https://cloud.189.cn/t/u2yuAvAzaeQn
S5008,320001,https://pan.baidu.com/s/1E8epdUDFPDmc8pX9eFam_Q,https://cloud.189.cn/t/2MniaeMzQbuy
S5012,258887,https://pan.baidu.com/s/1-zQUI6mfpAZmeT3QOeHjcA,https://cloud.189.cn/t/ENnI3iMNfYJb
S5013,215447,https://pan.baidu.com/s/1H44h6dKk5uT3pwyvhNyOBg,
S5024,125663,https://pan.baidu.com/s/1qss9IcAqEKQXZLDJLO4JkA,https://cloud.189.cn/t/zYJbAnVVJzMz
S5025,325611,https://pan.baidu.com/s/1uIL3zEZogmE3NeFUP58tKw,https://cloud.189.cn/t/BnYzuq7j26Rj
S5027,263255,https://pan.baidu.com/s/1xSMtQ7uJLX0pT1GLIh6hpg,https://cloud.189.cn/t/Yvy6vanA7Nn2
S5028,215200,https://pan.baidu.com/s/1cgi_k5nX3OprMYVZ4rSuVg,https://cloud.189.cn/t/IJRFfa7BfUZv
S5029,623555,https://pan.baidu.com/s/1cGgYyQdhnGASUD64amMjSw,https://cloud.189.cn/t/bER7J3auQjia
S5030,215488,https://pan.baidu.com/s/172LBrA9MSWjeXn12hMMFFQ,https://cloud.189.cn/t/7ZvIBbm63AF3
S5032,325222,https://pan.baidu.com/s/1MvQX7_8ZeSeacqrAOdP4CA,https://cloud.189.cn/t/bUnaqqzeEfaq
S5033,325000,https://pan.baidu.com/s/1ukgn-ytH09zlibKXEoMdxg,https://cloud.189.cn/t/jM7f63UryyIn
S5035,322600,https://pan.baidu.com/s/1jav3clbDXrlUNFXteBABLw,https://cloud.189.cn/t/FFjAVjFjyiUn
S5036,325002,https://pan.baidu.com/s/1fATpZSnstxMyNx8NUY-Vzw,https://cloud.189.cn/t/63qInmVRbEj2
S5041,,https://pan.baidu.com/s/1g2ay8YQDprHYkKizefgfIA,
S5042,,https://pan.baidu.com/s/1aBWJ1nBZKeyTl-GgtZLJtg,
S5043,,https://pan.baidu.com/s/1WP_pDagPtMJPkBsSmQ1vqQ,
太空角斗士：逃离塔塔洛斯,358774,https://pan.baidu.com/s/1d1MjLoxvL53fI8U2R8mzCQ,
天鹅座企业,258999,https://pan.baidu.com/s/1_I93J0Qem6cKPx0XeFR4kg,https://cloud.189.cn/t/2MRRZj3YZJ3q
T3019,366665,https://pan.baidu.com/s/1DdxuiI5PRO96S-R2r6oiZA,https://cloud.189.cn/t/3aAj2qyy6b6f
T3020,253111,https://pan.baidu.com/s/1cGuqix0rN2wdCDzkTqcyGg,https://cloud.189.cn/t/mi2m2eVNrYFn
T5005,586221,https://pan.baidu.com/s/1co1OIC6qKfmLDHnF6n-X5g,https://cloud.189.cn/t/uyIbauJv6rYv
T5010,258777,https://pan.baidu.com/s/1kGaQL8EZ7myZE_28gYc6ug,https://cloud.189.cn/t/RzAnyq7buQni
T5012,213000,https://pan.baidu.com/s/1WQNUW39DYoBu0RsKfkJHaw,https://cloud.189.cn/t/iyYVNbMRJvum
T5019,215258,https://pan.baidu.com/s/1XXI__GYV8mSvjssG5VKNqg,https://cloud.189.cn/t/MzmymqrIZBJb
T5020,215633,https://pan.baidu.com/s/1ytXZzaSaJyQ3OsJKj0ufeA,https://cloud.189.cn/t/EBFFJnErAVri
Viviette,254888,https://pan.baidu.com/s/1uuaiccw759CXJhWjspL0gA,https://cloud.189.cn/t/bUF7NbrQvIFv
VLADiK BRUTAL,215220,https://pan.baidu.com/s/1TWtn7axW6nniHFAk6zz5Xg,https://cloud.189.cn/t/3AnQF3v2e2aa
无夜之国2：新月的花嫁,365221,https://pan.baidu.com/s/14AHWVaA_ZunO8bMgAUGw9Q,https://cloud.189.cn/t/NVRRFrFbQF3u
WWE 2K竞技场,356411,https://pan.baidu.com/s/1IyJEqSQdA19sZpaNdXKhTw,
武士杰克：时空之战,357889,https://pan.baidu.com/s/1PHREYqWf_QAk2lK4-iJjhA,
我不是怪物,357966,https://pan.baidu.com/s/1cVFIicLPssxeooc81B4k7g,
无尽的回忆,321554,https://pan.baidu.com/s/1XXedTHQhnqf-eK8flqQRjw,
王国之心：记忆旋律,641558,https://pan.baidu.com/s/1xa4ATVDeDQAOY7DXuhamYw,https://cloud.189.cn/t/mEN3ieEna2If
舞力全开2017,526887,https://pan.baidu.com/s/1FFzZrcDQZiiQuKuHOXqt1A,https://cloud.189.cn/t/VBFrya7zi2em
我是猫女仆喵,,https://pan.baidu.com/s/1vBG-45tUrJnOwDS_eIc8EQ,
W3004,256334,https://pan.baidu.com/s/1Md77-SIWvqugi28VOOb5Pw,
W5002,356669,https://pan.baidu.com/s/17Xt6pImoRc5poZ_7nKhiQA,https://cloud.189.cn/t/myIvummi2IFz
W5010,215444,https://pan.baidu.com/s/1bxsqXouKD96Xh-W2bQENIw,https://cloud.189.cn/t/JnqmEbiea6Rn
W5012,315477,https://pan.baidu.com/s/1IqIclOR9Y43iFXllNCfXIg,https://cloud.189.cn/t/ER36Nvy2em63
W5018,216333,https://pan.baidu.com/s/181-bffOV-DHCsQxsI814YQ,https://cloud.189.cn/t/ZbUjaurQbaqe
W5019,325885,https://pan.baidu.com/s/1UQwI7ejTtWwYuFXwtmDLjg,https://cloud.189.cn/t/b6VvqiqiieYj
W5021,215222,https://pan.baidu.com/s/1IYq8yozh4VIfFFVErVy1KA,https://cloud.189.cn/t/nEFrYjnEvYza
W5023,325633,https://pan.baidu.com/s/1OXAJpPUJAYdLlbNhsIyZig,https://cloud.189.cn/t/a2aI3qI7rAJr
W5024,215522,https://pan.baidu.com/s/13GKcF4FTl0qIruKA8GUo7w,https://cloud.189.cn/t/meuMRb2yEFjm
W5025,255622,https://pan.baidu.com/s/1OEZnmx570ith5mkKGDGT2w,https://cloud.189.cn/t/U7j6RbnMF3ia
W5026,325633,https://pan.baidu.com/s/18Ca6TLmvzV_2ZEKb2s-lIA,https://cloud.189.cn/t/2mM7BbvY77fe
星球流浪者,326665,https://pan.baidu.com/s/11Lpa8sm_mYHusG2iD1aT2w,
小缇娜强袭龙堡：奇幻之地大冒险,633332,https://pan.baidu.com/s/1je4vkceqa3bmRh218u-ibw,https://cloud.189.cn/t/BB3aQfAVNnQb
星辰沙海,741557,https://pan.baidu.com/s/12op83fLXFSWSyFaChd0N8Q,https://cloud.189.cn/t/vyaQvqrUzm63
雪场大亨,365558,https://pan.baidu.com/s/1GPzVZ7qYY4UFHj7LuLppYQ,https://cloud.189.cn/t/muqUviEzMBJj
XP Girls,745587,https://pan.baidu.com/s/1I_NCm-SH5Ftzk_L6Ml3Y5Q,https://cloud.189.cn/t/N3mmMrIJZNfa
幸福弹丸论破S 超高中级的南国掷骰合宿,369583,https://pan.baidu.com/s/1WPqc2_-o15mYzyqKXmNGrg,https://cloud.189.cn/t/nymiqm7RFVvi
现实政治2,326555,https://pan.baidu.com/s/1qJkz49Np3cF0otopM15CZQ,https://cloud.189.cn/t/byAnuaQnmuUj
新星岛物语,254887,https://pan.baidu.com/s/11NM2PbopiPZwiOkHjLvVPA,https://cloud.189.cn/t/NRRnQfbEryAj
X3011,124556,https://pan.baidu.com/s/1P-mAgE3G_gbDNZKZ3Hf2gQ,https://cloud.189.cn/t/iANNz26Rfuma
X5001,365887,https://pan.baidu.com/s/12nl47psoG59ZTtF4Hu7I8A,https://cloud.189.cn/t/BbmUF3fiiI3e
X5012,253332,https://pan.baidu.com/s/1qM8iLl1ytncBmRTU4IEkMg,https://cloud.189.cn/t/rMVF3iyieErq
X5022,231000,https://pan.baidu.com/s/1F5twyGVPKIFiTPNQ0cjkzg,https://cloud.189.cn/t/77jiIfqYbqMv
X5023,326333,https://pan.baidu.com/s/1en41NxCnnYZonCchPYK1AQ,https://cloud.189.cn/t/NZJJvmBb26Nb
X5025,256999,https://pan.baidu.com/s/1NKELRCx6ZMDD94hqyPAnMA,https://cloud.189.cn/t/fUnYNjJnymei
X5027,652555,https://pan.baidu.com/s/1uGS2JsHAFybkoH-GOzrCbQ,https://cloud.189.cn/t/ieqqMjRRFBrm
X5029,325666,https://pan.baidu.com/s/1s3evg3zd34BHRYAFYAYoxw,https://cloud.189.cn/t/qEjIZb2eiYFv
X5031,215200,https://pan.baidu.com/s/1cq7gTo9w7v50l7Dh6f_s9A,https://cloud.189.cn/t/JZFVzajAzayy
X5032,325633,https://pan.baidu.com/s/1lMqIZg3zRkpo8Dc-0UIopQ,https://cloud.189.cn/t/NZJfyy67bQz2
X5034,652555,https://pan.baidu.com/s/14ZvTypcSDLbWK37sUXx6fw,https://cloud.189.cn/t/6vQNzqERBNrm
X5036,325002,https://pan.baidu.com/s/11keNuKMOsLLE4HiYJFsYbg,https://cloud.189.cn/t/UjiQFrENnM3u
X5039,658966,https://pan.baidu.com/s/1rvF-2hgWLtLa45dC9AsNVw,https://cloud.189.cn/t/n263UrU73uee
永生之境：吸血鬼战争,632544,https://pan.baidu.com/s/1E5hm1DGOPBHTT5vVMeWbog,https://cloud.189.cn/t/rAN3Ivf6byIf
野火,874554,https://pan.baidu.com/s/1XG5MzZ7W9TKlA-JKCAmOLg,
影廊,358965,https://pan.baidu.com/s/1Gxofxdk8FKlH8go61vXJKQ,
浴血黑帮：傀儡师,369996,https://pan.baidu.com/s/1yG0j26-3CPchl3sND9eegQ,
云端王国,362333,https://pan.baidu.com/s/1RW8Kf7_tgQiEHFb1SsVtrw,
永进,352141,https://pan.baidu.com/s/1juMJHkNjg7AFeDsU-jU1DQ,
永恒的王国 爱的诅咒,544522,https://pan.baidu.com/s/1lL5smGx16IlAC7pLlQIkFw,https://cloud.189.cn/t/ZVZVFvBfqIra
又一个黎明,,https://pan.baidu.com/s/1aTg5pwuLgbkyVsMEaDrEdA,
Y5005,326663,https://pan.baidu.com/s/1KP_5ZV5olemQMkIEXzYSLQ,https://cloud.189.cn/t/qyIb2ezmAb2y
Y5010,258999,https://pan.baidu.com/s/1pbtMEs6tDCRuM_51XBJzJQ,https://cloud.189.cn/t/rYjeiaEVbUJb
欲望理论 第三季,352661,https://pan.baidu.com/s/1vys28cF9Vcgf8emofKLfSw,https://cloud.189.cn/t/zUfI7jj6vuya
Y5020,256333,https://pan.baidu.com/s/17KzhHsY9eGaKKfZV8-kb1w,https://cloud.189.cn/t/Yf2YBfy6jqam
Y5027,652554,https://pan.baidu.com/s/1VuA9XDD2ItGX1SmTIZfyWA,https://cloud.189.cn/t/fM7nMbbQf263
Y5028,652555,https://pan.baidu.com/s/1LZdENtt9kZjDjSup0aNGQg,https://cloud.189.cn/t/ZVbaq2fuyEF3
Y5029,256332,https://pan.baidu.com/s/1eZnO6yPfzLtCaXTW8cJDDA,https://cloud.189.cn/t/jENzuuQveuIv
Y5030,562332,https://pan.baidu.com/s/1Y0M3mrPbo20UbIpIj_j0oQ,https://cloud.189.cn/t/EN7bQzA7zY7b
Y5031,215488,https://pan.baidu.com/s/1DMYIkkK5_wyRkoppJqpgBA,https://cloud.189.cn/t/rymUvuqimequ
Y5032,325865,https://pan.baidu.com/s/1fl5loPAYA4_OADmwKssECw,https://cloud.189.cn/t/RvIVzyeqmMje
Y5033,652222,https://pan.baidu.com/s/11zGGD06pN4e-haBHgJeykg,https://cloud.189.cn/t/3iue22ZNFNZj
Y5035,325666,https://pan.baidu.com/s/18a8sRTsFrkrpcvLm8M2HvQ,https://cloud.189.cn/t/6jaeMrNRZrQn
Y5037,215000,https://pan.baidu.com/s/1EAMBk7uoemDrRMc4u9mGzw,https://cloud.189.cn/t/UjEJNrquEVfu
Y5038,254111,https://pan.baidu.com/s/1DYrGbWZD-sF1HrtkGA4Z8A,https://cloud.189.cn/t/YFbaa2qaa2Er
Y5039,652555,https://pan.baidu.com/s/16aFW721-e5fTxbijS0CaIA,https://cloud.189.cn/t/raIZfareuYrm
Y5040,658222,https://pan.baidu.com/s/1gbDJqzCElGRMXZ_-YAdaow,https://cloud.189.cn/t/fAZBZ37nMnQn
Y5041,352011,https://pan.baidu.com/s/15_IcWd4Ap94yJSmOPgwmug,https://cloud.189.cn/t/i2aIvivaQB7f
Y5042,655215,https://pan.baidu.com/s/1Ks80uQFC-zYB1jHVC6IkrA,https://cloud.189.cn/t/QNZbYnQn2Evq
Y5046,,https://pan.baidu.com/s/1VLxcycHpssg3BJoSlTOQJQ,
中华一商,115447,https://pan.baidu.com/s/1K1fqFMLIGNXcNlLHHm_AvA,https://cloud.189.cn/t/7jMVfiIz22Uz
征服的荣耀：围城,378995,https://pan.baidu.com/s/1CU7HX7lLkMhzn5KXKI3CTA,
真实世界赛车,256665,https://pan.baidu.com/s/1Wju_4q_axN38D9a0MfQD-Q,
只有向上,215487,https://pan.baidu.com/s/17leMMQD4m2ekTid1z6tQiw,https://cloud.189.cn/t/vIFfqqv6Zb6f
镇魂学院,562154,https://pan.baidu.com/s/1YmNt8R-URgZPKb3H5c3ySA,https://cloud.189.cn/t/YzAJFrnuyYNv
自杀狂人,,https://pan.baidu.com/s/1Z-XMWxpncyWtGNxRiw9PJA,
Z3010,205514,https://pan.baidu.com/s/1wlNbQZGW7JqEiN1IqCrSww,https://cloud.189.cn/t/NFbAF3IZFnqi
Z5003,254448,https://pan.baidu.com/s/1F5A156sDDl6D3fqwmPvkfg,https://cloud.189.cn/t/IjqYnunqAfai
Z5005,254888,https://pan.baidu.com/s/1iHlqTFPdD1TZ9k33tTywwQ,https://cloud.189.cn/t/yURjQrYVZJNf
Z5006,256666,https://pan.baidu.com/s/10TrfOyGQcQTU87N3b9-GDw,https://cloud.189.cn/t/VnQJb2fMJryy
Z5007,326555,https://pan.baidu.com/s/1SXxmQIBC9AlK893WHfsSwg,https://cloud.189.cn/t/iYnmYb3aYNFb
Z5009,258774,https://pan.baidu.com/s/1rS1RmexEEvLFE_Zs6SchfQ,https://cloud.189.cn/t/i6FNn2INJvEv
Z5012,215477,https://pan.baidu.com/s/1BgxwiU4snqOLrkY0L-3ukw,https://cloud.189.cn/t/FnUZJz6FV3am
Z5020,215522,https://pan.baidu.com/s/1ScPi4M8vZ9z3EE6aRWFsVw,https://cloud.189.cn/t/6b63myzu6Nnm
不要一起喊,215455,https://pan.baidu.com/s/1mWsluxxQs1moPNOhouZNBQ,https://cloud.189.cn/t/aQV73irMvEre
车库翻新大师,655255,https://pan.baidu.com/s/1-piDthYS2JAFKHHMNwFSCQ,https://cloud.189.cn/t/UjqYB3ay2Ef2
C3012,215444,https://pan.baidu.com/s/1mgSMyJqH1wkrvpbQnWg5_g,https://cloud.189.cn/t/qUZ7j2nU3Eny
地球陨落,487596,https://pan.baidu.com/s/10HMJQyylO4y1pn7bwk5cTA,
环形帝国战术,215445,https://pan.baidu.com/s/1Dwb_uGaNy-_aMeDqQlPqzw,https://cloud.189.cn/t/nq2I7fnYreAb
N3003,254887,https://pan.baidu.com/s/1FOtpa-E0jq_UFSbyd2xtNg,https://cloud.189.cn/t/VJVvia7j2EBb
Stela,659887,https://pan.baidu.com/s/1fyYs53u4u-l9Oaa9rQWixg,
神探加杰特 疯狂时光派对,215888,https://pan.baidu.com/s/1InYyJXpTcoaa3YKR6SF_bQ,https://cloud.189.cn/t/MnQVNrnM3qiy
W3008,526666,https://pan.baidu.com/s/1iHWCR2nKjxWRQepB9ET38A,https://cloud.189.cn/t/m6bAJj3MfQNj
隐身英雄重制版,485744,https://pan.baidu.com/s/1Y62Ww8UHllr0Eb_ZnAZQTg,
自豪 美女全攻略,258775,https://cloud.189.cn/t/VnYjAv6NFfum,https://cloud.189.cn/t/VnYjAv6NFfum
C5020,320455,https://pan.baidu.com/s/1LaktoFgwlvmKdvR1HT3Xiw,https://cloud.189.cn/t/IbAjuenQZ7Vn
韩国轨道驾驶之旅 轻轨乌镇部,278994,https://pan.baidu.com/s/1hw0yb8KShG3RIXS9R7pRlQ,https://cloud.189.cn/t/YjIBZvq6VZVz
御姐玫瑰：起源,359748,https://pan.baidu.com/s/1c2J4XAK-xK_0lUuSJ07Crw,https://cloud.189.cn/t/JfQF7ruq6Zf2
C5027,652522,https://pan.baidu.com/s/1dKy0OEVYbEaIXikm7zFQqQ,https://cloud.189.cn/t/aaqIryU3qARr
局内人,357841,https://pan.baidu.com/s/1SFTLNhxPw7iVeDGsZUb60g,
W5022,321544,https://pan.baidu.com/s/1Q0M5h2QWAPcEQoPvv4j3AQ,https://cloud.189.cn/t/qMVbyyURR7Zr
Z5001,254447,https://pan.baidu.com/s/1aicUjkSmR1opkropa0m9dw,https://cloud.189.cn/t/7jEniuVfmUR3
变形金刚：战场,365784,https://pan.baidu.com/s/1ePaZVBU-ri_Ek5C6gSoizA,
波比的游戏时间,654668,https://pan.baidu.com/s/1y5Zg_PvBhEa6Y8-4iatyTw,https://cloud.189.cn/t/3eiA7b26Zbyq
B5001,325664,https://pan.baidu.com/s/13viJDPSlv-JrrFktm0y_Nw,https://cloud.189.cn/t/vmQnIzzQNNBz
炽热的雪,326665,https://pan.baidu.com/s/17CLWO_yoXkRg9HPtNE9ugQ,
C3020,325100,https://cloud.189.cn/t/bUBNZrqUre2i,https://cloud.189.cn/t/bUBNZrqUre2i
C5015,215633,https://pan.baidu.com/s/1Er-wyjKnrNoUJrrmjKxtEA,https://cloud.189.cn/t/Q7naAvIB73I3
C5018,542655,https://pan.baidu.com/s/1EATUd7AQDBM0mc4QbT9LXw,https://cloud.189.cn/t/nai6Bn6RRNVr
断线,258997,https://pan.baidu.com/s/1pyijAcMtLcxbnRRqHqdGiA,https://cloud.189.cn/t/VvQ3yqBjM3im
D5006,256664,https://pan.baidu.com/s/12JetLKUTO7Z3o-RgZv-l8g,https://cloud.189.cn/t/UFZrumZZfABf
D5024,956633,https://pan.baidu.com/s/1x2gjgURLNNCHzA8caIjTjA,https://cloud.189.cn/t/j2mUr2UVnUNj
E5004,215411,https://pan.baidu.com/s/1bEfyoNyxySFZ27h2d-mvsw,https://cloud.189.cn/t/nUV7BrjyYBVn
告诉我为什么,357887,https://pan.baidu.com/s/1aUC1iXyBYZx_3BMUN2pBag,https://cloud.189.cn/t/byA3UjNj2UZr
H5011,215488,https://pan.baidu.com/s/1vy5mMjfyMARN1geqHN3f_g,https://cloud.189.cn/t/yIjM7nq6VzQf
H5012,330012,https://pan.baidu.com/s/139SIMG33Vhva74r0nXY2yg,https://cloud.189.cn/t/QNrym2Yb2qAz
H5014,215489,https://pan.baidu.com/s/1eMwuibZkF9eILD4SIefYCw,https://cloud.189.cn/t/3QrMJrE7zmya
L5008,214777,https://pan.baidu.com/s/1_An9-p4dmBQlTjOMV-xFQw,https://cloud.189.cn/t/I73IbuQvY3Uz
L5018,215477,https://pan.baidu.com/s/1vrm1IA0NXQLALoYEsRJNtw,https://cloud.189.cn/t/uYVnmu36fu6b
L5021,352166,https://pan.baidu.com/s/1xukGs3lEMx11SSnzzBl_3g,https://cloud.189.cn/t/vErA3uYbeuua
L5028,651485,https://pan.baidu.com/s/1uMVQ1r0cimvnsJTf6vHFQQ,https://cloud.189.cn/t/YJrEravUbiUr
L5031,215877,https://pan.baidu.com/s/1I9ZyQTyS1RWe9X_5QlsONA,https://cloud.189.cn/t/6JBne2j6nEba
灭火先锋 网络联机版,748579,https://pan.baidu.com/s/1Gs0kyE58bEeI001662ILoA,
灭火先锋,658999,https://pan.baidu.com/s/1DPjAE7fgxXB6DfFjgg9B3w,
Maquette,256441,https://pan.baidu.com/s/13oSyhJS-5LejvdCNXXjr0A,
M5012,256332,https://pan.baidu.com/s/1KlPVaxWiSbqCLG7VDkEgmQ,https://cloud.189.cn/t/JzYVF3QbmI7j
M5023,214778,https://pan.baidu.com/s/18ULCGRV-3sCOfI5MiF5ofQ,https://cloud.189.cn/t/QJnequFRbi2u
M5031,256988,https://pan.baidu.com/s/1X4eHVzUhSr85RvI0S74OJg,https://cloud.189.cn/t/EbieIjqyyyA3
QV,852147,https://pan.baidu.com/s/1f_1w_YpZ6BHDnjGqK2SKew,https://cloud.189.cn/t/yaYfUrYZVJJb
私人订制 我的专属韩国女团,654222,https://pan.baidu.com/s/1jnvXuGoK36cgsYaW0vYpiQ,https://cloud.189.cn/t/jiYjIjfEFvAv
S5031,215622,https://pan.baidu.com/s/1wuHwgJKrCeQPyz6U64xfTA,https://cloud.189.cn/t/aIfuQnfARzau
Towaga：暗影之中,321478,https://pan.baidu.com/s/12bk1RGe69Ud4TOhbBG0rBQ,https://cloud.189.cn/t/riiIzum2q2em
T3023,325666,https://pan.baidu.com/s/1pdxa8PjvJbBVtDhPBQoUqw,https://cloud.189.cn/t/jEb2Yjei6Rnu
瘟疫：王国战争,336223,https://pan.baidu.com/s/17XhGIQ75ciJCoY3_v1EYWw,https://cloud.189.cn/t/If2EfufuYBny
血根,658777,https://pan.baidu.com/s/1eVUDhHy1CiZtZkWcjKDnrA,
邪恶之下,659999,https://pan.baidu.com/s/1JuyjJuq8bic7VAwyRmjONg,https://cloud.189.cn/t/Jbeu6zeuU73q
Y5026,325411,https://pan.baidu.com/s/1PyMYcx4OqOXsB3nCOszx_A,https://cloud.189.cn/t/j2Y3Mjqay2mi
装甲冲突3,365221,https://pan.baidu.com/s/1_5AV6R-sdh6Z1nFkVKwiLg,
珍妮的线索：小侦探,658779,https://pan.baidu.com/s/1N3vQj6f5vxb-MtNZCoyjhg,
在地下城寻求邂逅是否搞错了什么：无限战斗,325887,https://pan.baidu.com/s/19NWIQB-f5ydQ8Wb_Bq7faA,
这有一个梦,256644,https://pan.baidu.com/s/19I2X5ZnQ68Cz7mlIlTcapg,
猪仔,521447,https://pan.baidu.com/s/1Hv6BJkWWZG-RIZqAYvqVkw,https://cloud.189.cn/t/eQBFfeArIZve
Z5011,254888,https://pan.baidu.com/s/1GyxlBVC8xhMjxB-mIZuMZw,https://cloud.189.cn/t/aeyYzqRfymUv
F1 22,859689,https://pan.baidu.com/s/1374nTA-pCKBejrwQ8m2W2Q,https://cloud.189.cn/t/rMzQJjVJb67r
赛车计划2,254888,https://pan.baidu.com/s/1dT-eaHCQX0_2_-an1QFH4Q,https://cloud.189.cn/t/rERra2eYZzaa
Y3006,598887,https://pan.baidu.com/s/10OkGjc_DAKEYbEO0hAViKQ,https://cloud.189.cn/t/qyUFFrIRr6Jv
D5026,325855,https://pan.baidu.com/s/1vjzom8GgLtQdFwb9G0xDrg,https://cloud.189.cn/t/nqymmaiUzYNf
地下机甲格斗,,https://pan.baidu.com/s/1g4hyPj8jHXOHqX4eanLx5w,https://cloud.189.cn/t/2UZJnmBfUz2u
大步走,,https://pan.baidu.com/s/1Sz_lW8YyHxUHU27GJufWww,https://cloud.189.cn/t/6F3m2uvY3mi2
孤岛惊魂3,,https://pan.baidu.com/s/1WGSE8DgCOZIJ_PAOFcXKQw,https://cloud.189.cn/t/Nn6JR3yuEbuy
亰都幻都 樱花幻舞,,https://pan.baidu.com/s/1LD74dCMukYId-1zghSjCbg,https://cloud.189.cn/t/nANNnaBBb26v
迷你舒适房间：Lo-Fi,,https://pan.baidu.com/s/1aPGLdNIOrIaKv4fRZ1Yusw,https://cloud.189.cn/t/iiaemmbuyAJv
命运守护者,,https://pan.baidu.com/s/1THFA2iC7vDU6XlTbkQ5yYg,https://cloud.189.cn/t/ZBFjM3Vv6bue
漫漫长路 沙巫之旅,,https://pan.baidu.com/s/1v2RB-Ue7NhRMJFUOIgB4mA,https://cloud.189.cn/t/6Fv6ZnMNzeMj
漫威斗魂,,https://pan.baidu.com/s/1p2Bz66awSD5KutiX_pa3mA,https://cloud.189.cn/t/RvqMjiqYVjYn
猫猫邮局,,https://pan.baidu.com/s/1YNh-23lCS6d_2LqVVw0p3Q,https://cloud.189.cn/t/7VRBZnYFRrQf
迷魅狩猎,,https://pan.baidu.com/s/15erzzDdlPheyOJWG_c7afg,https://cloud.189.cn/t/nqYFVfbUrUJr
OHV,,https://pan.baidu.com/s/1SJl_HhmKqybIA_fQAoIC0Q,https://cloud.189.cn/t/m6ZrumABbmei
枪法模拟器,,https://pan.baidu.com/s/1TTuigY58hopKLqZRZ5IJrQ,https://cloud.189.cn/t/Q7Vfyena6Nra
太阳朋克：浮岛家园,,https://pan.baidu.com/s/1Tdgue1a3vvo5YagVP80ZAA,https://cloud.189.cn/t/36zqa27RZrEr
寻日之旅,"=""03885171""",https://pan.baidu.com/s/1EGYkBORKMzcgwgJ858uuQA,https://cloud.189.cn/t/JnqYJfqeAv6n
渔力全开,,https://pan.baidu.com/s/1VOVa90EisU0StTEgrmIucA,https://cloud.189.cn/t/AR7rMfe26ny2
灾厄浩劫,,https://pan.baidu.com/s/1H8aG1mmdV2QaxCa5AJ65LQ,https://cloud.189.cn/t/V3AbYbIjIz2m
AdobePhotoshop/Ps,256666,https://pan.baidu.com/s/1rGjymAqXg2qybvGuZP97fw,https://cloud.189.cn/t/vuY7bqZf6fUz
阿甘正传,215887,https://pan.baidu.com/s/1xujbhtrOTvp4AHydaOQsUg,https://cloud.189.cn/t/I7Jn2iQf6fuu
AdobeAfterEffects/Ae,365552,https://pan.baidu.com/s/1rAzg7hhyQMEhTHxBPgE1bw,https://cloud.189.cn/t/7ZFr2q7zaeYf
AdobePremierePro/Pr,365223,https://pan.baidu.com/s/1ncDAPq3NuvxhlfjgV8rF1A,https://cloud.189.cn/t/zQf6Fr7fmiMv
AdobeIllustrator/Ai,326666,https://pan.baidu.com/s/1gPu7QVCB16_IWsZdil5GKw,https://cloud.189.cn/t/uqm6NnzERnay
AdobePhotoshopLightroom/Lr,487555,https://pan.baidu.com/s/1l_B7ZW2bylqAy7wRg7s4NA,https://cloud.189.cn/t/RjeyIfEJriy2
超体,236666,https://pan.baidu.com/s/1477FUDwlM5ptJWTeelZbLw,https://cloud.189.cn/t/3YN7rqJfauM3
C4D合集,215447,https://pan.baidu.com/s/1CtX9pMKeH0wK6y-_Hd4HjA,https://cloud.189.cn/t/zQnYVveEBJ3m
CAD合集,365444,https://pan.baidu.com/s/1oHfRJcdDFpmlQhhWpqeQjA,https://cloud.189.cn/t/m22uAfaIz2em
地球脉动合集,366665,https://pan.baidu.com/s/11nwwnKYLNLfWGWGMY9LjAw,https://cloud.189.cn/t/EFZF73BNNRJr
盗梦空间,574444,https://pan.baidu.com/s/1vZ349yfy27BPXPTuzj8W2Q,https://cloud.189.cn/t/yIjquuMv2Qfm
宫崎骏动漫合集,235487,https://pan.baidu.com/s/1v3BlpeQc2kwtZCeXLa6KIw,https://cloud.189.cn/t/aIfqAnMZbqQj
宫崎骏.千与千寻/神隐少女/千与千寻的神隐,356448,https://pan.baidu.com/s/1dCZbm8XFuF46iedqFCF5Kw,https://cloud.189.cn/t/JB3EJnvaiiee
关于我转生变成史莱姆这档事 前二季,566669,https://pan.baidu.com/s/1wnrPs72_8leHvRiKPBdRvQ,https://cloud.189.cn/t/AruqYjVfEZJf
鬼灭之刃/鬼滅の刃/灭鬼之刃/鬼灭之刃 灶门炭治郎 立志篇,365887,https://pan.baidu.com/s/1xnI5XDMWZbVBFQLCAmdDSQ,https://cloud.189.cn/t/7RvArafqM322
鬼灭之刃 无限列车篇,587774,https://pan.baidu.com/s/19MwGBZ3qUnznsx4Xtu6Zbw,https://cloud.189.cn/t/fUfIzyzI32iy
鬼灭之刃 游郭篇,254448,https://pan.baidu.com/s/1dLdby1OQuoQi3g-fngw9IA,https://cloud.189.cn/t/MnumQrQ3YFFz
哥斯拉 合集,562221,https://pan.baidu.com/s/1u3IklSOQAwNfHl0wykvhlg,https://cloud.189.cn/t/ZZ3q2ajmAJrm
哈利.波特八部曲/哈利波特1-8合集,325448,https://pan.baidu.com/s/1qSe8ENBV6iYTy1p8Ee3OVg,https://cloud.189.cn/t/bEJrQfrAbYFn
寄生兽：生命的准则,587445,https://pan.baidu.com/s/1KI-8buZi6yw_cVy3W0hkJA,https://cloud.189.cn/t/fAjANzYVjINn
龙珠超,659998,https://pan.baidu.com/s/1S4ANHwRVQbixuGJECjS9ng,https://cloud.189.cn/t/ZvmYRzJ3QnEn
龙珠 合集,564887,https://pan.baidu.com/s/1LIidiL9nLbXaip5GGtk5zw,https://cloud.189.cn/t/UzEVf2vqIRre
蓝色星球2/蓝色星球II/蓝色星球第二季,258877,https://pan.baidu.com/s/1Mwo1wLFCyetALg3NGWuu1A,https://cloud.189.cn/t/ZRVFRzaEr6fi
漫威.钢铁侠1-3,487778,https://pan.baidu.com/s/1Y1sSn2XNAxzMxz-oA7YYSg,https://cloud.189.cn/t/ErIrAn7jmAFn
漫威.银河护卫队1-2,587774,https://pan.baidu.com/s/11ZmdAksMX73GbvPL1SKyKg,https://cloud.189.cn/t/eeAZJfARFBRj
漫威.奇异博士2：疯狂多元宇宙,569887,https://cloud.189.cn/t/AVZfYrqyeUVz,https://cloud.189.cn/t/AVZfYrqyeUVz
漫威.蜘蛛侠1-3,569998,https://pan.baidu.com/s/1IadR61wpeEoYNNJfq0vibw,https://cloud.189.cn/t/6faYfqQn6BRz
漫威.超凡蜘蛛侠1-2,256666,https://pan.baidu.com/s/1kBBwwBYci7DN4jGskgn7Bg,https://cloud.189.cn/t/rqi2qmmIzQvq
漫威.黑豹合集,326665,https://pan.baidu.com/s/1KxDQHgsVlxYIF9ZN_Ahw_w,https://cloud.189.cn/t/vAfeeaV3qUBz
漫威.雷神合集,326665,https://pan.baidu.com/s/11KyaDwXc_xfqcLC0p3BbLg,https://cloud.189.cn/t/VruIziU3AbYb
曼达洛人 合集,"=""021447""",https://pan.baidu.com/s/1L2_ediRT-igDUM1D9fIZzw,https://cloud.189.cn/t/mi2eeeZ3iIzi
Overlord不死者之王 合集,256444,https://pan.baidu.com/s/1xWnsoKSNgQ9DlDuSIYMXNQ,https://cloud.189.cn/t/Y3eEvqquauQj
权力的游戏全八季/冰与火之歌全八季,365998,https://pan.baidu.com/s/1fbOunp0bWJVt1VOMBhM_mw,https://cloud.189.cn/t/2ayY736FJjQn
速度与激情合集/速度与激情1-9,256666,https://pan.baidu.com/s/1osIfjZz9fU7jxk-P_6kWBQ,https://cloud.189.cn/t/nai2m2nyIb6n
3dMax合集/3dsMAX/3DStudioMax,215558,https://pan.baidu.com/s/1ZbB7eSjnml_smq34M0Ll0A,https://cloud.189.cn/t/nuaEf2EBVRFf
完美星球,365558,https://pan.baidu.com/s/1x0J-T2PL8KaoPSpbW6wc_A,https://cloud.189.cn/t/MjArYneAJree
星际穿越/星际空间/星际之间,659999,https://pan.baidu.com/s/1wkt10HTxqmb_jovtrTLdDA,https://cloud.189.cn/t/Y77veeyYR7vi
星球大战合集,658889,https://pan.baidu.com/s/1zCs3LJ0P-WDCfW0sTUtY2A,https://cloud.189.cn/t/zIRZnab22mmi
X战警 合集,326665,https://pan.baidu.com/s/1NHL9uQX1tjVSEHuzOpaKAg,https://cloud.189.cn/t/uaA36zUZb6n2
一拳超人 前二季,659998,https://pan.baidu.com/s/1VLrFegrC6E0eSPH2VSQ-wg,https://cloud.189.cn/t/MzMRRvIfUFbi
侏罗纪公园和侏罗纪世界,326665,https://pan.baidu.com/s/1ze0POg8pL97qncJGK8Mm1w,https://cloud.189.cn/t/vIviYrfiiAnm
终结者 合集,659999,https://pan.baidu.com/s/1jKbH5kgATr0eAc4M-ud80g,https://cloud.189.cn/t/2UZjemuaAVRj
指环王和霍比特人,326665,https://pan.baidu.com/s/18SKHrf2fAR5rQ38exFYfCg,https://cloud.189.cn/t/biEB3mR3eaYj
周星驰电影合集,256665,https://pan.baidu.com/s/1T6npsl5UafRZjnPG0uCpkA,https://cloud.189.cn/t/nUZbAb2u2iey
爱 死亡和机器人 合集,356666,https://pan.baidu.com/s/1uIVRZSvTRcXKGLKQNgH8Kw,https://cloud.189.cn/t/VNRZzqZZZZJz
爆裂鼓手/鼓动真我/进击的鼓手/鼓动人生/鞭打,365998,https://pan.baidu.com/s/1HOUSybzTQQQz_bMZ7WdRXQ,https://cloud.189.cn/t/FvU7jqrINFza
东京食尸鬼 前四季/東京喰種1~4季,254887,https://pan.baidu.com/s/1RXMKMtxWq5JryAYc6ltohw,https://cloud.189.cn/t/RBVnEzJVFRnq
谍影重重1-5,356666,https://pan.baidu.com/s/1qQim8Pt8FG6T1Kh1aIAhYw,https://cloud.189.cn/t/J7baeqqIJba2
地狱男爵 前三部/地狱男爵2黄金军团/地狱男爵3血皇后崛起,569998,https://pan.baidu.com/s/1SHceLxDuRU16qnVQ2K7Rzw,https://cloud.189.cn/t/FFvyQjjuqARr
功夫,652444,https://pan.baidu.com/s/1Ihwdrx8M4XT6jCeXgX9D_A,
漫威.旺达幻视/旺达与幻视,548877,https://pan.baidu.com/s/1csS83BgzBva6u9CZjxYqlQ,https://cloud.189.cn/t/mYRRFnFrIrUr
Re从零开始的异世界生活 合集,258887,https://pan.baidu.com/s/12vkiXEf2jBlKlqjvyiR9AA,https://cloud.189.cn/t/zMzeMr7rQjm2
小丑,326655,https://pan.baidu.com/s/1TiqQE3OZXLvWIO8xKSlNnw,
1917逆战救兵/一九一七,215447,https://pan.baidu.com/s/1kWD9RHq5LjOcvRfLjE_jqQ,https://cloud.189.cn/t/zyY7RbeMjYJf
最后生还者,587774,https://pan.baidu.com/s/1LD4j8GrPP2Q6rOe2yqKtMQ,https://cloud.189.cn/t/mY7VbaAJnAvu
阿丽塔：战斗天使,263554,https://pan.baidu.com/s/18rIEjQJtVP7DdcUlk2Z1MA,
阿凡达 水之道,215441,https://pan.baidu.com/s/18NxCU_fUxmYqJg0Cva57RQ,
冰雪奇缘2+1/冰雪大冒险,356448,https://pan.baidu.com/s/1jak5SsoM2sYqq4HqTTOZZg,https://cloud.189.cn/t/2yu222MnqQve
哆啦A梦：伴我同行,326995,https://pan.baidu.com/s/1_2OL0wDipf3lGNigLjA14Q,https://cloud.189.cn/t/QvqiAbmmem2m
电锯惊魂合集,255558,https://pan.baidu.com/s/1Z2jlFf9OOGGD8UiBf8u7IA,https://cloud.189.cn/t/nAJJVbARfy2y
DC.新蝙蝠侠,568887,https://pan.baidu.com/s/1J5jsL3QD6LzmyT2K_QCSYg,
怪物之子,365552,https://pan.baidu.com/s/1cd8QQA3WVAqHzlWakLWhzQ,https://cloud.189.cn/t/r2qqqqMNF32e
国王排名,201114,https://pan.baidu.com/s/1ltGD4c1g95Zj8TUQYCFnwg,https://cloud.189.cn/t/m6fYVfje6jmu
怪奇物语 前四季,524558,https://pan.baidu.com/s/1E6jiUrcu1Pjdr7hmfvZ3Hw,https://cloud.189.cn/t/vaiQj2EnAvum
黑社会的超能力女儿,326665,https://pan.baidu.com/s/17qv6VSS05mm9mPZxCGxGiw,https://cloud.189.cn/t/aAjIBjBb6BJb
后翼弃兵/女王的棋局/女王的开局,365666,https://pan.baidu.com/s/1vDnh4Zs4_6N72T-byl3Spw,https://cloud.189.cn/t/m2MviyAfeyai
进击的巨人合集,587774,https://pan.baidu.com/s/1KmPaK9xNN1GULxPcpK8oVw,https://cloud.189.cn/t/jQnAzuIrQjAb
浪客剑心合集,365558,https://pan.baidu.com/s/1d2oCOCVN5ckUiD0UDtiicA,https://cloud.189.cn/t/jUBBRrRv6Vrq
林正英电影合集,541887,https://pan.baidu.com/s/1BLp0X4olmhmBFqgf3faKNw,https://cloud.189.cn/t/qmUrQbzIrYNr
猎魔人 全季,254887,https://pan.baidu.com/s/1wSpDn11dtslvrjmt4zgeHQ,https://cloud.189.cn/t/vAVfiuFNrYzy
漫威.暗夜博士：莫比亚斯,254887,https://pan.baidu.com/s/1EXtIti84Z8AvStWx9-cENQ,https://cloud.189.cn/t/qU3QbeIvMJ3u
魔女1-2,254666,https://pan.baidu.com/s/1xJzzSZdqSXMmEJUhSd0pGw,https://cloud.189.cn/t/EBNz6vmaaeQj
漫威.月光骑士,365448,https://pan.baidu.com/s/14Fls4rWeMs_lvWhAqOQd4A,https://cloud.189.cn/t/2UR7feayeIJb
漫威.洛基 第一季/洛奇/洛基传/Loki,365221,https://pan.baidu.com/s/1lnKoR50x7AsumtWfx94k6g,https://cloud.189.cn/t/Nb6b6ruqUBVr
暮光之城合集,326447,https://pan.baidu.com/s/1Ooo7-c1j-N1-29raEWi8Og,https://cloud.189.cn/t/6NF7zqFnqaUr
你的名字,352664,https://pan.baidu.com/s/1IFLqbd5DU8jec3cqmTa4MA,https://cloud.189.cn/t/zmemMvYrmQfe
你想活出怎样的人生,254111,https://pan.baidu.com/s/1MlWsfGcmDp-3q9AuAXnTzA,
普罗米修斯/异形前传,362548,https://pan.baidu.com/s/1oCVDDZsW15Rh12uFpvDXtw,https://cloud.189.cn/t/viQ3Mn7nimAz
普罗米修斯2/异形契约,326665,https://pan.baidu.com/s/1qkx3RzaXY6_XlQnrt18iWA,https://cloud.189.cn/t/aaqiAn2qmmee
人生切割术 第一季/遣散费/离职/生活割离术,258774,https://pan.baidu.com/s/1jLvLd8IbR138jEddZRMhlQ,https://cloud.189.cn/t/r2eYbumEv6nq
杀戮都市O,365222,https://pan.baidu.com/s/1QNxnabNfvagBZhPOfYQKGw,https://cloud.189.cn/t/QjYZJb2IveIv
少女终末旅行,569998,https://pan.baidu.com/s/1KyJ5WcYHSkTQZWQtqNtgfg,https://cloud.189.cn/t/j6vQjmINBrii
死神来了合集,236666,https://pan.baidu.com/s/169Nz5FHMAxyy3EcuvQmg4Q,https://cloud.189.cn/t/yuQR7brE7FBv
瞬息全宇宙/妈的多重宇宙/奇异女侠玩救宇宙/全部世界同时一切/瞬息各处所有/天马行空,236558,https://pan.baidu.com/s/17A6W_Qk4Q_Or4EawiAoAuQ,https://cloud.189.cn/t/UjQBJrriq6N3
天气之子,326665,https://pan.baidu.com/s/1f_2fuX3kbGni62rtNaTTXA,https://cloud.189.cn/t/UFVJ3uBfmqiu
铁臂阿童木,259998,https://pan.baidu.com/s/1kOzTTuNTcgo1syLak807Fg,https://cloud.189.cn/t/YfQNve3Ija6z
WinRAR去广告版,366669,https://pan.baidu.com/s/1QegKYUQ1qR3YVKS-Z4Xqcw,https://cloud.189.cn/t/bYjIFj7ZJVzi
夏日重现,232225,https://pan.baidu.com/s/16M8AvLJpMwrtiGmBm6oVtg,https://cloud.189.cn/t/AvA3emQRbyQr
言叶之庭/言语之庭/语言之庭,587774,https://pan.baidu.com/s/1Hy3KuVPMPeIxzQdiunVnlQ,https://cloud.189.cn/t/Er2eYbV3QB7f
异形 合集,659998,https://pan.baidu.com/s/1zi8OGNeoIkmnsSTJ3ztSEg,https://cloud.189.cn/t/aa263qeQbE3a
银翼杀手 合集,587774,https://cloud.189.cn/t/MfQZjynIzIFn,https://cloud.189.cn/t/MfQZjynIzIFn
越狱 合集,587449,https://pan.baidu.com/s/1vfqu11NyxwYTeiM7XojGMw,https://cloud.189.cn/t/M3QnAvF7fYNz
双斩少女/斩服少女,215554,https://pan.baidu.com/s/1YobW4Y3Qwqlc7OHgmLoz-A,https://cloud.189.cn/t/bQfmM3fQzi2i
咒术回战 合集,569887,https://pan.baidu.com/s/1aQ1lQ3HRkk8ejM-Zss588Q,https://cloud.189.cn/t/JjIvEbyaQBNn
不管我怎么去想我不受欢迎这件事都是你们的错/丧女,658887,https://pan.baidu.com/s/1mrUXZKwNiZjfYEoiWskbbw,https://cloud.189.cn/t/AJrmyiFviiEr
哥斯拉大战金刚2 帝国崛起,653211,https://pan.baidu.com/s/11ccBSOH7JHLpygei1KdV-Q,
光环 第一季,548887,https://pan.baidu.com/s/1vxRXJBAym_QFPObDYphzFw,
圣斗士星矢：圣域传说,365559,https://pan.baidu.com/s/15RkE_tIyu0wscFunPnfxcg,https://cloud.189.cn/t/NvqaqivuQvqe
神秘海域,548887,https://pan.baidu.com/s/12pzsCUdOL6Mt_Ijrv1X2SQ,https://cloud.189.cn/t/6fYvUbiQJnEr
沙丘,365889,https://pan.baidu.com/s/1lwOm6hwJl0sfjx8lU9Rb2Q,https://cloud.189.cn/t/IJrEJvNf2Qnu
勇者斗恶龙：你的故事,326555,https://pan.baidu.com/s/1b68jOZMW8TSXlRg7mRG9wg,https://cloud.189.cn/t/u2AZjajEzYFv
最终幻想15：王者之剑,356892,https://pan.baidu.com/s/1d3wl7nwN6efhPypGfXkGmQ,https://cloud.189.cn/t/r6nYbiJN3Ibi
紫罗兰永恒花园,588887,https://pan.baidu.com/s/1LToYOs0ytRjC7J4rbY_EUA,https://cloud.189.cn/t/bAfmi2Fb2uEr
指环王 力量之戒 合集,215554,https://pan.baidu.com/s/1XvJaBGXMsRGQ0VUfgj9LHg,https://cloud.189.cn/t/BJFruam67Zje
2345看图王去广告版,569999,https://pan.baidu.com/s/1yczI93O-_a2xZNCLdV1slw,https://cloud.189.cn/t/nABvqaFBnYNj
EndNote 合集,652111,https://pan.baidu.com/s/1F5FZHJ03_yPtrhsKeMkdWA,https://cloud.189.cn/t/VrYfYb6jmi6v
古墓丽影：源起之战,569887,https://pan.baidu.com/s/1FPYZRQQGEUnXAZ12Isildg,https://cloud.189.cn/t/yMfy6r322mEv
关灯以后/熄灯/关灯后,无需,https://pan.baidu.com/s/1JHOecRLV7E2D_dyc8GpCuQ,
黑亚当,254887,https://pan.baidu.com/s/1efIwOvdx8V4sMmTLZHyXuw,https://cloud.189.cn/t/qQn2UvvqYFJ3
黑寡妇,352155,https://pan.baidu.com/s/17bYZ7_mCYxJs12rSWJsUPg,
僵尸世界大战World War Z,无需,https://pan.baidu.com/s/1u5cC-_GfYGurfuBJl_Jd-g,
寂静之地,无需,https://pan.baidu.com/s/1nai3lQ87AaC3vPuVsQKMfw,
明日世界,无需,https://pan.baidu.com/s/1JMhiZS76DIUjwTo-DKfWjQ,
Matlab 合集,100000,https://pan.baidu.com/s/1fBhtFrthq_N0_kO1ew76lg,https://cloud.189.cn/t/VNBjqqBnyQni
Procreate零基教程/Procreate插画教程iPad手绘画零基础自学系统视频教课程,254669,https://pan.baidu.com/s/1ib1tpZ1hj5EmcVfiPNAZxg,https://cloud.189.cn/t/2aqqe2zUfqYn
Procreate人像厚涂系统教程/Procreate插画教程ipad人像厚涂手绘视频系统课程,254877,https://pan.baidu.com/s/1KdmxC16W65onQFUaIb0jWA,https://cloud.189.cn/t/ZrqY7juAnu2i
Sketchup草图大师,214556,https://pan.baidu.com/s/1zjhps9ldZK3dds0Q8GN_Ug,https://cloud.189.cn/t/MzIFjm6reMra
头号玩家,无需,https://pan.baidu.com/s/1oMdUEc3KEXV7CZ7VQH19tA,
Win10杀毒卸载工具,123456,https://pan.baidu.com/s/1j1BiBKczIZ1C4ohwkLeVXA,https://cloud.189.cn/t/u6VbaueiIZru
